cuenta_id_legacy;empresa_id_legacy;codigo_legacy;nombre_legacy;concepto_canonico;preferida
1;1;999;VENTAS;VENTAS;0
2;1;1000;COMPRAS AL COSTO;COMPRAS AL COSTO;1
3;1;1001;CONBUSTIBLES;CONBUSTIBLES;1
4;1;1002;COMICION DE TARJETAS;COMICION DE TARJETAS;1
5;1;1003;HONORARIOS PROFEZIONALES;HONORARIOS PROFESIONALES;1
6;1;1004;COMBUSTIBLES Y LUBRICANTES;COMBUSTIBLES Y LUBRICANTES;0
7;1;1006;ALQUILER DE PROPIEDAD;ALQUILER DE PROPIEDAD;1
8;1;1005;ENERGIA, GAS, AGUA;ENERGIA, GAS, AGUA;1
9;1;1007;TV, TELEFONIA, COMUNICACIONES;TV, TELEFONIA, COMUNICACIONES;1
10;2;999;VENTAS;VENTAS;0
11;2;1000;COMPRAS AL COSTO;COMPRAS AL COSTO;1
12;2;1001;CONBUSTIBLES;CONBUSTIBLES;1
13;2;1002;COMICION DE TARJETAS;COMICION DE TARJETAS;1
14;2;1003;HONORARIOS PROFEZIONALES;HONORARIOS PROFESIONALES;1
15;2;1004;COMBUSTIBLES Y LUBRICANTES;COMBUSTIBLES Y LUBRICANTES;0
16;2;1006;ALQUILER DE PROPIEDAD;ALQUILER DE PROPIEDAD;1
17;2;1005;ENERGIA, GAS, AGUA;ENERGIA, GAS, AGUA;1
18;2;1007;TV, TELEFONIA, COMUNICACIONES;TV, TELEFONIA, COMUNICACIONES;1
21;3;999;VENTAS;VENTAS;0
22;3;1000;COMPRAS;COMPRAS;0
23;3;1001;GASTOS GENERALES;GASTOS GENERALES;0
24;3;1002;COMBUSTIBLES Y LUBRICANTES;COMBUSTIBLES Y LUBRICANTES;0
25;3;1003;ENERGIA ELECTRICA - SERV;ENERGIA ELECTRICA - SERV;1
26;3;1004;IMPRENTA Y PAPELERIA;LIBRERIA Y PAPELERIA;0
27;3;1006;AGUA - SERV;AGUA - SERV;1
28;3;1005;TELECOMUNIACIONES - SERV;TELECOMUNIACIONES - SERV;1
29;3;1007;GAS - SERV;GAS - SERV;1
30;1;1008;LOGISTICA Y FLETES;LOGISTICA Y FLETES;1
31;1;1009;GASTOS GENERALES;GASTOS GENERALES;0
32;3;1008;FLETES Y ACARREOS;FLETES Y CORREO;1
33;1;1010;BIENES DE USO;RODADOS - BIENES DE USO;0
34;3;1009;HONORARIOS PROFESIONALES;HONORARIOS PROFESIONALES;0
35;3;2000;Ventas;VENTAS;1
36;3;2001;Compras;COMPRAS;1
45;3;2007;Honorarios Profesionales;HONORARIOS PROFESIONALES;1
47;3;2011;Gastos Generales;GASTOS GENERALES;1
48;3;2006;Imprenta y Papeleria;LIBRERIA Y PAPELERIA;1
49;3;2003;Combustibles y Lubricantes;COMBUSTIBLES Y LUBRICANTES;1
50;3;2002;Comisión de Tarjetas de Creditos;COMISION TARJETAS DE CREDITO;1
51;1;2000;Ventas;VENTAS;1
52;1;2001;Compras;COMPRAS;1
53;1;2005;Servicios Publicos y Tasas Municipales;SERVICIOS PUBLICOS Y TASAS MUNICIPALES;1
54;1;2013;Muebles y Utiles (Bs de uso);MUEBLES Y UTILES - BIENES DE USO;1
55;1;2018;Maquinarias. Gastos de mantenimiento;MAQUINARIA - GASTOS DE MANTENIMIENTO;1
56;1;2011;Gastos Generales;GASTOS GENERALES;1
57;1;2016;Rodados. Gatos de mantenimiento;RODADOS - GASTOS DE MANTENIMIENTO;1
58;1;2008;Alquileres Pagados;ALQUILERES PAGADOS;1
59;1;2003;Combustibles y Lubricantes;COMBUSTIBLES Y LUBRICANTES;1
60;1;2017;Muebles y utiles. Gastos de mantenimiento;MUEBLES Y UTILES - GASTOS DE MANTENIMIENTO;1
61;1;2002;Comisión de Taretas de Creditos;COMISION TARJETAS DE CREDITO;1
62;2;2000;Ventas;VENTAS;1
63;2;2001;Compras;COMPRAS;1
64;2;2011;Gastos Generales;GASTOS GENERALES;1
65;2;2003;Combustibles y Lubricantes;COMBUSTIBLES Y LUBRICANTES;1
66;2;2002;Comisión de Tarjetas de Créditos;COMISION TARJETAS DE CREDITO;1
67;3;2017;Gastos de Mantenimiento de Muebles y Utiles;GASTOS DE MANTENIMIENTO DE MUEBLES Y UTILES;1
68;1;2012;Rodados, Bien de Uso;RODADOS - BIENES DE USO;1
69;1;2004;Fletes y Acarreos;FLETES Y CORREO;1
70;3;2013;Muebles y Utiles. Bien de Uso;MUEBLES Y UTILES - BIENES DE USO;1
84;2;2017;Muebles y Útiles. Gastos de Mantenimiento;MUEBLES Y UTILES - GASTOS DE MANTENIMIENTO;1
85;3;2005;Servicios Públicos y Tasas Municipales;SERVICIOS PUBLICOS Y TASAS MUNICIPALES;1
87;2;2016;Rodados. Gastos de Mantenimiento;RODADOS - GASTOS DE MANTENIMIENTO;1
107;4;4000;VENTAS;VENTAS;1
108;4;5000;COMPRAS;COMPRAS;1
109;4;5001;COMISION TARJETAS DE CREDITO;COMISION TARJETAS DE CREDITO;1
110;4;5002;COMBUSTIBLES Y LUBRICANTES;COMBUSTIBLES Y LUBRICANTES;1
111;4;5003;FLETES Y CORREO;FLETES Y CORREO;1
112;4;5005;LIBRERIA Y PAPELERIA;LIBRERIA Y PAPELERIA;1
113;4;5006;HONORARIOS PROFESIONALES;HONORARIOS PROFESIONALES;1
114;4;5007;ALQUILERES PAGADOS;ALQUILERES PAGADOS;1
115;4;5008;SEGUROS PAGADOS;SEGUROS PAGADOS;1
116;4;5010;GASTOS GENERALES;GASTOS GENERALES;1
117;4;5011;SERVICISO INFORMATICOS;SERVICIOS INFORMATICOS;1
118;4;5012;CANON;CANON;1
119;4;5013;SERVICIOS JURIDICOS;SERVICIOS JURIDICOS;1
120;4;5030;BANCO NACION - INTERES POR DESCUBIERTO;BANCO NACION - INTERES POR DESCUBIERTO;1
121;4;5009;INTERESES BANCARIOS;INTERESES BANCARIOS;1
122;4;5031;BANCO NACION - GASTOS DE MANTENIMIENTO DE CUENTA;BANCO NACION - GASTOS DE MANTENIMIENTO DE CUENTA;1
123;4;5032;BANCO NACION - INTERESES POR PRESTAMOS;BANCO NACION - INTERESES POR PRESTAMOS;1
124;4;5033;BANCO SANTANDER - INTERES POR DESCUBIERTO;BANCO SANTANDER - INTERES POR DESCUBIERTO;1
125;4;5036;BANCO GALICIA - INTERES POR DESCUBIERTO;BANCO GALICIA - INTERES POR DESCUBIERTO;1
126;4;5039;BBVA FRANCES - INTERES POR DESCUBIERTO;BBVA FRANCES - INTERES POR DESCUBIERTO;1
127;4;5042;BANCO CREDICOOP - INTERES POR DESCUBIERTO;BANCO CREDICOOP - INTERES POR DESCUBIERTO;1
128;4;5045;BANCO HSBC - INTERES POR DESCUBIERTO;BANCO HSBC - INTERES POR DESCUBIERTO;1
129;4;5048;BANCO PATAGONIA - INTERES POR DESCUBIERTO;BANCO PATAGONIA - INTERES POR DESCUBIERTO;1
130;4;5034;BANCO SANTANDER - GASTOS DE MANTENIMIENTO DE CUENTA;BANCO SANTANDER - GASTOS DE MANTENIMIENTO DE CUENTA;1
131;4;5037;BANCO GALICIA - GASTOS DE MANTENIMIENTO DE CUENTA;BANCO GALICIA - GASTOS DE MANTENIMIENTO DE CUENTA;1
132;4;5043;BANCO CREDICOOP - GASTOS DE MANTENIMIENTO DE CUENTA;BANCO CREDICOOP - GASTOS DE MANTENIMIENTO DE CUENTA;1
133;4;5046;BANCO HSBC - GASTOS DE MANTENIMIENTO DE CUENTA;BANCO HSBC - GASTOS DE MANTENIMIENTO DE CUENTA;1
134;4;5049;BANCO PATAGONIA - GASTOS DE MANTENIMIENTO DE CUENTA;BANCO PATAGONIA - GASTOS DE MANTENIMIENTO DE CUENTA;1
135;4;5035;BANCO SANTANDER - INTERESES POR PRESTAMOS;BANCO SANTANDER - INTERESES POR PRESTAMOS;1
136;4;5038;BANCO GALICIA - INTERESES POR PRESTAMOS;BANCO GALICIA - INTERESES POR PRESTAMOS;1
137;4;5041;BBVA FRANCES - INTERESES POR PRESTAMOS;BBVA FRANCES - INTERESES POR PRESTAMOS;1
138;4;5044;BANCO CREDICOOP- INTERESES POR PRESTAMOS;BANCO CREDICOOP- INTERESES POR PRESTAMOS;1
139;4;5047;BANCO HSBC - INTERESES POR PRESTAMOS;BANCO HSBC - INTERESES POR PRESTAMOS;1
140;4;5050;BANCO PATAGONIA- INTERESES POR PRESTAMOS;BANCO PATAGONIA- INTERESES POR PRESTAMOS;1
141;4;1050;RODADOS - BIENES DE USO;RODADOS - BIENES DE USO;1
142;4;1051;MUEBLES Y UTILES - BIENES DE USO;MUEBLES Y UTILES - BIENES DE USO;1
143;4;1052;MAQUINARIA - BIENES DE USO;MAQUINARIA - BIENES DE USO;1
144;4;1053;INMUEBLES - BIENES DE USO;INMUEBLES - BIENES DE USO;1
145;4;5020;RODADOS - GASTOS DE MANTENIMIENTO;RODADOS - GASTOS DE MANTENIMIENTO;1
146;4;5021;MUEBLES Y UTILES - GASTOS DE MANTENIMIENTO;MUEBLES Y UTILES - GASTOS DE MANTENIMIENTO;1
147;4;5022;MAQUINARIA - GASTOS DE MANTENIMIENTO;MAQUINARIA - GASTOS DE MANTENIMIENTO;1
148;4;5023;INMUEBLES - GASTOS DE MANTENIMIENTO;INMUEBLES - GASTOS DE MANTENIMIENTO;1
149;4;5024;COMPRA DE BIENES USADOS A CF;COMPRA DE BIENES USADOS A CF;1
150;4;1059;INSTALACIONES - BIENES DE USO;INSTALACIONES - BIENES DE USO;1
151;4;5025;INSTALACIONES - GASTOS DE MANTENIMIENTO;INSTALACIONES - GASTOS DE MANTENIMIENTO;1
166;19;4000;VENTAS;VENTAS;1
167;19;5000;COMPRAS;COMPRAS;1
168;19;5001;COMISION TARJETAS DE CREDITO;COMISION TARJETAS DE CREDITO;1
169;19;5002;COMBUSTIBLES Y LUBRICANTES;COMBUSTIBLES Y LUBRICANTES;1
170;19;5003;FLETES Y CORREO;FLETES Y CORREO;1
171;19;5005;LIBRERIA Y PAPELERIA;LIBRERIA Y PAPELERIA;1
172;19;5006;HONORARIOS PROFESIONALES;HONORARIOS PROFESIONALES;1
173;19;5007;ALQUILERES PAGADOS;ALQUILERES PAGADOS;1
174;19;5008;SEGUROS PAGADOS;SEGUROS PAGADOS;1
175;19;5010;GASTOS GENERALES;GASTOS GENERALES;1
176;19;5011;SERVICISO INFORMATICOS;SERVICIOS INFORMATICOS;1
177;19;5012;CANON;CANON;1
178;19;5013;SERVICIOS JURIDICOS;SERVICIOS JURIDICOS;1
179;19;5030;BANCO NACION - INTERES POR DESCUBIERTO;BANCO NACION - INTERES POR DESCUBIERTO;1
180;19;5009;INTERESES BANCARIOS;INTERESES BANCARIOS;1
181;19;5031;BANCO NACION - GASTOS DE MANTENIMIENTO DE CUENTA;BANCO NACION - GASTOS DE MANTENIMIENTO DE CUENTA;1
182;19;5032;BANCO NACION - INTERESES POR PRESTAMOS;BANCO NACION - INTERESES POR PRESTAMOS;1
183;19;5033;BANCO SANTANDER - INTERES POR DESCUBIERTO;BANCO SANTANDER - INTERES POR DESCUBIERTO;1
184;19;5036;BANCO GALICIA - INTERES POR DESCUBIERTO;BANCO GALICIA - INTERES POR DESCUBIERTO;1
185;19;5039;BBVA FRANCES - INTERES POR DESCUBIERTO;BBVA FRANCES - INTERES POR DESCUBIERTO;1
186;19;5042;BANCO CREDICOOP - INTERES POR DESCUBIERTO;BANCO CREDICOOP - INTERES POR DESCUBIERTO;1
187;19;5045;BANCO HSBC - INTERES POR DESCUBIERTO;BANCO HSBC - INTERES POR DESCUBIERTO;1
188;19;5048;BANCO PATAGONIA - INTERES POR DESCUBIERTO;BANCO PATAGONIA - INTERES POR DESCUBIERTO;1
189;19;5034;BANCO SANTANDER - GASTOS DE MANTENIMIENTO DE CUENTA;BANCO SANTANDER - GASTOS DE MANTENIMIENTO DE CUENTA;1
190;19;5037;BANCO GALICIA - GASTOS DE MANTENIMIENTO DE CUENTA;BANCO GALICIA - GASTOS DE MANTENIMIENTO DE CUENTA;1
191;19;5043;BANCO CREDICOOP - GASTOS DE MANTENIMIENTO DE CUENTA;BANCO CREDICOOP - GASTOS DE MANTENIMIENTO DE CUENTA;1
192;19;5046;BANCO HSBC - GASTOS DE MANTENIMIENTO DE CUENTA;BANCO HSBC - GASTOS DE MANTENIMIENTO DE CUENTA;1
193;19;5049;BANCO PATAGONIA - GASTOS DE MANTENIMIENTO DE CUENTA;BANCO PATAGONIA - GASTOS DE MANTENIMIENTO DE CUENTA;1
194;19;5035;BANCO SANTANDER - INTERESES POR PRESTAMOS;BANCO SANTANDER - INTERESES POR PRESTAMOS;1
195;19;5038;BANCO GALICIA - INTERESES POR PRESTAMOS;BANCO GALICIA - INTERESES POR PRESTAMOS;1
196;19;5041;BBVA FRANCES - INTERESES POR PRESTAMOS;BBVA FRANCES - INTERESES POR PRESTAMOS;1
197;19;5044;BANCO CREDICOOP- INTERESES POR PRESTAMOS;BANCO CREDICOOP- INTERESES POR PRESTAMOS;1
198;19;5047;BANCO HSBC - INTERESES POR PRESTAMOS;BANCO HSBC - INTERESES POR PRESTAMOS;1
199;19;5050;BANCO PATAGONIA- INTERESES POR PRESTAMOS;BANCO PATAGONIA- INTERESES POR PRESTAMOS;1
200;19;1050;RODADOS - BIENES DE USO;RODADOS - BIENES DE USO;1
201;19;1051;MUEBLES Y UTILES - BIENES DE USO;MUEBLES Y UTILES - BIENES DE USO;1
202;19;1052;MAQUINARIA - BIENES DE USO;MAQUINARIA - BIENES DE USO;1
203;19;1053;INMUEBLES - BIENES DE USO;INMUEBLES - BIENES DE USO;1
204;19;5020;RODADOS - GASTOS DE MANTENIMIENTO;RODADOS - GASTOS DE MANTENIMIENTO;1
205;19;5021;MUEBLES Y UTILES - GASTOS DE MANTENIMIENTO;MUEBLES Y UTILES - GASTOS DE MANTENIMIENTO;1
206;19;5022;MAQUINARIA - GASTOS DE MANTENIMIENTO;MAQUINARIA - GASTOS DE MANTENIMIENTO;1
207;19;5023;INMUEBLES - GASTOS DE MANTENIMIENTO;INMUEBLES - GASTOS DE MANTENIMIENTO;1
208;19;5024;COMPRA DE BIENES USADOS A CF;COMPRA DE BIENES USADOS A CF;1
209;19;1059;INSTALACIONES - BIENES DE USO;INSTALACIONES - BIENES DE USO;1
210;19;5025;INSTALACIONES - GASTOS DE MANTENIMIENTO;INSTALACIONES - GASTOS DE MANTENIMIENTO;1
226;21;4000;VENTAS;VENTAS;1
227;21;5000;COMPRAS;COMPRAS;1
228;21;5001;COMISION TARJETAS DE CREDITO;COMISION TARJETAS DE CREDITO;1
229;21;5002;COMBUSTIBLES Y LUBRICANTES;COMBUSTIBLES Y LUBRICANTES;1
230;21;5003;FLETES Y CORREO;FLETES Y CORREO;1
231;21;5005;LIBRERIA Y PAPELERIA;LIBRERIA Y PAPELERIA;1
232;21;5006;HONORARIOS PROFESIONALES;HONORARIOS PROFESIONALES;1
233;21;5007;ALQUILERES PAGADOS;ALQUILERES PAGADOS;1
234;21;5008;SEGUROS PAGADOS;SEGUROS PAGADOS;1
235;21;5010;GASTOS GENERALES;GASTOS GENERALES;1
236;21;5011;SERVICISO INFORMATICOS;SERVICIOS INFORMATICOS;1
237;21;5012;CANON;CANON;1
238;21;5013;SERVICIOS JURIDICOS;SERVICIOS JURIDICOS;1
239;21;5030;BANCO NACION - INTERES POR DESCUBIERTO;BANCO NACION - INTERES POR DESCUBIERTO;1
240;21;5009;INTERESES BANCARIOS;INTERESES BANCARIOS;1
241;21;5031;BANCO NACION - GASTOS DE MANTENIMIENTO DE CUENTA;BANCO NACION - GASTOS DE MANTENIMIENTO DE CUENTA;1
242;21;5032;BANCO NACION - INTERESES POR PRESTAMOS;BANCO NACION - INTERESES POR PRESTAMOS;1
243;21;5033;BANCO SANTANDER - INTERES POR DESCUBIERTO;BANCO SANTANDER - INTERES POR DESCUBIERTO;1
244;21;5036;BANCO GALICIA - INTERES POR DESCUBIERTO;BANCO GALICIA - INTERES POR DESCUBIERTO;1
245;21;5039;BBVA FRANCES - INTERES POR DESCUBIERTO;BBVA FRANCES - INTERES POR DESCUBIERTO;1
246;21;5042;BANCO CREDICOOP - INTERES POR DESCUBIERTO;BANCO CREDICOOP - INTERES POR DESCUBIERTO;1
247;21;5045;BANCO HSBC - INTERES POR DESCUBIERTO;BANCO HSBC - INTERES POR DESCUBIERTO;1
248;21;5048;BANCO PATAGONIA - INTERES POR DESCUBIERTO;BANCO PATAGONIA - INTERES POR DESCUBIERTO;1
249;21;5034;BANCO SANTANDER - GASTOS DE MANTENIMIENTO DE CUENTA;BANCO SANTANDER - GASTOS DE MANTENIMIENTO DE CUENTA;1
250;21;5037;BANCO GALICIA - GASTOS DE MANTENIMIENTO DE CUENTA;BANCO GALICIA - GASTOS DE MANTENIMIENTO DE CUENTA;1
251;21;5043;BANCO CREDICOOP - GASTOS DE MANTENIMIENTO DE CUENTA;BANCO CREDICOOP - GASTOS DE MANTENIMIENTO DE CUENTA;1
252;21;5046;BANCO HSBC - GASTOS DE MANTENIMIENTO DE CUENTA;BANCO HSBC - GASTOS DE MANTENIMIENTO DE CUENTA;1
253;21;5049;BANCO PATAGONIA - GASTOS DE MANTENIMIENTO DE CUENTA;BANCO PATAGONIA - GASTOS DE MANTENIMIENTO DE CUENTA;1
254;21;5035;BANCO SANTANDER - INTERESES POR PRESTAMOS;BANCO SANTANDER - INTERESES POR PRESTAMOS;1
255;21;5038;BANCO GALICIA - INTERESES POR PRESTAMOS;BANCO GALICIA - INTERESES POR PRESTAMOS;1
256;21;5041;BBVA FRANCES - INTERESES POR PRESTAMOS;BBVA FRANCES - INTERESES POR PRESTAMOS;1
257;21;5044;BANCO CREDICOOP- INTERESES POR PRESTAMOS;BANCO CREDICOOP- INTERESES POR PRESTAMOS;1
258;21;5047;BANCO HSBC - INTERESES POR PRESTAMOS;BANCO HSBC - INTERESES POR PRESTAMOS;1
259;21;5050;BANCO PATAGONIA- INTERESES POR PRESTAMOS;BANCO PATAGONIA- INTERESES POR PRESTAMOS;1
260;21;1050;RODADOS - BIENES DE USO;RODADOS - BIENES DE USO;1
261;21;1051;MUEBLES Y UTILES - BIENES DE USO;MUEBLES Y UTILES - BIENES DE USO;1
262;21;1052;MAQUINARIA - BIENES DE USO;MAQUINARIA - BIENES DE USO;1
263;21;1053;INMUEBLES - BIENES DE USO;INMUEBLES - BIENES DE USO;1
264;21;5020;RODADOS - GASTOS DE MANTENIMIENTO;RODADOS - GASTOS DE MANTENIMIENTO;1
265;21;5021;MUEBLES Y UTILES - GASTOS DE MANTENIMIENTO;MUEBLES Y UTILES - GASTOS DE MANTENIMIENTO;1
266;21;5022;MAQUINARIA - GASTOS DE MANTENIMIENTO;MAQUINARIA - GASTOS DE MANTENIMIENTO;1
267;21;5023;INMUEBLES - GASTOS DE MANTENIMIENTO;INMUEBLES - GASTOS DE MANTENIMIENTO;1
268;21;5024;COMPRA DE BIENES USADOS A CF;COMPRA DE BIENES USADOS A CF;1
269;21;1059;INSTALACIONES - BIENES DE USO;INSTALACIONES - BIENES DE USO;1
270;21;5025;INSTALACIONES - GASTOS DE MANTENIMIENTO;INSTALACIONES - GASTOS DE MANTENIMIENTO;1
271;19;5004;SERVICIOS Y TASAS;SERVICIOS Y TASAS;1
272;19;9999;OTROS;OTROS;1
287;16;4000;VENTAS;VENTAS;1
288;16;5000;COMPRAS;COMPRAS;1
289;16;5001;COMISION TARJETAS DE CREDITO;COMISION TARJETAS DE CREDITO;1
290;16;5002;COMBUSTIBLES Y LUBRICANTES;COMBUSTIBLES Y LUBRICANTES;1
291;16;5003;FLETES Y CORREO;FLETES Y CORREO;1
292;16;5005;LIBRERIA Y PAPELERIA;LIBRERIA Y PAPELERIA;1
293;16;5006;HONORARIOS PROFESIONALES;HONORARIOS PROFESIONALES;1
294;16;5007;ALQUILERES PAGADOS;ALQUILERES PAGADOS;1
295;16;5008;SEGUROS PAGADOS;SEGUROS PAGADOS;1
296;16;5010;GASTOS GENERALES;GASTOS GENERALES;1
297;16;5011;SERVICISO INFORMATICOS;SERVICIOS INFORMATICOS;1
298;16;5012;CANON;CANON;1
299;16;5013;SERVICIOS JURIDICOS;SERVICIOS JURIDICOS;1
300;16;5030;BANCO NACION - INTERES POR DESCUBIERTO;BANCO NACION - INTERES POR DESCUBIERTO;1
301;16;5009;INTERESES BANCARIOS;INTERESES BANCARIOS;1
302;16;5031;BANCO NACION - GASTOS DE MANTENIMIENTO DE CUENTA;BANCO NACION - GASTOS DE MANTENIMIENTO DE CUENTA;1
303;16;5032;BANCO NACION - INTERESES POR PRESTAMOS;BANCO NACION - INTERESES POR PRESTAMOS;1
304;16;5033;BANCO SANTANDER - INTERES POR DESCUBIERTO;BANCO SANTANDER - INTERES POR DESCUBIERTO;1
305;16;5036;BANCO GALICIA - INTERES POR DESCUBIERTO;BANCO GALICIA - INTERES POR DESCUBIERTO;1
306;16;5039;BBVA FRANCES - INTERES POR DESCUBIERTO;BBVA FRANCES - INTERES POR DESCUBIERTO;1
307;16;5042;BANCO CREDICOOP - INTERES POR DESCUBIERTO;BANCO CREDICOOP - INTERES POR DESCUBIERTO;1
308;16;5045;BANCO HSBC - INTERES POR DESCUBIERTO;BANCO HSBC - INTERES POR DESCUBIERTO;1
309;16;5048;BANCO PATAGONIA - INTERES POR DESCUBIERTO;BANCO PATAGONIA - INTERES POR DESCUBIERTO;1
310;16;5034;BANCO SANTANDER - GASTOS DE MANTENIMIENTO DE CUENTA;BANCO SANTANDER - GASTOS DE MANTENIMIENTO DE CUENTA;1
311;16;5037;BANCO GALICIA - GASTOS DE MANTENIMIENTO DE CUENTA;BANCO GALICIA - GASTOS DE MANTENIMIENTO DE CUENTA;1
312;16;5043;BANCO CREDICOOP - GASTOS DE MANTENIMIENTO DE CUENTA;BANCO CREDICOOP - GASTOS DE MANTENIMIENTO DE CUENTA;1
313;16;5046;BANCO HSBC - GASTOS DE MANTENIMIENTO DE CUENTA;BANCO HSBC - GASTOS DE MANTENIMIENTO DE CUENTA;1
314;16;5049;BANCO PATAGONIA - GASTOS DE MANTENIMIENTO DE CUENTA;BANCO PATAGONIA - GASTOS DE MANTENIMIENTO DE CUENTA;1
315;16;5035;BANCO SANTANDER - INTERESES POR PRESTAMOS;BANCO SANTANDER - INTERESES POR PRESTAMOS;1
316;16;5038;BANCO GALICIA - INTERESES POR PRESTAMOS;BANCO GALICIA - INTERESES POR PRESTAMOS;1
317;16;5041;BBVA FRANCES - INTERESES POR PRESTAMOS;BBVA FRANCES - INTERESES POR PRESTAMOS;1
318;16;5044;BANCO CREDICOOP- INTERESES POR PRESTAMOS;BANCO CREDICOOP- INTERESES POR PRESTAMOS;1
319;16;5047;BANCO HSBC - INTERESES POR PRESTAMOS;BANCO HSBC - INTERESES POR PRESTAMOS;1
320;16;5050;BANCO PATAGONIA- INTERESES POR PRESTAMOS;BANCO PATAGONIA- INTERESES POR PRESTAMOS;1
321;16;1050;RODADOS - BIENES DE USO;RODADOS - BIENES DE USO;1
322;16;1051;MUEBLES Y UTILES - BIENES DE USO;MUEBLES Y UTILES - BIENES DE USO;1
323;16;1052;MAQUINARIA - BIENES DE USO;MAQUINARIA - BIENES DE USO;1
324;16;1053;INMUEBLES - BIENES DE USO;INMUEBLES - BIENES DE USO;1
325;16;5020;RODADOS - GASTOS DE MANTENIMIENTO;RODADOS - GASTOS DE MANTENIMIENTO;1
326;16;5021;MUEBLES Y UTILES - GASTOS DE MANTENIMIENTO;MUEBLES Y UTILES - GASTOS DE MANTENIMIENTO;1
327;16;5022;MAQUINARIA - GASTOS DE MANTENIMIENTO;MAQUINARIA - GASTOS DE MANTENIMIENTO;1
328;16;5023;INMUEBLES - GASTOS DE MANTENIMIENTO;INMUEBLES - GASTOS DE MANTENIMIENTO;1
329;16;5024;COMPRA DE BIENES USADOS A CF;COMPRA DE BIENES USADOS A CF;1
330;16;1059;INSTALACIONES - BIENES DE USO;INSTALACIONES - BIENES DE USO;1
331;16;5025;INSTALACIONES - GASTOS DE MANTENIMIENTO;INSTALACIONES - GASTOS DE MANTENIMIENTO;1
347;24;4000;VENTAS;VENTAS;1
348;24;5000;COMPRAS;COMPRAS;1
349;24;5001;COMISION TARJETAS DE CREDITO;COMISION TARJETAS DE CREDITO;1
350;24;5002;COMBUSTIBLES Y LUBRICANTES;COMBUSTIBLES Y LUBRICANTES;1
351;24;5003;FLETES Y CORREO;FLETES Y CORREO;1
352;24;5005;LIBRERIA Y PAPELERIA;LIBRERIA Y PAPELERIA;1
353;24;5006;HONORARIOS PROFESIONALES;HONORARIOS PROFESIONALES;1
354;24;5007;ALQUILERES PAGADOS;ALQUILERES PAGADOS;1
355;24;5008;SEGUROS PAGADOS;SEGUROS PAGADOS;1
356;24;5010;GASTOS GENERALES;GASTOS GENERALES;1
357;24;5011;SERVICISO INFORMATICOS;SERVICIOS INFORMATICOS;1
358;24;5012;CANON;CANON;1
359;24;5013;SERVICIOS JURIDICOS;SERVICIOS JURIDICOS;1
360;24;5030;BANCO NACION - INTERES POR DESCUBIERTO;BANCO NACION - INTERES POR DESCUBIERTO;1
361;24;5009;INTERESES BANCARIOS;INTERESES BANCARIOS;1
362;24;5031;BANCO NACION - GASTOS DE MANTENIMIENTO DE CUENTA;BANCO NACION - GASTOS DE MANTENIMIENTO DE CUENTA;1
363;24;5032;BANCO NACION - INTERESES POR PRESTAMOS;BANCO NACION - INTERESES POR PRESTAMOS;1
364;24;5033;BANCO SANTANDER - INTERES POR DESCUBIERTO;BANCO SANTANDER - INTERES POR DESCUBIERTO;1
365;24;5036;BANCO GALICIA - INTERES POR DESCUBIERTO;BANCO GALICIA - INTERES POR DESCUBIERTO;1
366;24;5039;BBVA FRANCES - INTERES POR DESCUBIERTO;BBVA FRANCES - INTERES POR DESCUBIERTO;1
367;24;5042;BANCO CREDICOOP - INTERES POR DESCUBIERTO;BANCO CREDICOOP - INTERES POR DESCUBIERTO;1
368;24;5045;BANCO HSBC - INTERES POR DESCUBIERTO;BANCO HSBC - INTERES POR DESCUBIERTO;1
369;24;5048;BANCO PATAGONIA - INTERES POR DESCUBIERTO;BANCO PATAGONIA - INTERES POR DESCUBIERTO;1
370;24;5034;BANCO SANTANDER - GASTOS DE MANTENIMIENTO DE CUENTA;BANCO SANTANDER - GASTOS DE MANTENIMIENTO DE CUENTA;1
371;24;5037;BANCO GALICIA - GASTOS DE MANTENIMIENTO DE CUENTA;BANCO GALICIA - GASTOS DE MANTENIMIENTO DE CUENTA;1
372;24;5043;BANCO CREDICOOP - GASTOS DE MANTENIMIENTO DE CUENTA;BANCO CREDICOOP - GASTOS DE MANTENIMIENTO DE CUENTA;1
373;24;5046;BANCO HSBC - GASTOS DE MANTENIMIENTO DE CUENTA;BANCO HSBC - GASTOS DE MANTENIMIENTO DE CUENTA;1
374;24;5049;BANCO PATAGONIA - GASTOS DE MANTENIMIENTO DE CUENTA;BANCO PATAGONIA - GASTOS DE MANTENIMIENTO DE CUENTA;1
375;24;5035;BANCO SANTANDER - INTERESES POR PRESTAMOS;BANCO SANTANDER - INTERESES POR PRESTAMOS;1
376;24;5038;BANCO GALICIA - INTERESES POR PRESTAMOS;BANCO GALICIA - INTERESES POR PRESTAMOS;1
377;24;5041;BBVA FRANCES - INTERESES POR PRESTAMOS;BBVA FRANCES - INTERESES POR PRESTAMOS;1
378;24;5044;BANCO CREDICOOP- INTERESES POR PRESTAMOS;BANCO CREDICOOP- INTERESES POR PRESTAMOS;1
379;24;5047;BANCO HSBC - INTERESES POR PRESTAMOS;BANCO HSBC - INTERESES POR PRESTAMOS;1
380;24;5050;BANCO PATAGONIA- INTERESES POR PRESTAMOS;BANCO PATAGONIA- INTERESES POR PRESTAMOS;1
381;24;1050;RODADOS - BIENES DE USO;RODADOS - BIENES DE USO;1
382;24;1051;MUEBLES Y UTILES - BIENES DE USO;MUEBLES Y UTILES - BIENES DE USO;1
383;24;1052;MAQUINARIA - BIENES DE USO;MAQUINARIA - BIENES DE USO;1
384;24;1053;INMUEBLES - BIENES DE USO;INMUEBLES - BIENES DE USO;1
385;24;5020;RODADOS - GASTOS DE MANTENIMIENTO;RODADOS - GASTOS DE MANTENIMIENTO;1
386;24;5021;MUEBLES Y UTILES - GASTOS DE MANTENIMIENTO;MUEBLES Y UTILES - GASTOS DE MANTENIMIENTO;1
387;24;5022;MAQUINARIA - GASTOS DE MANTENIMIENTO;MAQUINARIA - GASTOS DE MANTENIMIENTO;1
388;24;5023;INMUEBLES - GASTOS DE MANTENIMIENTO;INMUEBLES - GASTOS DE MANTENIMIENTO;1
389;24;5024;COMPRA DE BIENES USADOS A CF;COMPRA DE BIENES USADOS A CF;1
390;24;1059;INSTALACIONES - BIENES DE USO;INSTALACIONES - BIENES DE USO;1
391;24;5025;INSTALACIONES - GASTOS DE MANTENIMIENTO;INSTALACIONES - GASTOS DE MANTENIMIENTO;1
406;25;4000;VENTAS;VENTAS;1
407;25;5000;COMPRAS;COMPRAS;1
408;25;5001;COMISION TARJETAS DE CREDITO;COMISION TARJETAS DE CREDITO;1
409;25;5002;COMBUSTIBLES Y LUBRICANTES;COMBUSTIBLES Y LUBRICANTES;1
410;25;5003;FLETES Y CORREO;FLETES Y CORREO;1
411;25;5005;LIBRERIA Y PAPELERIA;LIBRERIA Y PAPELERIA;1
412;25;5006;HONORARIOS PROFESIONALES;HONORARIOS PROFESIONALES;1
413;25;5007;ALQUILERES PAGADOS;ALQUILERES PAGADOS;1
414;25;5008;SEGUROS PAGADOS;SEGUROS PAGADOS;1
415;25;5010;GASTOS GENERALES;GASTOS GENERALES;1
416;25;5011;SERVICISO INFORMATICOS;SERVICIOS INFORMATICOS;1
417;25;5012;CANON;CANON;1
418;25;5013;SERVICIOS JURIDICOS;SERVICIOS JURIDICOS;1
419;25;5030;BANCO NACION - INTERES POR DESCUBIERTO;BANCO NACION - INTERES POR DESCUBIERTO;1
420;25;5009;INTERESES BANCARIOS;INTERESES BANCARIOS;1
421;25;5031;BANCO NACION - GASTOS DE MANTENIMIENTO DE CUENTA;BANCO NACION - GASTOS DE MANTENIMIENTO DE CUENTA;1
422;25;5032;BANCO NACION - INTERESES POR PRESTAMOS;BANCO NACION - INTERESES POR PRESTAMOS;1
423;25;5033;BANCO SANTANDER - INTERES POR DESCUBIERTO;BANCO SANTANDER - INTERES POR DESCUBIERTO;1
424;25;5036;BANCO GALICIA - INTERES POR DESCUBIERTO;BANCO GALICIA - INTERES POR DESCUBIERTO;1
425;25;5039;BBVA FRANCES - INTERES POR DESCUBIERTO;BBVA FRANCES - INTERES POR DESCUBIERTO;1
426;25;5042;BANCO CREDICOOP - INTERES POR DESCUBIERTO;BANCO CREDICOOP - INTERES POR DESCUBIERTO;1
427;25;5045;BANCO HSBC - INTERES POR DESCUBIERTO;BANCO HSBC - INTERES POR DESCUBIERTO;1
428;25;5048;BANCO PATAGONIA - INTERES POR DESCUBIERTO;BANCO PATAGONIA - INTERES POR DESCUBIERTO;1
429;25;5034;BANCO SANTANDER - GASTOS DE MANTENIMIENTO DE CUENTA;BANCO SANTANDER - GASTOS DE MANTENIMIENTO DE CUENTA;1
430;25;5037;BANCO GALICIA - GASTOS DE MANTENIMIENTO DE CUENTA;BANCO GALICIA - GASTOS DE MANTENIMIENTO DE CUENTA;1
431;25;5043;BANCO CREDICOOP - GASTOS DE MANTENIMIENTO DE CUENTA;BANCO CREDICOOP - GASTOS DE MANTENIMIENTO DE CUENTA;1
432;25;5046;BANCO HSBC - GASTOS DE MANTENIMIENTO DE CUENTA;BANCO HSBC - GASTOS DE MANTENIMIENTO DE CUENTA;1
433;25;5049;BANCO PATAGONIA - GASTOS DE MANTENIMIENTO DE CUENTA;BANCO PATAGONIA - GASTOS DE MANTENIMIENTO DE CUENTA;1
434;25;5035;BANCO SANTANDER - INTERESES POR PRESTAMOS;BANCO SANTANDER - INTERESES POR PRESTAMOS;1
435;25;5038;BANCO GALICIA - INTERESES POR PRESTAMOS;BANCO GALICIA - INTERESES POR PRESTAMOS;1
436;25;5041;BBVA FRANCES - INTERESES POR PRESTAMOS;BBVA FRANCES - INTERESES POR PRESTAMOS;1
437;25;5044;BANCO CREDICOOP- INTERESES POR PRESTAMOS;BANCO CREDICOOP- INTERESES POR PRESTAMOS;1
438;25;5047;BANCO HSBC - INTERESES POR PRESTAMOS;BANCO HSBC - INTERESES POR PRESTAMOS;1
439;25;5050;BANCO PATAGONIA- INTERESES POR PRESTAMOS;BANCO PATAGONIA- INTERESES POR PRESTAMOS;1
440;25;1050;RODADOS - BIENES DE USO;RODADOS - BIENES DE USO;1
441;25;1051;MUEBLES Y UTILES - BIENES DE USO;MUEBLES Y UTILES - BIENES DE USO;1
442;25;1052;MAQUINARIA - BIENES DE USO;MAQUINARIA - BIENES DE USO;1
443;25;1053;INMUEBLES - BIENES DE USO;INMUEBLES - BIENES DE USO;1
444;25;5020;RODADOS - GASTOS DE MANTENIMIENTO;RODADOS - GASTOS DE MANTENIMIENTO;1
445;25;5021;MUEBLES Y UTILES - GASTOS DE MANTENIMIENTO;MUEBLES Y UTILES - GASTOS DE MANTENIMIENTO;1
446;25;5022;MAQUINARIA - GASTOS DE MANTENIMIENTO;MAQUINARIA - GASTOS DE MANTENIMIENTO;1
447;25;5023;INMUEBLES - GASTOS DE MANTENIMIENTO;INMUEBLES - GASTOS DE MANTENIMIENTO;1
448;25;5024;COMPRA DE BIENES USADOS A CF;COMPRA DE BIENES USADOS A CF;1
449;25;1059;INSTALACIONES - BIENES DE USO;INSTALACIONES - BIENES DE USO;1
450;25;5025;INSTALACIONES - GASTOS DE MANTENIMIENTO;INSTALACIONES - GASTOS DE MANTENIMIENTO;1
451;25;5004;SERVICIOS Y TASAS;SERVICIOS Y TASAS;1
452;25;9999;OTROS;OTROS;1
453;24;9999;OTROS;OTROS;1
468;26;4000;VENTAS;VENTAS;1
469;26;5000;COMPRAS;COMPRAS;1
470;26;5001;COMISION TARJETAS DE CREDITO;COMISION TARJETAS DE CREDITO;1
471;26;5002;COMBUSTIBLES Y LUBRICANTES;COMBUSTIBLES Y LUBRICANTES;1
472;26;5003;FLETES Y CORREO;FLETES Y CORREO;1
473;26;5005;LIBRERIA Y PAPELERIA;LIBRERIA Y PAPELERIA;1
474;26;5006;HONORARIOS PROFESIONALES;HONORARIOS PROFESIONALES;1
475;26;5007;ALQUILERES PAGADOS;ALQUILERES PAGADOS;1
476;26;5008;SEGUROS PAGADOS;SEGUROS PAGADOS;1
477;26;5010;GASTOS GENERALES;GASTOS GENERALES;1
478;26;5011;SERVICISO INFORMATICOS;SERVICIOS INFORMATICOS;1
479;26;5012;CANON;CANON;1
480;26;5013;SERVICIOS JURIDICOS;SERVICIOS JURIDICOS;1
481;26;5030;BANCO NACION - INTERES POR DESCUBIERTO;BANCO NACION - INTERES POR DESCUBIERTO;1
482;26;5009;INTERESES BANCARIOS;INTERESES BANCARIOS;1
483;26;5031;BANCO NACION - GASTOS DE MANTENIMIENTO DE CUENTA;BANCO NACION - GASTOS DE MANTENIMIENTO DE CUENTA;1
484;26;5032;BANCO NACION - INTERESES POR PRESTAMOS;BANCO NACION - INTERESES POR PRESTAMOS;1
485;26;5033;BANCO SANTANDER - INTERES POR DESCUBIERTO;BANCO SANTANDER - INTERES POR DESCUBIERTO;1
486;26;5036;BANCO GALICIA - INTERES POR DESCUBIERTO;BANCO GALICIA - INTERES POR DESCUBIERTO;1
487;26;5039;BBVA FRANCES - INTERES POR DESCUBIERTO;BBVA FRANCES - INTERES POR DESCUBIERTO;1
488;26;5042;BANCO CREDICOOP - INTERES POR DESCUBIERTO;BANCO CREDICOOP - INTERES POR DESCUBIERTO;1
489;26;5045;BANCO HSBC - INTERES POR DESCUBIERTO;BANCO HSBC - INTERES POR DESCUBIERTO;1
490;26;5048;BANCO PATAGONIA - INTERES POR DESCUBIERTO;BANCO PATAGONIA - INTERES POR DESCUBIERTO;1
491;26;5034;BANCO SANTANDER - GASTOS DE MANTENIMIENTO DE CUENTA;BANCO SANTANDER - GASTOS DE MANTENIMIENTO DE CUENTA;1
492;26;5037;BANCO GALICIA - GASTOS DE MANTENIMIENTO DE CUENTA;BANCO GALICIA - GASTOS DE MANTENIMIENTO DE CUENTA;1
493;26;5043;BANCO CREDICOOP - GASTOS DE MANTENIMIENTO DE CUENTA;BANCO CREDICOOP - GASTOS DE MANTENIMIENTO DE CUENTA;1
494;26;5046;BANCO HSBC - GASTOS DE MANTENIMIENTO DE CUENTA;BANCO HSBC - GASTOS DE MANTENIMIENTO DE CUENTA;1
495;26;5049;BANCO PATAGONIA - GASTOS DE MANTENIMIENTO DE CUENTA;BANCO PATAGONIA - GASTOS DE MANTENIMIENTO DE CUENTA;1
496;26;5035;BANCO SANTANDER - INTERESES POR PRESTAMOS;BANCO SANTANDER - INTERESES POR PRESTAMOS;1
497;26;5038;BANCO GALICIA - INTERESES POR PRESTAMOS;BANCO GALICIA - INTERESES POR PRESTAMOS;1
498;26;5041;BBVA FRANCES - INTERESES POR PRESTAMOS;BBVA FRANCES - INTERESES POR PRESTAMOS;1
499;26;5044;BANCO CREDICOOP- INTERESES POR PRESTAMOS;BANCO CREDICOOP- INTERESES POR PRESTAMOS;1
500;26;5047;BANCO HSBC - INTERESES POR PRESTAMOS;BANCO HSBC - INTERESES POR PRESTAMOS;1
501;26;5050;BANCO PATAGONIA- INTERESES POR PRESTAMOS;BANCO PATAGONIA- INTERESES POR PRESTAMOS;1
502;26;1050;RODADOS - BIENES DE USO;RODADOS - BIENES DE USO;1
503;26;1051;MUEBLES Y UTILES - BIENES DE USO;MUEBLES Y UTILES - BIENES DE USO;1
504;26;1052;MAQUINARIA - BIENES DE USO;MAQUINARIA - BIENES DE USO;1
505;26;1053;INMUEBLES - BIENES DE USO;INMUEBLES - BIENES DE USO;1
506;26;5020;RODADOS - GASTOS DE MANTENIMIENTO;RODADOS - GASTOS DE MANTENIMIENTO;1
507;26;5021;MUEBLES Y UTILES - GASTOS DE MANTENIMIENTO;MUEBLES Y UTILES - GASTOS DE MANTENIMIENTO;1
508;26;5022;MAQUINARIA - GASTOS DE MANTENIMIENTO;MAQUINARIA - GASTOS DE MANTENIMIENTO;1
509;26;5023;INMUEBLES - GASTOS DE MANTENIMIENTO;INMUEBLES - GASTOS DE MANTENIMIENTO;1
510;26;5024;COMPRA DE BIENES USADOS A CF;COMPRA DE BIENES USADOS A CF;1
511;26;1059;INSTALACIONES - BIENES DE USO;INSTALACIONES - BIENES DE USO;1
512;26;5025;INSTALACIONES - GASTOS DE MANTENIMIENTO;INSTALACIONES - GASTOS DE MANTENIMIENTO;1
527;27;4000;VENTAS;VENTAS;1
528;27;5000;COMPRAS;COMPRAS;1
529;27;5001;COMISION TARJETAS DE CREDITO;COMISION TARJETAS DE CREDITO;1
530;27;5002;COMBUSTIBLES Y LUBRICANTES;COMBUSTIBLES Y LUBRICANTES;1
531;27;5003;FLETES Y CORREO;FLETES Y CORREO;1
532;27;5005;LIBRERIA Y PAPELERIA;LIBRERIA Y PAPELERIA;1
533;27;5006;HONORARIOS PROFESIONALES;HONORARIOS PROFESIONALES;1
534;27;5007;ALQUILERES PAGADOS;ALQUILERES PAGADOS;1
535;27;5008;SEGUROS PAGADOS;SEGUROS PAGADOS;1
536;27;5010;GASTOS GENERALES;GASTOS GENERALES;1
537;27;5011;SERVICISO INFORMATICOS;SERVICIOS INFORMATICOS;1
538;27;5012;CANON;CANON;1
539;27;5013;SERVICIOS JURIDICOS;SERVICIOS JURIDICOS;1
540;27;5030;BANCO NACION - INTERES POR DESCUBIERTO;BANCO NACION - INTERES POR DESCUBIERTO;1
541;27;5009;INTERESES BANCARIOS;INTERESES BANCARIOS;1
542;27;5031;BANCO NACION - GASTOS DE MANTENIMIENTO DE CUENTA;BANCO NACION - GASTOS DE MANTENIMIENTO DE CUENTA;1
543;27;5032;BANCO NACION - INTERESES POR PRESTAMOS;BANCO NACION - INTERESES POR PRESTAMOS;1
544;27;5033;BANCO SANTANDER - INTERES POR DESCUBIERTO;BANCO SANTANDER - INTERES POR DESCUBIERTO;1
545;27;5036;BANCO GALICIA - INTERES POR DESCUBIERTO;BANCO GALICIA - INTERES POR DESCUBIERTO;1
546;27;5039;BBVA FRANCES - INTERES POR DESCUBIERTO;BBVA FRANCES - INTERES POR DESCUBIERTO;1
547;27;5042;BANCO CREDICOOP - INTERES POR DESCUBIERTO;BANCO CREDICOOP - INTERES POR DESCUBIERTO;1
548;27;5045;BANCO HSBC - INTERES POR DESCUBIERTO;BANCO HSBC - INTERES POR DESCUBIERTO;1
549;27;5048;BANCO PATAGONIA - INTERES POR DESCUBIERTO;BANCO PATAGONIA - INTERES POR DESCUBIERTO;1
550;27;5034;BANCO SANTANDER - GASTOS DE MANTENIMIENTO DE CUENTA;BANCO SANTANDER - GASTOS DE MANTENIMIENTO DE CUENTA;1
551;27;5037;BANCO GALICIA - GASTOS DE MANTENIMIENTO DE CUENTA;BANCO GALICIA - GASTOS DE MANTENIMIENTO DE CUENTA;1
552;27;5043;BANCO CREDICOOP - GASTOS DE MANTENIMIENTO DE CUENTA;BANCO CREDICOOP - GASTOS DE MANTENIMIENTO DE CUENTA;1
553;27;5046;BANCO HSBC - GASTOS DE MANTENIMIENTO DE CUENTA;BANCO HSBC - GASTOS DE MANTENIMIENTO DE CUENTA;1
554;27;5049;BANCO PATAGONIA - GASTOS DE MANTENIMIENTO DE CUENTA;BANCO PATAGONIA - GASTOS DE MANTENIMIENTO DE CUENTA;1
555;27;5035;BANCO SANTANDER - INTERESES POR PRESTAMOS;BANCO SANTANDER - INTERESES POR PRESTAMOS;1
556;27;5038;BANCO GALICIA - INTERESES POR PRESTAMOS;BANCO GALICIA - INTERESES POR PRESTAMOS;1
557;27;5041;BBVA FRANCES - INTERESES POR PRESTAMOS;BBVA FRANCES - INTERESES POR PRESTAMOS;1
558;27;5044;BANCO CREDICOOP- INTERESES POR PRESTAMOS;BANCO CREDICOOP- INTERESES POR PRESTAMOS;1
559;27;5047;BANCO HSBC - INTERESES POR PRESTAMOS;BANCO HSBC - INTERESES POR PRESTAMOS;1
560;27;5050;BANCO PATAGONIA- INTERESES POR PRESTAMOS;BANCO PATAGONIA- INTERESES POR PRESTAMOS;1
561;27;1050;RODADOS - BIENES DE USO;RODADOS - BIENES DE USO;1
562;27;1051;MUEBLES Y UTILES - BIENES DE USO;MUEBLES Y UTILES - BIENES DE USO;1
563;27;1052;MAQUINARIA - BIENES DE USO;MAQUINARIA - BIENES DE USO;1
564;27;1053;INMUEBLES - BIENES DE USO;INMUEBLES - BIENES DE USO;1
565;27;5020;RODADOS - GASTOS DE MANTENIMIENTO;RODADOS - GASTOS DE MANTENIMIENTO;1
566;27;5021;MUEBLES Y UTILES - GASTOS DE MANTENIMIENTO;MUEBLES Y UTILES - GASTOS DE MANTENIMIENTO;1
567;27;5022;MAQUINARIA - GASTOS DE MANTENIMIENTO;MAQUINARIA - GASTOS DE MANTENIMIENTO;1
568;27;5023;INMUEBLES - GASTOS DE MANTENIMIENTO;INMUEBLES - GASTOS DE MANTENIMIENTO;1
569;27;5024;COMPRA DE BIENES USADOS A CF;COMPRA DE BIENES USADOS A CF;1
570;27;1059;INSTALACIONES - BIENES DE USO;INSTALACIONES - BIENES DE USO;1
571;27;5025;INSTALACIONES - GASTOS DE MANTENIMIENTO;INSTALACIONES - GASTOS DE MANTENIMIENTO;1
586;29;4000;VENTAS;VENTAS;1
587;29;5000;COMPRAS;COMPRAS;1
588;29;5001;COMISION TARJETAS DE CREDITO;COMISION TARJETAS DE CREDITO;1
589;29;5002;COMBUSTIBLES Y LUBRICANTES;COMBUSTIBLES Y LUBRICANTES;1
590;29;5003;FLETES Y CORREO;FLETES Y CORREO;1
591;29;5005;LIBRERIA Y PAPELERIA;LIBRERIA Y PAPELERIA;1
592;29;5006;HONORARIOS PROFESIONALES;HONORARIOS PROFESIONALES;1
593;29;5007;ALQUILERES PAGADOS;ALQUILERES PAGADOS;1
594;29;5008;SEGUROS PAGADOS;SEGUROS PAGADOS;1
595;29;5010;GASTOS GENERALES;GASTOS GENERALES;1
596;29;5011;SERVICISO INFORMATICOS;SERVICIOS INFORMATICOS;1
597;29;5012;CANON;CANON;1
598;29;5013;SERVICIOS JURIDICOS;SERVICIOS JURIDICOS;1
599;29;5030;BANCO NACION - INTERES POR DESCUBIERTO;BANCO NACION - INTERES POR DESCUBIERTO;1
600;29;5009;INTERESES BANCARIOS;INTERESES BANCARIOS;1
601;29;5031;BANCO NACION - GASTOS DE MANTENIMIENTO DE CUENTA;BANCO NACION - GASTOS DE MANTENIMIENTO DE CUENTA;1
602;29;5032;BANCO NACION - INTERESES POR PRESTAMOS;BANCO NACION - INTERESES POR PRESTAMOS;1
603;29;5033;BANCO SANTANDER - INTERES POR DESCUBIERTO;BANCO SANTANDER - INTERES POR DESCUBIERTO;1
604;29;5036;BANCO GALICIA - INTERES POR DESCUBIERTO;BANCO GALICIA - INTERES POR DESCUBIERTO;1
605;29;5039;BBVA FRANCES - INTERES POR DESCUBIERTO;BBVA FRANCES - INTERES POR DESCUBIERTO;1
606;29;5042;BANCO CREDICOOP - INTERES POR DESCUBIERTO;BANCO CREDICOOP - INTERES POR DESCUBIERTO;1
607;29;5045;BANCO HSBC - INTERES POR DESCUBIERTO;BANCO HSBC - INTERES POR DESCUBIERTO;1
608;29;5048;BANCO PATAGONIA - INTERES POR DESCUBIERTO;BANCO PATAGONIA - INTERES POR DESCUBIERTO;1
609;29;5034;BANCO SANTANDER - GASTOS DE MANTENIMIENTO DE CUENTA;BANCO SANTANDER - GASTOS DE MANTENIMIENTO DE CUENTA;1
610;29;5037;BANCO GALICIA - GASTOS DE MANTENIMIENTO DE CUENTA;BANCO GALICIA - GASTOS DE MANTENIMIENTO DE CUENTA;1
611;29;5043;BANCO CREDICOOP - GASTOS DE MANTENIMIENTO DE CUENTA;BANCO CREDICOOP - GASTOS DE MANTENIMIENTO DE CUENTA;1
612;29;5046;BANCO HSBC - GASTOS DE MANTENIMIENTO DE CUENTA;BANCO HSBC - GASTOS DE MANTENIMIENTO DE CUENTA;1
613;29;5049;BANCO PATAGONIA - GASTOS DE MANTENIMIENTO DE CUENTA;BANCO PATAGONIA - GASTOS DE MANTENIMIENTO DE CUENTA;1
614;29;5035;BANCO SANTANDER - INTERESES POR PRESTAMOS;BANCO SANTANDER - INTERESES POR PRESTAMOS;1
615;29;5038;BANCO GALICIA - INTERESES POR PRESTAMOS;BANCO GALICIA - INTERESES POR PRESTAMOS;1
616;29;5041;BBVA FRANCES - INTERESES POR PRESTAMOS;BBVA FRANCES - INTERESES POR PRESTAMOS;1
617;29;5044;BANCO CREDICOOP- INTERESES POR PRESTAMOS;BANCO CREDICOOP- INTERESES POR PRESTAMOS;1
618;29;5047;BANCO HSBC - INTERESES POR PRESTAMOS;BANCO HSBC - INTERESES POR PRESTAMOS;1
619;29;5050;BANCO PATAGONIA- INTERESES POR PRESTAMOS;BANCO PATAGONIA- INTERESES POR PRESTAMOS;1
620;29;1050;RODADOS - BIENES DE USO;RODADOS - BIENES DE USO;1
621;29;1051;MUEBLES Y UTILES - BIENES DE USO;MUEBLES Y UTILES - BIENES DE USO;1
622;29;1052;MAQUINARIA - BIENES DE USO;MAQUINARIA - BIENES DE USO;1
623;29;1053;INMUEBLES - BIENES DE USO;INMUEBLES - BIENES DE USO;1
624;29;5020;RODADOS - GASTOS DE MANTENIMIENTO;RODADOS - GASTOS DE MANTENIMIENTO;1
625;29;5021;MUEBLES Y UTILES - GASTOS DE MANTENIMIENTO;MUEBLES Y UTILES - GASTOS DE MANTENIMIENTO;1
626;29;5022;MAQUINARIA - GASTOS DE MANTENIMIENTO;MAQUINARIA - GASTOS DE MANTENIMIENTO;1
627;29;5023;INMUEBLES - GASTOS DE MANTENIMIENTO;INMUEBLES - GASTOS DE MANTENIMIENTO;1
628;29;5024;COMPRA DE BIENES USADOS A CF;COMPRA DE BIENES USADOS A CF;1
629;29;1059;INSTALACIONES - BIENES DE USO;INSTALACIONES - BIENES DE USO;1
630;29;5025;INSTALACIONES - GASTOS DE MANTENIMIENTO;INSTALACIONES - GASTOS DE MANTENIMIENTO;1
645;30;4000;VENTAS;VENTAS;1
646;30;5000;COMPRAS;COMPRAS;1
647;30;5001;COMISION TARJETAS DE CREDITO;COMISION TARJETAS DE CREDITO;1
648;30;5002;COMBUSTIBLES Y LUBRICANTES;COMBUSTIBLES Y LUBRICANTES;1
649;30;5003;FLETES Y CORREO;FLETES Y CORREO;1
650;30;5005;LIBRERIA Y PAPELERIA;LIBRERIA Y PAPELERIA;1
651;30;5006;HONORARIOS PROFESIONALES;HONORARIOS PROFESIONALES;1
652;30;5007;ALQUILERES PAGADOS;ALQUILERES PAGADOS;1
653;30;5008;SEGUROS PAGADOS;SEGUROS PAGADOS;1
654;30;5010;GASTOS GENERALES;GASTOS GENERALES;1
655;30;5011;SERVICISO INFORMATICOS;SERVICIOS INFORMATICOS;1
656;30;5012;CANON;CANON;1
657;30;5013;SERVICIOS JURIDICOS;SERVICIOS JURIDICOS;1
658;30;5030;BANCO NACION - INTERES POR DESCUBIERTO;BANCO NACION - INTERES POR DESCUBIERTO;1
659;30;5009;INTERESES BANCARIOS;INTERESES BANCARIOS;1
660;30;5031;BANCO NACION - GASTOS DE MANTENIMIENTO DE CUENTA;BANCO NACION - GASTOS DE MANTENIMIENTO DE CUENTA;1
661;30;5032;BANCO NACION - INTERESES POR PRESTAMOS;BANCO NACION - INTERESES POR PRESTAMOS;1
662;30;5033;BANCO SANTANDER - INTERES POR DESCUBIERTO;BANCO SANTANDER - INTERES POR DESCUBIERTO;1
663;30;5036;BANCO GALICIA - INTERES POR DESCUBIERTO;BANCO GALICIA - INTERES POR DESCUBIERTO;1
664;30;5039;BBVA FRANCES - INTERES POR DESCUBIERTO;BBVA FRANCES - INTERES POR DESCUBIERTO;1
665;30;5042;BANCO CREDICOOP - INTERES POR DESCUBIERTO;BANCO CREDICOOP - INTERES POR DESCUBIERTO;1
666;30;5045;BANCO HSBC - INTERES POR DESCUBIERTO;BANCO HSBC - INTERES POR DESCUBIERTO;1
667;30;5048;BANCO PATAGONIA - INTERES POR DESCUBIERTO;BANCO PATAGONIA - INTERES POR DESCUBIERTO;1
668;30;5034;BANCO SANTANDER - GASTOS DE MANTENIMIENTO DE CUENTA;BANCO SANTANDER - GASTOS DE MANTENIMIENTO DE CUENTA;1
669;30;5037;BANCO GALICIA - GASTOS DE MANTENIMIENTO DE CUENTA;BANCO GALICIA - GASTOS DE MANTENIMIENTO DE CUENTA;1
670;30;5043;BANCO CREDICOOP - GASTOS DE MANTENIMIENTO DE CUENTA;BANCO CREDICOOP - GASTOS DE MANTENIMIENTO DE CUENTA;1
671;30;5046;BANCO HSBC - GASTOS DE MANTENIMIENTO DE CUENTA;BANCO HSBC - GASTOS DE MANTENIMIENTO DE CUENTA;1
672;30;5049;BANCO PATAGONIA - GASTOS DE MANTENIMIENTO DE CUENTA;BANCO PATAGONIA - GASTOS DE MANTENIMIENTO DE CUENTA;1
673;30;5035;BANCO SANTANDER - INTERESES POR PRESTAMOS;BANCO SANTANDER - INTERESES POR PRESTAMOS;1
674;30;5038;BANCO GALICIA - INTERESES POR PRESTAMOS;BANCO GALICIA - INTERESES POR PRESTAMOS;1
675;30;5041;BBVA FRANCES - INTERESES POR PRESTAMOS;BBVA FRANCES - INTERESES POR PRESTAMOS;1
676;30;5044;BANCO CREDICOOP- INTERESES POR PRESTAMOS;BANCO CREDICOOP- INTERESES POR PRESTAMOS;1
677;30;5047;BANCO HSBC - INTERESES POR PRESTAMOS;BANCO HSBC - INTERESES POR PRESTAMOS;1
678;30;5050;BANCO PATAGONIA- INTERESES POR PRESTAMOS;BANCO PATAGONIA- INTERESES POR PRESTAMOS;1
679;30;1050;RODADOS - BIENES DE USO;RODADOS - BIENES DE USO;1
680;30;1051;MUEBLES Y UTILES - BIENES DE USO;MUEBLES Y UTILES - BIENES DE USO;1
681;30;1052;MAQUINARIA - BIENES DE USO;MAQUINARIA - BIENES DE USO;1
682;30;1053;INMUEBLES - BIENES DE USO;INMUEBLES - BIENES DE USO;1
683;30;5020;RODADOS - GASTOS DE MANTENIMIENTO;RODADOS - GASTOS DE MANTENIMIENTO;1
684;30;5021;MUEBLES Y UTILES - GASTOS DE MANTENIMIENTO;MUEBLES Y UTILES - GASTOS DE MANTENIMIENTO;1
685;30;5022;MAQUINARIA - GASTOS DE MANTENIMIENTO;MAQUINARIA - GASTOS DE MANTENIMIENTO;1
686;30;5023;INMUEBLES - GASTOS DE MANTENIMIENTO;INMUEBLES - GASTOS DE MANTENIMIENTO;1
687;30;5024;COMPRA DE BIENES USADOS A CF;COMPRA DE BIENES USADOS A CF;1
688;30;1059;INSTALACIONES - BIENES DE USO;INSTALACIONES - BIENES DE USO;1
689;30;5025;INSTALACIONES - GASTOS DE MANTENIMIENTO;INSTALACIONES - GASTOS DE MANTENIMIENTO;1
704;28;4000;VENTAS;VENTAS;1
705;28;5000;COMPRAS;COMPRAS;1
706;28;5001;COMISION TARJETAS DE CREDITO;COMISION TARJETAS DE CREDITO;1
707;28;5002;COMBUSTIBLES Y LUBRICANTES;COMBUSTIBLES Y LUBRICANTES;1
708;28;5003;FLETES Y CORREO;FLETES Y CORREO;1
709;28;5005;LIBRERIA Y PAPELERIA;LIBRERIA Y PAPELERIA;1
710;28;5006;HONORARIOS PROFESIONALES;HONORARIOS PROFESIONALES;1
711;28;5007;ALQUILERES PAGADOS;ALQUILERES PAGADOS;1
712;28;5008;SEGUROS PAGADOS;SEGUROS PAGADOS;1
713;28;5010;GASTOS GENERALES;GASTOS GENERALES;1
714;28;5011;SERVICISO INFORMATICOS;SERVICIOS INFORMATICOS;1
715;28;5012;CANON;CANON;1
716;28;5013;SERVICIOS JURIDICOS;SERVICIOS JURIDICOS;1
717;28;5030;BANCO NACION - INTERES POR DESCUBIERTO;BANCO NACION - INTERES POR DESCUBIERTO;1
718;28;5009;INTERESES BANCARIOS;INTERESES BANCARIOS;1
719;28;5031;BANCO NACION - GASTOS DE MANTENIMIENTO DE CUENTA;BANCO NACION - GASTOS DE MANTENIMIENTO DE CUENTA;1
720;28;5032;BANCO NACION - INTERESES POR PRESTAMOS;BANCO NACION - INTERESES POR PRESTAMOS;1
721;28;5033;BANCO SANTANDER - INTERES POR DESCUBIERTO;BANCO SANTANDER - INTERES POR DESCUBIERTO;1
722;28;5036;BANCO GALICIA - INTERES POR DESCUBIERTO;BANCO GALICIA - INTERES POR DESCUBIERTO;1
723;28;5039;BBVA FRANCES - INTERES POR DESCUBIERTO;BBVA FRANCES - INTERES POR DESCUBIERTO;1
724;28;5042;BANCO CREDICOOP - INTERES POR DESCUBIERTO;BANCO CREDICOOP - INTERES POR DESCUBIERTO;1
725;28;5045;BANCO HSBC - INTERES POR DESCUBIERTO;BANCO HSBC - INTERES POR DESCUBIERTO;1
726;28;5048;BANCO PATAGONIA - INTERES POR DESCUBIERTO;BANCO PATAGONIA - INTERES POR DESCUBIERTO;1
727;28;5034;BANCO SANTANDER - GASTOS DE MANTENIMIENTO DE CUENTA;BANCO SANTANDER - GASTOS DE MANTENIMIENTO DE CUENTA;1
728;28;5037;BANCO GALICIA - GASTOS DE MANTENIMIENTO DE CUENTA;BANCO GALICIA - GASTOS DE MANTENIMIENTO DE CUENTA;1
729;28;5043;BANCO CREDICOOP - GASTOS DE MANTENIMIENTO DE CUENTA;BANCO CREDICOOP - GASTOS DE MANTENIMIENTO DE CUENTA;1
730;28;5046;BANCO HSBC - GASTOS DE MANTENIMIENTO DE CUENTA;BANCO HSBC - GASTOS DE MANTENIMIENTO DE CUENTA;1
731;28;5049;BANCO PATAGONIA - GASTOS DE MANTENIMIENTO DE CUENTA;BANCO PATAGONIA - GASTOS DE MANTENIMIENTO DE CUENTA;1
732;28;5035;BANCO SANTANDER - INTERESES POR PRESTAMOS;BANCO SANTANDER - INTERESES POR PRESTAMOS;1
733;28;5038;BANCO GALICIA - INTERESES POR PRESTAMOS;BANCO GALICIA - INTERESES POR PRESTAMOS;1
734;28;5041;BBVA FRANCES - INTERESES POR PRESTAMOS;BBVA FRANCES - INTERESES POR PRESTAMOS;1
735;28;5044;BANCO CREDICOOP- INTERESES POR PRESTAMOS;BANCO CREDICOOP- INTERESES POR PRESTAMOS;1
736;28;5047;BANCO HSBC - INTERESES POR PRESTAMOS;BANCO HSBC - INTERESES POR PRESTAMOS;1
737;28;5050;BANCO PATAGONIA- INTERESES POR PRESTAMOS;BANCO PATAGONIA- INTERESES POR PRESTAMOS;1
738;28;1050;RODADOS - BIENES DE USO;RODADOS - BIENES DE USO;1
739;28;1051;MUEBLES Y UTILES - BIENES DE USO;MUEBLES Y UTILES - BIENES DE USO;1
740;28;1052;MAQUINARIA - BIENES DE USO;MAQUINARIA - BIENES DE USO;1
741;28;1053;INMUEBLES - BIENES DE USO;INMUEBLES - BIENES DE USO;1
742;28;5020;RODADOS - GASTOS DE MANTENIMIENTO;RODADOS - GASTOS DE MANTENIMIENTO;1
743;28;5021;MUEBLES Y UTILES - GASTOS DE MANTENIMIENTO;MUEBLES Y UTILES - GASTOS DE MANTENIMIENTO;1
744;28;5022;MAQUINARIA - GASTOS DE MANTENIMIENTO;MAQUINARIA - GASTOS DE MANTENIMIENTO;1
745;28;5023;INMUEBLES - GASTOS DE MANTENIMIENTO;INMUEBLES - GASTOS DE MANTENIMIENTO;1
746;28;5024;COMPRA DE BIENES USADOS A CF;COMPRA DE BIENES USADOS A CF;1
747;28;1059;INSTALACIONES - BIENES DE USO;INSTALACIONES - BIENES DE USO;1
748;28;5025;INSTALACIONES - GASTOS DE MANTENIMIENTO;INSTALACIONES - GASTOS DE MANTENIMIENTO;1
763;31;4000;VENTAS;VENTAS;1
764;31;5000;COMPRAS;COMPRAS;1
765;31;5001;COMISION TARJETAS DE CREDITO;COMISION TARJETAS DE CREDITO;1
766;31;5002;COMBUSTIBLES Y LUBRICANTES;COMBUSTIBLES Y LUBRICANTES;1
767;31;5003;FLETES Y CORREO;FLETES Y CORREO;1
768;31;5005;LIBRERIA Y PAPELERIA;LIBRERIA Y PAPELERIA;1
769;31;5006;HONORARIOS PROFESIONALES;HONORARIOS PROFESIONALES;1
770;31;5007;ALQUILERES PAGADOS;ALQUILERES PAGADOS;1
771;31;5008;SEGUROS PAGADOS;SEGUROS PAGADOS;1
772;31;5010;GASTOS GENERALES;GASTOS GENERALES;1
773;31;5011;SERVICISO INFORMATICOS;SERVICIOS INFORMATICOS;1
774;31;5012;CANON;CANON;1
775;31;5013;SERVICIOS JURIDICOS;SERVICIOS JURIDICOS;1
776;31;5030;BANCO NACION - INTERES POR DESCUBIERTO;BANCO NACION - INTERES POR DESCUBIERTO;1
777;31;5009;INTERESES BANCARIOS;INTERESES BANCARIOS;1
778;31;5031;BANCO NACION - GASTOS DE MANTENIMIENTO DE CUENTA;BANCO NACION - GASTOS DE MANTENIMIENTO DE CUENTA;1
779;31;5032;BANCO NACION - INTERESES POR PRESTAMOS;BANCO NACION - INTERESES POR PRESTAMOS;1
780;31;5033;BANCO SANTANDER - INTERES POR DESCUBIERTO;BANCO SANTANDER - INTERES POR DESCUBIERTO;1
781;31;5036;BANCO GALICIA - INTERES POR DESCUBIERTO;BANCO GALICIA - INTERES POR DESCUBIERTO;1
782;31;5039;BBVA FRANCES - INTERES POR DESCUBIERTO;BBVA FRANCES - INTERES POR DESCUBIERTO;1
783;31;5042;BANCO CREDICOOP - INTERES POR DESCUBIERTO;BANCO CREDICOOP - INTERES POR DESCUBIERTO;1
784;31;5045;BANCO HSBC - INTERES POR DESCUBIERTO;BANCO HSBC - INTERES POR DESCUBIERTO;1
785;31;5048;BANCO PATAGONIA - INTERES POR DESCUBIERTO;BANCO PATAGONIA - INTERES POR DESCUBIERTO;1
786;31;5034;BANCO SANTANDER - GASTOS DE MANTENIMIENTO DE CUENTA;BANCO SANTANDER - GASTOS DE MANTENIMIENTO DE CUENTA;1
787;31;5037;BANCO GALICIA - GASTOS DE MANTENIMIENTO DE CUENTA;BANCO GALICIA - GASTOS DE MANTENIMIENTO DE CUENTA;1
788;31;5043;BANCO CREDICOOP - GASTOS DE MANTENIMIENTO DE CUENTA;BANCO CREDICOOP - GASTOS DE MANTENIMIENTO DE CUENTA;1
789;31;5046;BANCO HSBC - GASTOS DE MANTENIMIENTO DE CUENTA;BANCO HSBC - GASTOS DE MANTENIMIENTO DE CUENTA;1
790;31;5049;BANCO PATAGONIA - GASTOS DE MANTENIMIENTO DE CUENTA;BANCO PATAGONIA - GASTOS DE MANTENIMIENTO DE CUENTA;1
791;31;5035;BANCO SANTANDER - INTERESES POR PRESTAMOS;BANCO SANTANDER - INTERESES POR PRESTAMOS;1
792;31;5038;BANCO GALICIA - INTERESES POR PRESTAMOS;BANCO GALICIA - INTERESES POR PRESTAMOS;1
793;31;5041;BBVA FRANCES - INTERESES POR PRESTAMOS;BBVA FRANCES - INTERESES POR PRESTAMOS;1
794;31;5044;BANCO CREDICOOP- INTERESES POR PRESTAMOS;BANCO CREDICOOP- INTERESES POR PRESTAMOS;1
795;31;5047;BANCO HSBC - INTERESES POR PRESTAMOS;BANCO HSBC - INTERESES POR PRESTAMOS;1
796;31;5050;BANCO PATAGONIA- INTERESES POR PRESTAMOS;BANCO PATAGONIA- INTERESES POR PRESTAMOS;1
797;31;1050;RODADOS - BIENES DE USO;RODADOS - BIENES DE USO;1
798;31;1051;MUEBLES Y UTILES - BIENES DE USO;MUEBLES Y UTILES - BIENES DE USO;1
799;31;1052;MAQUINARIA - BIENES DE USO;MAQUINARIA - BIENES DE USO;1
800;31;1053;INMUEBLES - BIENES DE USO;INMUEBLES - BIENES DE USO;1
801;31;5020;RODADOS - GASTOS DE MANTENIMIENTO;RODADOS - GASTOS DE MANTENIMIENTO;1
802;31;5021;MUEBLES Y UTILES - GASTOS DE MANTENIMIENTO;MUEBLES Y UTILES - GASTOS DE MANTENIMIENTO;1
803;31;5022;MAQUINARIA - GASTOS DE MANTENIMIENTO;MAQUINARIA - GASTOS DE MANTENIMIENTO;1
804;31;5023;INMUEBLES - GASTOS DE MANTENIMIENTO;INMUEBLES - GASTOS DE MANTENIMIENTO;1
805;31;5024;COMPRA DE BIENES USADOS A CF;COMPRA DE BIENES USADOS A CF;1
806;31;1059;INSTALACIONES - BIENES DE USO;INSTALACIONES - BIENES DE USO;1
807;31;5025;INSTALACIONES - GASTOS DE MANTENIMIENTO;INSTALACIONES - GASTOS DE MANTENIMIENTO;1
808;28;5004;servicios y tasas;SERVICIOS Y TASAS;1
809;31;5004;SERVICIOS Y TASAS;SERVICIOS Y TASAS;1
824;23;4000;VENTAS;VENTAS;1
825;23;5000;COMPRAS;COMPRAS;1
826;23;5001;COMISION TARJETAS DE CREDITO;COMISION TARJETAS DE CREDITO;1
827;23;5002;COMBUSTIBLES Y LUBRICANTES;COMBUSTIBLES Y LUBRICANTES;1
828;23;5003;FLETES Y CORREO;FLETES Y CORREO;1
829;23;5005;LIBRERIA Y PAPELERIA;LIBRERIA Y PAPELERIA;1
830;23;5006;HONORARIOS PROFESIONALES;HONORARIOS PROFESIONALES;1
831;23;5007;ALQUILERES PAGADOS;ALQUILERES PAGADOS;1
832;23;5008;SEGUROS PAGADOS;SEGUROS PAGADOS;1
833;23;5010;GASTOS GENERALES;GASTOS GENERALES;1
834;23;5011;SERVICISO INFORMATICOS;SERVICIOS INFORMATICOS;1
835;23;5012;CANON;CANON;1
836;23;5013;SERVICIOS JURIDICOS;SERVICIOS JURIDICOS;1
837;23;5030;BANCO NACION - INTERES POR DESCUBIERTO;BANCO NACION - INTERES POR DESCUBIERTO;1
838;23;5009;INTERESES BANCARIOS;INTERESES BANCARIOS;1
839;23;5031;BANCO NACION - GASTOS DE MANTENIMIENTO DE CUENTA;BANCO NACION - GASTOS DE MANTENIMIENTO DE CUENTA;1
840;23;5032;BANCO NACION - INTERESES POR PRESTAMOS;BANCO NACION - INTERESES POR PRESTAMOS;1
841;23;5033;BANCO SANTANDER - INTERES POR DESCUBIERTO;BANCO SANTANDER - INTERES POR DESCUBIERTO;1
842;23;5036;BANCO GALICIA - INTERES POR DESCUBIERTO;BANCO GALICIA - INTERES POR DESCUBIERTO;1
843;23;5039;BBVA FRANCES - INTERES POR DESCUBIERTO;BBVA FRANCES - INTERES POR DESCUBIERTO;1
844;23;5042;BANCO CREDICOOP - INTERES POR DESCUBIERTO;BANCO CREDICOOP - INTERES POR DESCUBIERTO;1
845;23;5045;BANCO HSBC - INTERES POR DESCUBIERTO;BANCO HSBC - INTERES POR DESCUBIERTO;1
846;23;5048;BANCO PATAGONIA - INTERES POR DESCUBIERTO;BANCO PATAGONIA - INTERES POR DESCUBIERTO;1
847;23;5034;BANCO SANTANDER - GASTOS DE MANTENIMIENTO DE CUENTA;BANCO SANTANDER - GASTOS DE MANTENIMIENTO DE CUENTA;1
848;23;5037;BANCO GALICIA - GASTOS DE MANTENIMIENTO DE CUENTA;BANCO GALICIA - GASTOS DE MANTENIMIENTO DE CUENTA;1
849;23;5043;BANCO CREDICOOP - GASTOS DE MANTENIMIENTO DE CUENTA;BANCO CREDICOOP - GASTOS DE MANTENIMIENTO DE CUENTA;1
850;23;5046;BANCO HSBC - GASTOS DE MANTENIMIENTO DE CUENTA;BANCO HSBC - GASTOS DE MANTENIMIENTO DE CUENTA;1
851;23;5049;BANCO PATAGONIA - GASTOS DE MANTENIMIENTO DE CUENTA;BANCO PATAGONIA - GASTOS DE MANTENIMIENTO DE CUENTA;1
852;23;5035;BANCO SANTANDER - INTERESES POR PRESTAMOS;BANCO SANTANDER - INTERESES POR PRESTAMOS;1
853;23;5038;BANCO GALICIA - INTERESES POR PRESTAMOS;BANCO GALICIA - INTERESES POR PRESTAMOS;1
854;23;5041;BBVA FRANCES - INTERESES POR PRESTAMOS;BBVA FRANCES - INTERESES POR PRESTAMOS;1
855;23;5044;BANCO CREDICOOP- INTERESES POR PRESTAMOS;BANCO CREDICOOP- INTERESES POR PRESTAMOS;1
856;23;5047;BANCO HSBC - INTERESES POR PRESTAMOS;BANCO HSBC - INTERESES POR PRESTAMOS;1
857;23;5050;BANCO PATAGONIA- INTERESES POR PRESTAMOS;BANCO PATAGONIA- INTERESES POR PRESTAMOS;1
858;23;1050;RODADOS - BIENES DE USO;RODADOS - BIENES DE USO;1
859;23;1051;MUEBLES Y UTILES - BIENES DE USO;MUEBLES Y UTILES - BIENES DE USO;1
860;23;1052;MAQUINARIA - BIENES DE USO;MAQUINARIA - BIENES DE USO;1
861;23;1053;INMUEBLES - BIENES DE USO;INMUEBLES - BIENES DE USO;1
867;23;1059;INSTALACIONES - BIENES DE USO;INSTALACIONES - BIENES DE USO;1
883;34;4000;VENTAS;VENTAS;1
884;34;5000;COMPRAS;COMPRAS;1
885;34;5001;COMISION TARJETAS DE CREDITO;COMISION TARJETAS DE CREDITO;1
886;34;5002;COMBUSTIBLES Y LUBRICANTES;COMBUSTIBLES Y LUBRICANTES;1
887;34;5003;FLETES Y CORREO;FLETES Y CORREO;1
888;34;5005;LIBRERIA Y PAPELERIA;LIBRERIA Y PAPELERIA;1
889;34;5006;HONORARIOS PROFESIONALES;HONORARIOS PROFESIONALES;1
890;34;5007;ALQUILERES PAGADOS;ALQUILERES PAGADOS;1
891;34;5008;SEGUROS PAGADOS;SEGUROS PAGADOS;1
892;34;5010;GASTOS GENERALES;GASTOS GENERALES;1
893;34;5011;SERVICISO INFORMATICOS;SERVICIOS INFORMATICOS;1
894;34;5012;CANON;CANON;1
895;34;5013;SERVICIOS JURIDICOS;SERVICIOS JURIDICOS;1
896;34;5030;BANCO NACION - INTERES POR DESCUBIERTO;BANCO NACION - INTERES POR DESCUBIERTO;1
897;34;5009;INTERESES BANCARIOS;INTERESES BANCARIOS;1
898;34;5031;BANCO NACION - GASTOS DE MANTENIMIENTO DE CUENTA;BANCO NACION - GASTOS DE MANTENIMIENTO DE CUENTA;1
899;34;5032;BANCO NACION - INTERESES POR PRESTAMOS;BANCO NACION - INTERESES POR PRESTAMOS;1
900;34;5033;BANCO SANTANDER - INTERES POR DESCUBIERTO;BANCO SANTANDER - INTERES POR DESCUBIERTO;1
901;34;5036;BANCO GALICIA - INTERES POR DESCUBIERTO;BANCO GALICIA - INTERES POR DESCUBIERTO;1
902;34;5039;BBVA FRANCES - INTERES POR DESCUBIERTO;BBVA FRANCES - INTERES POR DESCUBIERTO;1
903;34;5042;BANCO CREDICOOP - INTERES POR DESCUBIERTO;BANCO CREDICOOP - INTERES POR DESCUBIERTO;1
904;34;5045;BANCO HSBC - INTERES POR DESCUBIERTO;BANCO HSBC - INTERES POR DESCUBIERTO;1
905;34;5048;BANCO PATAGONIA - INTERES POR DESCUBIERTO;BANCO PATAGONIA - INTERES POR DESCUBIERTO;1
906;34;5034;BANCO SANTANDER - GASTOS DE MANTENIMIENTO DE CUENTA;BANCO SANTANDER - GASTOS DE MANTENIMIENTO DE CUENTA;1
907;34;5037;BANCO GALICIA - GASTOS DE MANTENIMIENTO DE CUENTA;BANCO GALICIA - GASTOS DE MANTENIMIENTO DE CUENTA;1
908;34;5043;BANCO CREDICOOP - GASTOS DE MANTENIMIENTO DE CUENTA;BANCO CREDICOOP - GASTOS DE MANTENIMIENTO DE CUENTA;1
909;34;5046;BANCO HSBC - GASTOS DE MANTENIMIENTO DE CUENTA;BANCO HSBC - GASTOS DE MANTENIMIENTO DE CUENTA;1
910;34;5049;BANCO PATAGONIA - GASTOS DE MANTENIMIENTO DE CUENTA;BANCO PATAGONIA - GASTOS DE MANTENIMIENTO DE CUENTA;1
911;34;5035;BANCO SANTANDER - INTERESES POR PRESTAMOS;BANCO SANTANDER - INTERESES POR PRESTAMOS;1
912;34;5038;BANCO GALICIA - INTERESES POR PRESTAMOS;BANCO GALICIA - INTERESES POR PRESTAMOS;1
913;34;5041;BBVA FRANCES - INTERESES POR PRESTAMOS;BBVA FRANCES - INTERESES POR PRESTAMOS;1
914;34;5044;BANCO CREDICOOP- INTERESES POR PRESTAMOS;BANCO CREDICOOP- INTERESES POR PRESTAMOS;1
915;34;5047;BANCO HSBC - INTERESES POR PRESTAMOS;BANCO HSBC - INTERESES POR PRESTAMOS;1
916;34;5050;BANCO PATAGONIA- INTERESES POR PRESTAMOS;BANCO PATAGONIA- INTERESES POR PRESTAMOS;1
917;34;1050;RODADOS - BIENES DE USO;RODADOS - BIENES DE USO;1
918;34;1051;MUEBLES Y UTILES - BIENES DE USO;MUEBLES Y UTILES - BIENES DE USO;1
919;34;1052;MAQUINARIA - BIENES DE USO;MAQUINARIA - BIENES DE USO;1
920;34;1053;INMUEBLES - BIENES DE USO;INMUEBLES - BIENES DE USO;1
921;34;5020;RODADOS - GASTOS DE MANTENIMIENTO;RODADOS - GASTOS DE MANTENIMIENTO;1
922;34;5021;MUEBLES Y UTILES - GASTOS DE MANTENIMIENTO;MUEBLES Y UTILES - GASTOS DE MANTENIMIENTO;1
923;34;5022;MAQUINARIA - GASTOS DE MANTENIMIENTO;MAQUINARIA - GASTOS DE MANTENIMIENTO;1
924;34;5023;INMUEBLES - GASTOS DE MANTENIMIENTO;INMUEBLES - GASTOS DE MANTENIMIENTO;1
925;34;5024;COMPRA DE BIENES USADOS A CF;COMPRA DE BIENES USADOS A CF;1
926;34;1059;INSTALACIONES - BIENES DE USO;INSTALACIONES - BIENES DE USO;1
927;34;5025;INSTALACIONES - GASTOS DE MANTENIMIENTO;INSTALACIONES - GASTOS DE MANTENIMIENTO;1
942;39;4000;VENTAS;VENTAS;1
943;39;5000;COMPRAS;COMPRAS;1
944;39;5001;COMISION TARJETAS DE CREDITO;COMISION TARJETAS DE CREDITO;1
945;39;5002;COMBUSTIBLES Y LUBRICANTES;COMBUSTIBLES Y LUBRICANTES;1
946;39;5003;FLETES Y CORREO;FLETES Y CORREO;1
947;39;5005;LIBRERIA Y PAPELERIA;LIBRERIA Y PAPELERIA;1
948;39;5006;HONORARIOS PROFESIONALES;HONORARIOS PROFESIONALES;1
949;39;5007;ALQUILERES PAGADOS;ALQUILERES PAGADOS;1
950;39;5008;SEGUROS PAGADOS;SEGUROS PAGADOS;1
951;39;5010;GASTOS GENERALES;GASTOS GENERALES;1
952;39;5011;SERVICISO INFORMATICOS;SERVICIOS INFORMATICOS;1
953;39;5012;CANON;CANON;1
954;39;5013;SERVICIOS JURIDICOS;SERVICIOS JURIDICOS;1
955;39;5030;BANCO NACION - INTERES POR DESCUBIERTO;BANCO NACION - INTERES POR DESCUBIERTO;1
956;39;5009;INTERESES BANCARIOS;INTERESES BANCARIOS;1
957;39;5031;BANCO NACION - GASTOS DE MANTENIMIENTO DE CUENTA;BANCO NACION - GASTOS DE MANTENIMIENTO DE CUENTA;1
958;39;5032;BANCO NACION - INTERESES POR PRESTAMOS;BANCO NACION - INTERESES POR PRESTAMOS;1
959;39;5033;BANCO SANTANDER - INTERES POR DESCUBIERTO;BANCO SANTANDER - INTERES POR DESCUBIERTO;1
960;39;5036;BANCO GALICIA - INTERES POR DESCUBIERTO;BANCO GALICIA - INTERES POR DESCUBIERTO;1
961;39;5039;BBVA FRANCES - INTERES POR DESCUBIERTO;BBVA FRANCES - INTERES POR DESCUBIERTO;1
962;39;5042;BANCO CREDICOOP - INTERES POR DESCUBIERTO;BANCO CREDICOOP - INTERES POR DESCUBIERTO;1
963;39;5045;BANCO HSBC - INTERES POR DESCUBIERTO;BANCO HSBC - INTERES POR DESCUBIERTO;1
964;39;5048;BANCO PATAGONIA - INTERES POR DESCUBIERTO;BANCO PATAGONIA - INTERES POR DESCUBIERTO;1
965;39;5034;BANCO SANTANDER - GASTOS DE MANTENIMIENTO DE CUENTA;BANCO SANTANDER - GASTOS DE MANTENIMIENTO DE CUENTA;1
966;39;5037;BANCO GALICIA - GASTOS DE MANTENIMIENTO DE CUENTA;BANCO GALICIA - GASTOS DE MANTENIMIENTO DE CUENTA;1
967;39;5043;BANCO CREDICOOP - GASTOS DE MANTENIMIENTO DE CUENTA;BANCO CREDICOOP - GASTOS DE MANTENIMIENTO DE CUENTA;1
968;39;5046;BANCO HSBC - GASTOS DE MANTENIMIENTO DE CUENTA;BANCO HSBC - GASTOS DE MANTENIMIENTO DE CUENTA;1
969;39;5049;BANCO PATAGONIA - GASTOS DE MANTENIMIENTO DE CUENTA;BANCO PATAGONIA - GASTOS DE MANTENIMIENTO DE CUENTA;1
970;39;5035;BANCO SANTANDER - INTERESES POR PRESTAMOS;BANCO SANTANDER - INTERESES POR PRESTAMOS;1
971;39;5038;BANCO GALICIA - INTERESES POR PRESTAMOS;BANCO GALICIA - INTERESES POR PRESTAMOS;1
972;39;5041;BBVA FRANCES - INTERESES POR PRESTAMOS;BBVA FRANCES - INTERESES POR PRESTAMOS;1
973;39;5044;BANCO CREDICOOP- INTERESES POR PRESTAMOS;BANCO CREDICOOP- INTERESES POR PRESTAMOS;1
974;39;5047;BANCO HSBC - INTERESES POR PRESTAMOS;BANCO HSBC - INTERESES POR PRESTAMOS;1
975;39;5050;BANCO PATAGONIA- INTERESES POR PRESTAMOS;BANCO PATAGONIA- INTERESES POR PRESTAMOS;1
976;39;1050;RODADOS - BIENES DE USO;RODADOS - BIENES DE USO;1
977;39;1051;MUEBLES Y UTILES - BIENES DE USO;MUEBLES Y UTILES - BIENES DE USO;1
978;39;1052;MAQUINARIA - BIENES DE USO;MAQUINARIA - BIENES DE USO;1
979;39;1053;INMUEBLES - BIENES DE USO;INMUEBLES - BIENES DE USO;1
980;39;5020;RODADOS - GASTOS DE MANTENIMIENTO;RODADOS - GASTOS DE MANTENIMIENTO;1
981;39;5021;MUEBLES Y UTILES - GASTOS DE MANTENIMIENTO;MUEBLES Y UTILES - GASTOS DE MANTENIMIENTO;1
982;39;5022;MAQUINARIA - GASTOS DE MANTENIMIENTO;MAQUINARIA - GASTOS DE MANTENIMIENTO;1
983;39;5023;INMUEBLES - GASTOS DE MANTENIMIENTO;INMUEBLES - GASTOS DE MANTENIMIENTO;1
984;39;5024;COMPRA DE BIENES USADOS A CF;COMPRA DE BIENES USADOS A CF;1
985;39;1059;INSTALACIONES - BIENES DE USO;INSTALACIONES - BIENES DE USO;1
986;39;5025;INSTALACIONES - GASTOS DE MANTENIMIENTO;INSTALACIONES - GASTOS DE MANTENIMIENTO;1
987;39;5004;SERVICIOS Y TASAS;SERVICIOS Y TASAS;1
988;34;5004;SERVICIOS Y TASAS;SERVICIOS Y TASAS;1
1003;32;4000;VENTAS;VENTAS;1
1004;32;5000;COMPRAS;COMPRAS;1
1005;32;5001;COMISION TARJETAS DE CREDITO;COMISION TARJETAS DE CREDITO;1
1006;32;5002;COMBUSTIBLES Y LUBRICANTES;COMBUSTIBLES Y LUBRICANTES;1
1007;32;5003;FLETES Y CORREO;FLETES Y CORREO;1
1008;32;5005;LIBRERIA Y PAPELERIA;LIBRERIA Y PAPELERIA;1
1009;32;5006;HONORARIOS PROFESIONALES;HONORARIOS PROFESIONALES;1
1010;32;5007;ALQUILERES PAGADOS;ALQUILERES PAGADOS;1
1011;32;5008;SEGUROS PAGADOS;SEGUROS PAGADOS;1
1012;32;5010;GASTOS GENERALES;GASTOS GENERALES;1
1013;32;5011;SERVICISO INFORMATICOS;SERVICIOS INFORMATICOS;1
1014;32;5012;CANON;CANON;1
1015;32;5013;SERVICIOS JURIDICOS;SERVICIOS JURIDICOS;1
1016;32;5030;BANCO NACION - INTERES POR DESCUBIERTO;BANCO NACION - INTERES POR DESCUBIERTO;1
1017;32;5009;INTERESES BANCARIOS;INTERESES BANCARIOS;1
1018;32;5031;BANCO NACION - GASTOS DE MANTENIMIENTO DE CUENTA;BANCO NACION - GASTOS DE MANTENIMIENTO DE CUENTA;1
1019;32;5032;BANCO NACION - INTERESES POR PRESTAMOS;BANCO NACION - INTERESES POR PRESTAMOS;1
1020;32;5033;BANCO SANTANDER - INTERES POR DESCUBIERTO;BANCO SANTANDER - INTERES POR DESCUBIERTO;1
1021;32;5036;BANCO GALICIA - INTERES POR DESCUBIERTO;BANCO GALICIA - INTERES POR DESCUBIERTO;1
1022;32;5039;BBVA FRANCES - INTERES POR DESCUBIERTO;BBVA FRANCES - INTERES POR DESCUBIERTO;1
1023;32;5042;BANCO CREDICOOP - INTERES POR DESCUBIERTO;BANCO CREDICOOP - INTERES POR DESCUBIERTO;1
1024;32;5045;BANCO HSBC - INTERES POR DESCUBIERTO;BANCO HSBC - INTERES POR DESCUBIERTO;1
1025;32;5048;BANCO PATAGONIA - INTERES POR DESCUBIERTO;BANCO PATAGONIA - INTERES POR DESCUBIERTO;1
1026;32;5034;BANCO SANTANDER - GASTOS DE MANTENIMIENTO DE CUENTA;BANCO SANTANDER - GASTOS DE MANTENIMIENTO DE CUENTA;1
1027;32;5037;BANCO GALICIA - GASTOS DE MANTENIMIENTO DE CUENTA;BANCO GALICIA - GASTOS DE MANTENIMIENTO DE CUENTA;1
1028;32;5043;BANCO CREDICOOP - GASTOS DE MANTENIMIENTO DE CUENTA;BANCO CREDICOOP - GASTOS DE MANTENIMIENTO DE CUENTA;1
1029;32;5046;BANCO HSBC - GASTOS DE MANTENIMIENTO DE CUENTA;BANCO HSBC - GASTOS DE MANTENIMIENTO DE CUENTA;1
1030;32;5049;BANCO PATAGONIA - GASTOS DE MANTENIMIENTO DE CUENTA;BANCO PATAGONIA - GASTOS DE MANTENIMIENTO DE CUENTA;1
1031;32;5035;BANCO SANTANDER - INTERESES POR PRESTAMOS;BANCO SANTANDER - INTERESES POR PRESTAMOS;1
1032;32;5038;BANCO GALICIA - INTERESES POR PRESTAMOS;BANCO GALICIA - INTERESES POR PRESTAMOS;1
1033;32;5041;BBVA FRANCES - INTERESES POR PRESTAMOS;BBVA FRANCES - INTERESES POR PRESTAMOS;1
1034;32;5044;BANCO CREDICOOP- INTERESES POR PRESTAMOS;BANCO CREDICOOP- INTERESES POR PRESTAMOS;1
1035;32;5047;BANCO HSBC - INTERESES POR PRESTAMOS;BANCO HSBC - INTERESES POR PRESTAMOS;1
1036;32;5050;BANCO PATAGONIA- INTERESES POR PRESTAMOS;BANCO PATAGONIA- INTERESES POR PRESTAMOS;1
1037;32;1050;RODADOS - BIENES DE USO;RODADOS - BIENES DE USO;1
1038;32;1051;MUEBLES Y UTILES - BIENES DE USO;MUEBLES Y UTILES - BIENES DE USO;1
1039;32;1052;MAQUINARIA - BIENES DE USO;MAQUINARIA - BIENES DE USO;1
1040;32;1053;INMUEBLES - BIENES DE USO;INMUEBLES - BIENES DE USO;1
1041;32;5020;RODADOS - GASTOS DE MANTENIMIENTO;RODADOS - GASTOS DE MANTENIMIENTO;1
1042;32;5021;MUEBLES Y UTILES - GASTOS DE MANTENIMIENTO;MUEBLES Y UTILES - GASTOS DE MANTENIMIENTO;1
1043;32;5022;MAQUINARIA - GASTOS DE MANTENIMIENTO;MAQUINARIA - GASTOS DE MANTENIMIENTO;1
1044;32;5023;INMUEBLES - GASTOS DE MANTENIMIENTO;INMUEBLES - GASTOS DE MANTENIMIENTO;1
1045;32;5024;COMPRA DE BIENES USADOS A CF;COMPRA DE BIENES USADOS A CF;1
1046;32;1059;INSTALACIONES - BIENES DE USO;INSTALACIONES - BIENES DE USO;1
1047;32;5025;INSTALACIONES - GASTOS DE MANTENIMIENTO;INSTALACIONES - GASTOS DE MANTENIMIENTO;1
1064;41;5001;COMISION TARJETAS DE CREDITO;COMISION TARJETAS DE CREDITO;1
1065;41;5002;COMBUSTIBLES Y LUBRICANTES;COMBUSTIBLES Y LUBRICANTES;1
1066;41;5003;FLETES Y CORREO;FLETES Y CORREO;1
1067;41;5005;LIBRERIA Y PAPELERIA;LIBRERIA Y PAPELERIA;1
1068;41;5006;HONORARIOS PROFESIONALES;HONORARIOS PROFESIONALES;1
1069;41;5007;ALQUILERES PAGADOS;ALQUILERES PAGADOS;1
1070;41;5008;SEGUROS PAGADOS;SEGUROS PAGADOS;1
1071;41;5010;GASTOS GENERALES;GASTOS GENERALES;1
1072;41;5011;SERVICISO INFORMATICOS;SERVICIOS INFORMATICOS;1
1073;41;5012;CANON;CANON;1
1074;41;5013;SERVICIOS JURIDICOS;SERVICIOS JURIDICOS;1
1075;41;5030;BANCO NACION - INTERES POR DESCUBIERTO;BANCO NACION - INTERES POR DESCUBIERTO;1
1076;41;5009;INTERESES BANCARIOS;INTERESES BANCARIOS;1
1077;41;5031;BANCO NACION - GASTOS DE MANTENIMIENTO DE CUENTA;BANCO NACION - GASTOS DE MANTENIMIENTO DE CUENTA;1
1078;41;5032;BANCO NACION - INTERESES POR PRESTAMOS;BANCO NACION - INTERESES POR PRESTAMOS;1
1079;41;5033;BANCO SANTANDER - INTERES POR DESCUBIERTO;BANCO SANTANDER - INTERES POR DESCUBIERTO;1
1080;41;5036;BANCO GALICIA - INTERES POR DESCUBIERTO;BANCO GALICIA - INTERES POR DESCUBIERTO;1
1081;41;5039;BBVA FRANCES - INTERES POR DESCUBIERTO;BBVA FRANCES - INTERES POR DESCUBIERTO;1
1082;41;5042;BANCO CREDICOOP - INTERES POR DESCUBIERTO;BANCO CREDICOOP - INTERES POR DESCUBIERTO;1
1083;41;5045;BANCO HSBC - INTERES POR DESCUBIERTO;BANCO HSBC - INTERES POR DESCUBIERTO;1
1084;41;5048;BANCO PATAGONIA - INTERES POR DESCUBIERTO;BANCO PATAGONIA - INTERES POR DESCUBIERTO;1
1085;41;5034;BANCO SANTANDER - GASTOS DE MANTENIMIENTO DE CUENTA;BANCO SANTANDER - GASTOS DE MANTENIMIENTO DE CUENTA;1
1086;41;5037;BANCO GALICIA - GASTOS DE MANTENIMIENTO DE CUENTA;BANCO GALICIA - GASTOS DE MANTENIMIENTO DE CUENTA;1
1087;41;5043;BANCO CREDICOOP - GASTOS DE MANTENIMIENTO DE CUENTA;BANCO CREDICOOP - GASTOS DE MANTENIMIENTO DE CUENTA;1
1088;41;5046;BANCO HSBC - GASTOS DE MANTENIMIENTO DE CUENTA;BANCO HSBC - GASTOS DE MANTENIMIENTO DE CUENTA;1
1089;41;5049;BANCO PATAGONIA - GASTOS DE MANTENIMIENTO DE CUENTA;BANCO PATAGONIA - GASTOS DE MANTENIMIENTO DE CUENTA;1
1090;41;5035;BANCO SANTANDER - INTERESES POR PRESTAMOS;BANCO SANTANDER - INTERESES POR PRESTAMOS;1
1091;41;5038;BANCO GALICIA - INTERESES POR PRESTAMOS;BANCO GALICIA - INTERESES POR PRESTAMOS;1
1092;41;5041;BBVA FRANCES - INTERESES POR PRESTAMOS;BBVA FRANCES - INTERESES POR PRESTAMOS;1
1093;41;5044;BANCO CREDICOOP- INTERESES POR PRESTAMOS;BANCO CREDICOOP- INTERESES POR PRESTAMOS;1
1094;41;5047;BANCO HSBC - INTERESES POR PRESTAMOS;BANCO HSBC - INTERESES POR PRESTAMOS;1
1095;41;5050;BANCO PATAGONIA- INTERESES POR PRESTAMOS;BANCO PATAGONIA- INTERESES POR PRESTAMOS;1
1096;41;1050;RODADOS - BIENES DE USO;RODADOS - BIENES DE USO;1
1097;41;1051;MUEBLES Y UTILES - BIENES DE USO;MUEBLES Y UTILES - BIENES DE USO;1
1098;41;1052;MAQUINARIA - BIENES DE USO;MAQUINARIA - BIENES DE USO;1
1099;41;1053;INMUEBLES - BIENES DE USO;INMUEBLES - BIENES DE USO;1
1100;41;5020;RODADOS - GASTOS DE MANTENIMIENTO;RODADOS - GASTOS DE MANTENIMIENTO;1
1101;41;5021;MUEBLES Y UTILES - GASTOS DE MANTENIMIENTO;MUEBLES Y UTILES - GASTOS DE MANTENIMIENTO;1
1102;41;5022;MAQUINARIA - GASTOS DE MANTENIMIENTO;MAQUINARIA - GASTOS DE MANTENIMIENTO;1
1103;41;5023;INMUEBLES - GASTOS DE MANTENIMIENTO;INMUEBLES - GASTOS DE MANTENIMIENTO;1
1104;41;5024;COMPRA DE BIENES USADOS A CF;COMPRA DE BIENES USADOS A CF;1
1105;41;1059;INSTALACIONES - BIENES DE USO;INSTALACIONES - BIENES DE USO;1
1106;41;5025;INSTALACIONES - GASTOS DE MANTENIMIENTO;INSTALACIONES - GASTOS DE MANTENIMIENTO;1
1107;32;5004;SERVICIOS Y TASAS;SERVICIOS Y TASAS;1
1122;42;4000;VENTAS;VENTAS;1
1123;42;5000;COMPRAS;COMPRAS;1
1124;42;5001;COMISION TARJETAS DE CREDITO;COMISION TARJETAS DE CREDITO;1
1125;42;5002;COMBUSTIBLES Y LUBRICANTES;COMBUSTIBLES Y LUBRICANTES;1
1126;42;5003;FLETES Y CORREO;FLETES Y CORREO;1
1127;42;5005;LIBRERIA Y PAPELERIA;LIBRERIA Y PAPELERIA;1
1128;42;5006;HONORARIOS PROFESIONALES;HONORARIOS PROFESIONALES;1
1129;42;5007;ALQUILERES PAGADOS;ALQUILERES PAGADOS;1
1130;42;5008;SEGUROS PAGADOS;SEGUROS PAGADOS;1
1131;42;5010;GASTOS GENERALES;GASTOS GENERALES;1
1132;42;5011;SERVICISO INFORMATICOS;SERVICIOS INFORMATICOS;1
1133;42;5012;CANON;CANON;1
1134;42;5013;SERVICIOS JURIDICOS;SERVICIOS JURIDICOS;1
1135;42;5030;BANCO NACION - INTERES POR DESCUBIERTO;BANCO NACION - INTERES POR DESCUBIERTO;1
1136;42;5009;INTERESES BANCARIOS;INTERESES BANCARIOS;1
1137;42;5031;BANCO NACION - GASTOS DE MANTENIMIENTO DE CUENTA;BANCO NACION - GASTOS DE MANTENIMIENTO DE CUENTA;1
1138;42;5032;BANCO NACION - INTERESES POR PRESTAMOS;BANCO NACION - INTERESES POR PRESTAMOS;1
1139;42;5033;BANCO SANTANDER - INTERES POR DESCUBIERTO;BANCO SANTANDER - INTERES POR DESCUBIERTO;1
1140;42;5036;BANCO GALICIA - INTERES POR DESCUBIERTO;BANCO GALICIA - INTERES POR DESCUBIERTO;1
1141;42;5039;BBVA FRANCES - INTERES POR DESCUBIERTO;BBVA FRANCES - INTERES POR DESCUBIERTO;1
1142;42;5042;BANCO CREDICOOP - INTERES POR DESCUBIERTO;BANCO CREDICOOP - INTERES POR DESCUBIERTO;1
1143;42;5045;BANCO HSBC - INTERES POR DESCUBIERTO;BANCO HSBC - INTERES POR DESCUBIERTO;1
1144;42;5048;BANCO PATAGONIA - INTERES POR DESCUBIERTO;BANCO PATAGONIA - INTERES POR DESCUBIERTO;1
1145;42;5034;BANCO SANTANDER - GASTOS DE MANTENIMIENTO DE CUENTA;BANCO SANTANDER - GASTOS DE MANTENIMIENTO DE CUENTA;1
1146;42;5037;BANCO GALICIA - GASTOS DE MANTENIMIENTO DE CUENTA;BANCO GALICIA - GASTOS DE MANTENIMIENTO DE CUENTA;1
1147;42;5043;BANCO CREDICOOP - GASTOS DE MANTENIMIENTO DE CUENTA;BANCO CREDICOOP - GASTOS DE MANTENIMIENTO DE CUENTA;1
1148;42;5046;BANCO HSBC - GASTOS DE MANTENIMIENTO DE CUENTA;BANCO HSBC - GASTOS DE MANTENIMIENTO DE CUENTA;1
1149;42;5049;BANCO PATAGONIA - GASTOS DE MANTENIMIENTO DE CUENTA;BANCO PATAGONIA - GASTOS DE MANTENIMIENTO DE CUENTA;1
1150;42;5035;BANCO SANTANDER - INTERESES POR PRESTAMOS;BANCO SANTANDER - INTERESES POR PRESTAMOS;1
1151;42;5038;BANCO GALICIA - INTERESES POR PRESTAMOS;BANCO GALICIA - INTERESES POR PRESTAMOS;1
1152;42;5041;BBVA FRANCES - INTERESES POR PRESTAMOS;BBVA FRANCES - INTERESES POR PRESTAMOS;1
1153;42;5044;BANCO CREDICOOP- INTERESES POR PRESTAMOS;BANCO CREDICOOP- INTERESES POR PRESTAMOS;1
1154;42;5047;BANCO HSBC - INTERESES POR PRESTAMOS;BANCO HSBC - INTERESES POR PRESTAMOS;1
1155;42;5050;BANCO PATAGONIA- INTERESES POR PRESTAMOS;BANCO PATAGONIA- INTERESES POR PRESTAMOS;1
1156;42;1050;RODADOS - BIENES DE USO;RODADOS - BIENES DE USO;1
1157;42;1051;MUEBLES Y UTILES - BIENES DE USO;MUEBLES Y UTILES - BIENES DE USO;1
1158;42;1052;MAQUINARIA - BIENES DE USO;MAQUINARIA - BIENES DE USO;1
1159;42;1053;INMUEBLES - BIENES DE USO;INMUEBLES - BIENES DE USO;1
1160;42;5020;RODADOS - GASTOS DE MANTENIMIENTO;RODADOS - GASTOS DE MANTENIMIENTO;1
1161;42;5021;MUEBLES Y UTILES - GASTOS DE MANTENIMIENTO;MUEBLES Y UTILES - GASTOS DE MANTENIMIENTO;1
1162;42;5022;MAQUINARIA - GASTOS DE MANTENIMIENTO;MAQUINARIA - GASTOS DE MANTENIMIENTO;1
1163;42;5023;INMUEBLES - GASTOS DE MANTENIMIENTO;INMUEBLES - GASTOS DE MANTENIMIENTO;1
1164;42;5024;COMPRA DE BIENES USADOS A CF;COMPRA DE BIENES USADOS A CF;1
1165;42;1059;INSTALACIONES - BIENES DE USO;INSTALACIONES - BIENES DE USO;1
1166;42;5025;INSTALACIONES - GASTOS DE MANTENIMIENTO;INSTALACIONES - GASTOS DE MANTENIMIENTO;1
1167;42;5004;SERVICIOS Y TASAS;SERVICIOS Y TASAS;1
1168;4;5004;SERVICIOS Y TASAS;SERVICIOS Y TASAS;1
1183;44;4000;VENTAS;VENTAS;1
1184;44;5000;COMPRAS;COMPRAS;1
1185;44;5001;COMISION TARJETAS DE CREDITO;COMISION TARJETAS DE CREDITO;1
1186;44;5002;COMBUSTIBLES Y LUBRICANTES;COMBUSTIBLES Y LUBRICANTES;1
1187;44;5003;FLETES Y CORREO;FLETES Y CORREO;1
1188;44;5005;LIBRERIA Y PAPELERIA;LIBRERIA Y PAPELERIA;1
1189;44;5006;HONORARIOS PROFESIONALES;HONORARIOS PROFESIONALES;1
1190;44;5007;ALQUILERES PAGADOS;ALQUILERES PAGADOS;1
1191;44;5008;SEGUROS PAGADOS;SEGUROS PAGADOS;1
1192;44;5010;GASTOS GENERALES;GASTOS GENERALES;1
1193;44;5011;SERVICISO INFORMATICOS;SERVICIOS INFORMATICOS;1
1194;44;5012;CANON;CANON;1
1195;44;5013;SERVICIOS JURIDICOS;SERVICIOS JURIDICOS;1
1196;44;5030;BANCO NACION - INTERES POR DESCUBIERTO;BANCO NACION - INTERES POR DESCUBIERTO;1
1197;44;5009;INTERESES BANCARIOS;INTERESES BANCARIOS;1
1198;44;5031;BANCO NACION - GASTOS DE MANTENIMIENTO DE CUENTA;BANCO NACION - GASTOS DE MANTENIMIENTO DE CUENTA;1
1199;44;5032;BANCO NACION - INTERESES POR PRESTAMOS;BANCO NACION - INTERESES POR PRESTAMOS;1
1200;44;5033;BANCO SANTANDER - INTERES POR DESCUBIERTO;BANCO SANTANDER - INTERES POR DESCUBIERTO;1
1201;44;5036;BANCO GALICIA - INTERES POR DESCUBIERTO;BANCO GALICIA - INTERES POR DESCUBIERTO;1
1202;44;5039;BBVA FRANCES - INTERES POR DESCUBIERTO;BBVA FRANCES - INTERES POR DESCUBIERTO;1
1203;44;5042;BANCO CREDICOOP - INTERES POR DESCUBIERTO;BANCO CREDICOOP - INTERES POR DESCUBIERTO;1
1204;44;5045;BANCO HSBC - INTERES POR DESCUBIERTO;BANCO HSBC - INTERES POR DESCUBIERTO;1
1205;44;5048;BANCO PATAGONIA - INTERES POR DESCUBIERTO;BANCO PATAGONIA - INTERES POR DESCUBIERTO;1
1206;44;5034;BANCO SANTANDER - GASTOS DE MANTENIMIENTO DE CUENTA;BANCO SANTANDER - GASTOS DE MANTENIMIENTO DE CUENTA;1
1207;44;5037;BANCO GALICIA - GASTOS DE MANTENIMIENTO DE CUENTA;BANCO GALICIA - GASTOS DE MANTENIMIENTO DE CUENTA;1
1208;44;5043;BANCO CREDICOOP - GASTOS DE MANTENIMIENTO DE CUENTA;BANCO CREDICOOP - GASTOS DE MANTENIMIENTO DE CUENTA;1
1209;44;5046;BANCO HSBC - GASTOS DE MANTENIMIENTO DE CUENTA;BANCO HSBC - GASTOS DE MANTENIMIENTO DE CUENTA;1
1210;44;5049;BANCO PATAGONIA - GASTOS DE MANTENIMIENTO DE CUENTA;BANCO PATAGONIA - GASTOS DE MANTENIMIENTO DE CUENTA;1
1211;44;5035;BANCO SANTANDER - INTERESES POR PRESTAMOS;BANCO SANTANDER - INTERESES POR PRESTAMOS;1
1212;44;5038;BANCO GALICIA - INTERESES POR PRESTAMOS;BANCO GALICIA - INTERESES POR PRESTAMOS;1
1213;44;5041;BBVA FRANCES - INTERESES POR PRESTAMOS;BBVA FRANCES - INTERESES POR PRESTAMOS;1
1214;44;5044;BANCO CREDICOOP- INTERESES POR PRESTAMOS;BANCO CREDICOOP- INTERESES POR PRESTAMOS;1
1215;44;5047;BANCO HSBC - INTERESES POR PRESTAMOS;BANCO HSBC - INTERESES POR PRESTAMOS;1
1216;44;5050;BANCO PATAGONIA- INTERESES POR PRESTAMOS;BANCO PATAGONIA- INTERESES POR PRESTAMOS;1
1217;44;1050;RODADOS - BIENES DE USO;RODADOS - BIENES DE USO;1
1218;44;1051;MUEBLES Y UTILES - BIENES DE USO;MUEBLES Y UTILES - BIENES DE USO;1
1219;44;1052;MAQUINARIA - BIENES DE USO;MAQUINARIA - BIENES DE USO;1
1220;44;1053;INMUEBLES - BIENES DE USO;INMUEBLES - BIENES DE USO;1
1221;44;5020;RODADOS - GASTOS DE MANTENIMIENTO;RODADOS - GASTOS DE MANTENIMIENTO;1
1222;44;5021;MUEBLES Y UTILES - GASTOS DE MANTENIMIENTO;MUEBLES Y UTILES - GASTOS DE MANTENIMIENTO;1
1223;44;5022;MAQUINARIA - GASTOS DE MANTENIMIENTO;MAQUINARIA - GASTOS DE MANTENIMIENTO;1
1224;44;5023;INMUEBLES - GASTOS DE MANTENIMIENTO;INMUEBLES - GASTOS DE MANTENIMIENTO;1
1225;44;5024;COMPRA DE BIENES USADOS A CF;COMPRA DE BIENES USADOS A CF;1
1226;44;1059;INSTALACIONES - BIENES DE USO;INSTALACIONES - BIENES DE USO;1
1227;44;5025;INSTALACIONES - GASTOS DE MANTENIMIENTO;INSTALACIONES - GASTOS DE MANTENIMIENTO;1
1228;44;5004;SERVICIOS Y TASAS;SERVICIOS Y TASAS;1
1244;43;5000;COMPRAS;COMPRAS;1
1245;43;5001;COMISION TARJETAS DE CREDITO;COMISION TARJETAS DE CREDITO;1
1246;43;5002;COMBUSTIBLES Y LUBRICANTES;COMBUSTIBLES Y LUBRICANTES;1
1247;43;5003;FLETES Y CORREO;FLETES Y CORREO;1
1248;43;5005;LIBRERIA Y PAPELERIA;LIBRERIA Y PAPELERIA;1
1249;43;5006;HONORARIOS PROFESIONALES;HONORARIOS PROFESIONALES;1
1250;43;5007;ALQUILERES PAGADOS;ALQUILERES PAGADOS;1
1251;43;5008;SEGUROS PAGADOS;SEGUROS PAGADOS;1
1252;43;5010;GASTOS GENERALES;GASTOS GENERALES;1
1253;43;5011;SERVICISO INFORMATICOS;SERVICIOS INFORMATICOS;1
1254;43;5012;CANON;CANON;1
1255;43;5013;SERVICIOS JURIDICOS;SERVICIOS JURIDICOS;1
1256;43;5030;BANCO NACION - INTERES POR DESCUBIERTO;BANCO NACION - INTERES POR DESCUBIERTO;1
1257;43;5009;INTERESES BANCARIOS;INTERESES BANCARIOS;1
1258;43;5031;BANCO NACION - GASTOS DE MANTENIMIENTO DE CUENTA;BANCO NACION - GASTOS DE MANTENIMIENTO DE CUENTA;1
1259;43;5032;BANCO NACION - INTERESES POR PRESTAMOS;BANCO NACION - INTERESES POR PRESTAMOS;1
1260;43;5033;BANCO SANTANDER - INTERES POR DESCUBIERTO;BANCO SANTANDER - INTERES POR DESCUBIERTO;1
1261;43;5036;BANCO GALICIA - INTERES POR DESCUBIERTO;BANCO GALICIA - INTERES POR DESCUBIERTO;1
1262;43;5039;BBVA FRANCES - INTERES POR DESCUBIERTO;BBVA FRANCES - INTERES POR DESCUBIERTO;1
1263;43;5042;BANCO CREDICOOP - INTERES POR DESCUBIERTO;BANCO CREDICOOP - INTERES POR DESCUBIERTO;1
1264;43;5045;BANCO HSBC - INTERES POR DESCUBIERTO;BANCO HSBC - INTERES POR DESCUBIERTO;1
1265;43;5048;BANCO PATAGONIA - INTERES POR DESCUBIERTO;BANCO PATAGONIA - INTERES POR DESCUBIERTO;1
1266;43;5034;BANCO SANTANDER - GASTOS DE MANTENIMIENTO DE CUENTA;BANCO SANTANDER - GASTOS DE MANTENIMIENTO DE CUENTA;1
1267;43;5037;BANCO GALICIA - GASTOS DE MANTENIMIENTO DE CUENTA;BANCO GALICIA - GASTOS DE MANTENIMIENTO DE CUENTA;1
1268;43;5043;BANCO CREDICOOP - GASTOS DE MANTENIMIENTO DE CUENTA;BANCO CREDICOOP - GASTOS DE MANTENIMIENTO DE CUENTA;1
1269;43;5046;BANCO HSBC - GASTOS DE MANTENIMIENTO DE CUENTA;BANCO HSBC - GASTOS DE MANTENIMIENTO DE CUENTA;1
1270;43;5049;BANCO PATAGONIA - GASTOS DE MANTENIMIENTO DE CUENTA;BANCO PATAGONIA - GASTOS DE MANTENIMIENTO DE CUENTA;1
1271;43;5035;BANCO SANTANDER - INTERESES POR PRESTAMOS;BANCO SANTANDER - INTERESES POR PRESTAMOS;1
1272;43;5038;BANCO GALICIA - INTERESES POR PRESTAMOS;BANCO GALICIA - INTERESES POR PRESTAMOS;1
1273;43;5041;BBVA FRANCES - INTERESES POR PRESTAMOS;BBVA FRANCES - INTERESES POR PRESTAMOS;1
1274;43;5044;BANCO CREDICOOP- INTERESES POR PRESTAMOS;BANCO CREDICOOP- INTERESES POR PRESTAMOS;1
1275;43;5047;BANCO HSBC - INTERESES POR PRESTAMOS;BANCO HSBC - INTERESES POR PRESTAMOS;1
1276;43;5050;BANCO PATAGONIA- INTERESES POR PRESTAMOS;BANCO PATAGONIA- INTERESES POR PRESTAMOS;1
1277;43;1050;RODADOS - BIENES DE USO;RODADOS - BIENES DE USO;1
1278;43;1051;MUEBLES Y UTILES - BIENES DE USO;MUEBLES Y UTILES - BIENES DE USO;1
1279;43;1052;MAQUINARIA - BIENES DE USO;MAQUINARIA - BIENES DE USO;1
1280;43;1053;INMUEBLES - BIENES DE USO;INMUEBLES - BIENES DE USO;1
1281;43;5020;RODADOS - GASTOS DE MANTENIMIENTO;RODADOS - GASTOS DE MANTENIMIENTO;1
1282;43;5021;MUEBLES Y UTILES - GASTOS DE MANTENIMIENTO;MUEBLES Y UTILES - GASTOS DE MANTENIMIENTO;1
1283;43;5022;MAQUINARIA - GASTOS DE MANTENIMIENTO;MAQUINARIA - GASTOS DE MANTENIMIENTO;1
1284;43;5023;INMUEBLES - GASTOS DE MANTENIMIENTO;INMUEBLES - GASTOS DE MANTENIMIENTO;1
1285;43;5024;COMPRA DE BIENES USADOS A CF;COMPRA DE BIENES USADOS A CF;1
1286;43;1059;INSTALACIONES - BIENES DE USO;INSTALACIONES - BIENES DE USO;1
1287;43;5025;INSTALACIONES - GASTOS DE MANTENIMIENTO;INSTALACIONES - GASTOS DE MANTENIMIENTO;1
1288;43;5004;SERVICIOS Y TASAS;SERVICIOS Y TASAS;1
1303;47;4000;VENTAS;VENTAS;1
1304;47;5000;COMPRAS;COMPRAS;1
1305;47;5001;COMISION TARJETAS DE CREDITO;COMISION TARJETAS DE CREDITO;1
1306;47;5002;COMBUSTIBLES Y LUBRICANTES;COMBUSTIBLES Y LUBRICANTES;1
1307;47;5003;FLETES Y CORREO;FLETES Y CORREO;1
1308;47;5005;LIBRERIA Y PAPELERIA;LIBRERIA Y PAPELERIA;1
1309;47;5006;HONORARIOS PROFESIONALES;HONORARIOS PROFESIONALES;1
1310;47;5007;ALQUILERES PAGADOS;ALQUILERES PAGADOS;1
1311;47;5008;SEGUROS PAGADOS;SEGUROS PAGADOS;1
1312;47;5010;GASTOS GENERALES;GASTOS GENERALES;1
1313;47;5011;SERVICISO INFORMATICOS;SERVICIOS INFORMATICOS;1
1314;47;5012;CANON;CANON;1
1315;47;5013;SERVICIOS JURIDICOS;SERVICIOS JURIDICOS;1
1316;47;5030;BANCO NACION - INTERES POR DESCUBIERTO;BANCO NACION - INTERES POR DESCUBIERTO;1
1317;47;5009;INTERESES BANCARIOS;INTERESES BANCARIOS;1
1318;47;5031;BANCO NACION - GASTOS DE MANTENIMIENTO DE CUENTA;BANCO NACION - GASTOS DE MANTENIMIENTO DE CUENTA;1
1319;47;5032;BANCO NACION - INTERESES POR PRESTAMOS;BANCO NACION - INTERESES POR PRESTAMOS;1
1320;47;5033;BANCO SANTANDER - INTERES POR DESCUBIERTO;BANCO SANTANDER - INTERES POR DESCUBIERTO;1
1321;47;5036;BANCO GALICIA - INTERES POR DESCUBIERTO;BANCO GALICIA - INTERES POR DESCUBIERTO;1
1322;47;5039;BBVA FRANCES - INTERES POR DESCUBIERTO;BBVA FRANCES - INTERES POR DESCUBIERTO;1
1323;47;5042;BANCO CREDICOOP - INTERES POR DESCUBIERTO;BANCO CREDICOOP - INTERES POR DESCUBIERTO;1
1324;47;5045;BANCO HSBC - INTERES POR DESCUBIERTO;BANCO HSBC - INTERES POR DESCUBIERTO;1
1325;47;5048;BANCO PATAGONIA - INTERES POR DESCUBIERTO;BANCO PATAGONIA - INTERES POR DESCUBIERTO;1
1326;47;5034;BANCO SANTANDER - GASTOS DE MANTENIMIENTO DE CUENTA;BANCO SANTANDER - GASTOS DE MANTENIMIENTO DE CUENTA;1
1327;47;5037;BANCO GALICIA - GASTOS DE MANTENIMIENTO DE CUENTA;BANCO GALICIA - GASTOS DE MANTENIMIENTO DE CUENTA;1
1328;47;5043;BANCO CREDICOOP - GASTOS DE MANTENIMIENTO DE CUENTA;BANCO CREDICOOP - GASTOS DE MANTENIMIENTO DE CUENTA;1
1329;47;5046;BANCO HSBC - GASTOS DE MANTENIMIENTO DE CUENTA;BANCO HSBC - GASTOS DE MANTENIMIENTO DE CUENTA;1
1330;47;5049;BANCO PATAGONIA - GASTOS DE MANTENIMIENTO DE CUENTA;BANCO PATAGONIA - GASTOS DE MANTENIMIENTO DE CUENTA;1
1331;47;5035;BANCO SANTANDER - INTERESES POR PRESTAMOS;BANCO SANTANDER - INTERESES POR PRESTAMOS;1
1332;47;5038;BANCO GALICIA - INTERESES POR PRESTAMOS;BANCO GALICIA - INTERESES POR PRESTAMOS;1
1333;47;5041;BBVA FRANCES - INTERESES POR PRESTAMOS;BBVA FRANCES - INTERESES POR PRESTAMOS;1
1334;47;5044;BANCO CREDICOOP- INTERESES POR PRESTAMOS;BANCO CREDICOOP- INTERESES POR PRESTAMOS;1
1335;47;5047;BANCO HSBC - INTERESES POR PRESTAMOS;BANCO HSBC - INTERESES POR PRESTAMOS;1
1336;47;5050;BANCO PATAGONIA- INTERESES POR PRESTAMOS;BANCO PATAGONIA- INTERESES POR PRESTAMOS;1
1337;47;1050;RODADOS - BIENES DE USO;RODADOS - BIENES DE USO;1
1338;47;1051;MUEBLES Y UTILES - BIENES DE USO;MUEBLES Y UTILES - BIENES DE USO;1
1339;47;1052;MAQUINARIA - BIENES DE USO;MAQUINARIA - BIENES DE USO;1
1340;47;1053;INMUEBLES - BIENES DE USO;INMUEBLES - BIENES DE USO;1
1341;47;5020;RODADOS - GASTOS DE MANTENIMIENTO;RODADOS - GASTOS DE MANTENIMIENTO;1
1342;47;5021;MUEBLES Y UTILES - GASTOS DE MANTENIMIENTO;MUEBLES Y UTILES - GASTOS DE MANTENIMIENTO;1
1343;47;5022;MAQUINARIA - GASTOS DE MANTENIMIENTO;MAQUINARIA - GASTOS DE MANTENIMIENTO;1
1344;47;5023;INMUEBLES - GASTOS DE MANTENIMIENTO;INMUEBLES - GASTOS DE MANTENIMIENTO;1
1345;47;5024;COMPRA DE BIENES USADOS A CF;COMPRA DE BIENES USADOS A CF;1
1346;47;1059;INSTALACIONES - BIENES DE USO;INSTALACIONES - BIENES DE USO;1
1347;47;5025;INSTALACIONES - GASTOS DE MANTENIMIENTO;INSTALACIONES - GASTOS DE MANTENIMIENTO;1
1348;47;5004;SERVICIOS Y TASAS;SERVICIOS Y TASAS;1
1363;48;4000;VENTAS;VENTAS;1
1364;48;5000;COMPRAS;COMPRAS;1
1365;48;5001;COMISION TARJETAS DE CREDITO;COMISION TARJETAS DE CREDITO;1
1366;48;5002;COMBUSTIBLES Y LUBRICANTES;COMBUSTIBLES Y LUBRICANTES;1
1367;48;5003;FLETES Y CORREO;FLETES Y CORREO;1
1368;48;5005;LIBRERIA Y PAPELERIA;LIBRERIA Y PAPELERIA;1
1369;48;5006;HONORARIOS PROFESIONALES;HONORARIOS PROFESIONALES;1
1370;48;5007;ALQUILERES PAGADOS;ALQUILERES PAGADOS;1
1371;48;5008;SEGUROS PAGADOS;SEGUROS PAGADOS;1
1372;48;5010;GASTOS GENERALES;GASTOS GENERALES;1
1373;48;5011;SERVICISO INFORMATICOS;SERVICIOS INFORMATICOS;1
1374;48;5012;CANON;CANON;1
1375;48;5013;SERVICIOS JURIDICOS;SERVICIOS JURIDICOS;1
1376;48;5030;BANCO NACION - INTERES POR DESCUBIERTO;BANCO NACION - INTERES POR DESCUBIERTO;1
1377;48;5009;INTERESES BANCARIOS;INTERESES BANCARIOS;1
1378;48;5031;BANCO NACION - GASTOS DE MANTENIMIENTO DE CUENTA;BANCO NACION - GASTOS DE MANTENIMIENTO DE CUENTA;1
1379;48;5032;BANCO NACION - INTERESES POR PRESTAMOS;BANCO NACION - INTERESES POR PRESTAMOS;1
1380;48;5033;BANCO SANTANDER - INTERES POR DESCUBIERTO;BANCO SANTANDER - INTERES POR DESCUBIERTO;1
1381;48;5036;BANCO GALICIA - INTERES POR DESCUBIERTO;BANCO GALICIA - INTERES POR DESCUBIERTO;1
1382;48;5039;BBVA FRANCES - INTERES POR DESCUBIERTO;BBVA FRANCES - INTERES POR DESCUBIERTO;1
1383;48;5042;BANCO CREDICOOP - INTERES POR DESCUBIERTO;BANCO CREDICOOP - INTERES POR DESCUBIERTO;1
1384;48;5045;BANCO HSBC - INTERES POR DESCUBIERTO;BANCO HSBC - INTERES POR DESCUBIERTO;1
1385;48;5048;BANCO PATAGONIA - INTERES POR DESCUBIERTO;BANCO PATAGONIA - INTERES POR DESCUBIERTO;1
1386;48;5034;BANCO SANTANDER - GASTOS DE MANTENIMIENTO DE CUENTA;BANCO SANTANDER - GASTOS DE MANTENIMIENTO DE CUENTA;1
1387;48;5037;BANCO GALICIA - GASTOS DE MANTENIMIENTO DE CUENTA;BANCO GALICIA - GASTOS DE MANTENIMIENTO DE CUENTA;1
1388;48;5043;BANCO CREDICOOP - GASTOS DE MANTENIMIENTO DE CUENTA;BANCO CREDICOOP - GASTOS DE MANTENIMIENTO DE CUENTA;1
1389;48;5046;BANCO HSBC - GASTOS DE MANTENIMIENTO DE CUENTA;BANCO HSBC - GASTOS DE MANTENIMIENTO DE CUENTA;1
1390;48;5049;BANCO PATAGONIA - GASTOS DE MANTENIMIENTO DE CUENTA;BANCO PATAGONIA - GASTOS DE MANTENIMIENTO DE CUENTA;1
1391;48;5035;BANCO SANTANDER - INTERESES POR PRESTAMOS;BANCO SANTANDER - INTERESES POR PRESTAMOS;1
1392;48;5038;BANCO GALICIA - INTERESES POR PRESTAMOS;BANCO GALICIA - INTERESES POR PRESTAMOS;1
1393;48;5041;BBVA FRANCES - INTERESES POR PRESTAMOS;BBVA FRANCES - INTERESES POR PRESTAMOS;1
1394;48;5044;BANCO CREDICOOP- INTERESES POR PRESTAMOS;BANCO CREDICOOP- INTERESES POR PRESTAMOS;1
1395;48;5047;BANCO HSBC - INTERESES POR PRESTAMOS;BANCO HSBC - INTERESES POR PRESTAMOS;1
1396;48;5050;BANCO PATAGONIA- INTERESES POR PRESTAMOS;BANCO PATAGONIA- INTERESES POR PRESTAMOS;1
1397;48;1050;RODADOS - BIENES DE USO;RODADOS - BIENES DE USO;1
1398;48;1051;MUEBLES Y UTILES - BIENES DE USO;MUEBLES Y UTILES - BIENES DE USO;1
1399;48;1052;MAQUINARIA - BIENES DE USO;MAQUINARIA - BIENES DE USO;1
1400;48;1053;INMUEBLES - BIENES DE USO;INMUEBLES - BIENES DE USO;1
1401;48;5020;RODADOS - GASTOS DE MANTENIMIENTO;RODADOS - GASTOS DE MANTENIMIENTO;1
1402;48;5021;MUEBLES Y UTILES - GASTOS DE MANTENIMIENTO;MUEBLES Y UTILES - GASTOS DE MANTENIMIENTO;1
1403;48;5022;MAQUINARIA - GASTOS DE MANTENIMIENTO;MAQUINARIA - GASTOS DE MANTENIMIENTO;1
1404;48;5023;INMUEBLES - GASTOS DE MANTENIMIENTO;INMUEBLES - GASTOS DE MANTENIMIENTO;1
1405;48;5024;COMPRA DE BIENES USADOS A CF;COMPRA DE BIENES USADOS A CF;1
1406;48;1059;INSTALACIONES - BIENES DE USO;INSTALACIONES - BIENES DE USO;1
1407;48;5025;INSTALACIONES - GASTOS DE MANTENIMIENTO;INSTALACIONES - GASTOS DE MANTENIMIENTO;1
1408;48;5004;SERVICIOS Y TASAS;SERVICIOS Y TASAS;1
1423;46;4000;VENTAS;VENTAS;1
1424;46;5000;COMPRAS;COMPRAS;1
1425;46;5001;COMISION TARJETAS DE CREDITO;COMISION TARJETAS DE CREDITO;1
1426;46;5002;COMBUSTIBLES Y LUBRICANTES;COMBUSTIBLES Y LUBRICANTES;1
1427;46;5003;FLETES Y CORREO;FLETES Y CORREO;1
1428;46;5005;LIBRERIA Y PAPELERIA;LIBRERIA Y PAPELERIA;1
1429;46;5006;HONORARIOS PROFESIONALES;HONORARIOS PROFESIONALES;1
1430;46;5007;ALQUILERES PAGADOS;ALQUILERES PAGADOS;1
1431;46;5008;SEGUROS PAGADOS;SEGUROS PAGADOS;1
1432;46;5010;GASTOS GENERALES;GASTOS GENERALES;1
1433;46;5011;SERVICISO INFORMATICOS;SERVICIOS INFORMATICOS;1
1434;46;5012;CANON;CANON;1
1435;46;5013;SERVICIOS JURIDICOS;SERVICIOS JURIDICOS;1
1436;46;5030;BANCO NACION - INTERES POR DESCUBIERTO;BANCO NACION - INTERES POR DESCUBIERTO;1
1437;46;5009;INTERESES BANCARIOS;INTERESES BANCARIOS;1
1438;46;5031;BANCO NACION - GASTOS DE MANTENIMIENTO DE CUENTA;BANCO NACION - GASTOS DE MANTENIMIENTO DE CUENTA;1
1439;46;5032;BANCO NACION - INTERESES POR PRESTAMOS;BANCO NACION - INTERESES POR PRESTAMOS;1
1440;46;5033;BANCO SANTANDER - INTERES POR DESCUBIERTO;BANCO SANTANDER - INTERES POR DESCUBIERTO;1
1441;46;5036;BANCO GALICIA - INTERES POR DESCUBIERTO;BANCO GALICIA - INTERES POR DESCUBIERTO;1
1442;46;5039;BBVA FRANCES - INTERES POR DESCUBIERTO;BBVA FRANCES - INTERES POR DESCUBIERTO;1
1443;46;5042;BANCO CREDICOOP - INTERES POR DESCUBIERTO;BANCO CREDICOOP - INTERES POR DESCUBIERTO;1
1444;46;5045;BANCO HSBC - INTERES POR DESCUBIERTO;BANCO HSBC - INTERES POR DESCUBIERTO;1
1445;46;5048;BANCO PATAGONIA - INTERES POR DESCUBIERTO;BANCO PATAGONIA - INTERES POR DESCUBIERTO;1
1446;46;5034;BANCO SANTANDER - GASTOS DE MANTENIMIENTO DE CUENTA;BANCO SANTANDER - GASTOS DE MANTENIMIENTO DE CUENTA;1
1447;46;5037;BANCO GALICIA - GASTOS DE MANTENIMIENTO DE CUENTA;BANCO GALICIA - GASTOS DE MANTENIMIENTO DE CUENTA;1
1448;46;5043;BANCO CREDICOOP - GASTOS DE MANTENIMIENTO DE CUENTA;BANCO CREDICOOP - GASTOS DE MANTENIMIENTO DE CUENTA;1
1449;46;5046;BANCO HSBC - GASTOS DE MANTENIMIENTO DE CUENTA;BANCO HSBC - GASTOS DE MANTENIMIENTO DE CUENTA;1
1450;46;5049;BANCO PATAGONIA - GASTOS DE MANTENIMIENTO DE CUENTA;BANCO PATAGONIA - GASTOS DE MANTENIMIENTO DE CUENTA;1
1451;46;5035;BANCO SANTANDER - INTERESES POR PRESTAMOS;BANCO SANTANDER - INTERESES POR PRESTAMOS;1
1452;46;5038;BANCO GALICIA - INTERESES POR PRESTAMOS;BANCO GALICIA - INTERESES POR PRESTAMOS;1
1453;46;5041;BBVA FRANCES - INTERESES POR PRESTAMOS;BBVA FRANCES - INTERESES POR PRESTAMOS;1
1454;46;5044;BANCO CREDICOOP- INTERESES POR PRESTAMOS;BANCO CREDICOOP- INTERESES POR PRESTAMOS;1
1455;46;5047;BANCO HSBC - INTERESES POR PRESTAMOS;BANCO HSBC - INTERESES POR PRESTAMOS;1
1456;46;5050;BANCO PATAGONIA- INTERESES POR PRESTAMOS;BANCO PATAGONIA- INTERESES POR PRESTAMOS;1
1457;46;1050;RODADOS - BIENES DE USO;RODADOS - BIENES DE USO;1
1458;46;1051;MUEBLES Y UTILES - BIENES DE USO;MUEBLES Y UTILES - BIENES DE USO;1
1459;46;1052;MAQUINARIA - BIENES DE USO;MAQUINARIA - BIENES DE USO;1
1460;46;1053;INMUEBLES - BIENES DE USO;INMUEBLES - BIENES DE USO;1
1461;46;5020;RODADOS - GASTOS DE MANTENIMIENTO;RODADOS - GASTOS DE MANTENIMIENTO;1
1462;46;5021;MUEBLES Y UTILES - GASTOS DE MANTENIMIENTO;MUEBLES Y UTILES - GASTOS DE MANTENIMIENTO;1
1463;46;5022;MAQUINARIA - GASTOS DE MANTENIMIENTO;MAQUINARIA - GASTOS DE MANTENIMIENTO;1
1464;46;5023;INMUEBLES - GASTOS DE MANTENIMIENTO;INMUEBLES - GASTOS DE MANTENIMIENTO;1
1465;46;5024;COMPRA DE BIENES USADOS A CF;COMPRA DE BIENES USADOS A CF;1
1466;46;1059;INSTALACIONES - BIENES DE USO;INSTALACIONES - BIENES DE USO;1
1467;46;5025;INSTALACIONES - GASTOS DE MANTENIMIENTO;INSTALACIONES - GASTOS DE MANTENIMIENTO;1
1468;46;5004;SERVICIOS Y TASAS;SERVICIOS Y TASAS;1
1483;49;4000;VENTAS;VENTAS;1
1484;49;5000;COMPRAS;COMPRAS;1
1485;49;5001;COMISION TARJETAS DE CREDITO;COMISION TARJETAS DE CREDITO;1
1486;49;5002;COMBUSTIBLES Y LUBRICANTES;COMBUSTIBLES Y LUBRICANTES;1
1487;49;5003;FLETES Y CORREO;FLETES Y CORREO;1
1488;49;5005;LIBRERIA Y PAPELERIA;LIBRERIA Y PAPELERIA;1
1489;49;5006;HONORARIOS PROFESIONALES;HONORARIOS PROFESIONALES;1
1490;49;5007;ALQUILERES PAGADOS;ALQUILERES PAGADOS;1
1491;49;5008;SEGUROS PAGADOS;SEGUROS PAGADOS;1
1492;49;5010;GASTOS GENERALES;GASTOS GENERALES;1
1493;49;5011;SERVICISO INFORMATICOS;SERVICIOS INFORMATICOS;1
1494;49;5012;CANON;CANON;1
1495;49;5013;SERVICIOS JURIDICOS;SERVICIOS JURIDICOS;1
1496;49;5030;BANCO NACION - INTERES POR DESCUBIERTO;BANCO NACION - INTERES POR DESCUBIERTO;1
1497;49;5009;INTERESES BANCARIOS;INTERESES BANCARIOS;1
1498;49;5031;BANCO NACION - GASTOS DE MANTENIMIENTO DE CUENTA;BANCO NACION - GASTOS DE MANTENIMIENTO DE CUENTA;1
1499;49;5032;BANCO NACION - INTERESES POR PRESTAMOS;BANCO NACION - INTERESES POR PRESTAMOS;1
1500;49;5033;BANCO SANTANDER - INTERES POR DESCUBIERTO;BANCO SANTANDER - INTERES POR DESCUBIERTO;1
1501;49;5036;BANCO GALICIA - INTERES POR DESCUBIERTO;BANCO GALICIA - INTERES POR DESCUBIERTO;1
1502;49;5039;BBVA FRANCES - INTERES POR DESCUBIERTO;BBVA FRANCES - INTERES POR DESCUBIERTO;1
1503;49;5042;BANCO CREDICOOP - INTERES POR DESCUBIERTO;BANCO CREDICOOP - INTERES POR DESCUBIERTO;1
1504;49;5045;BANCO HSBC - INTERES POR DESCUBIERTO;BANCO HSBC - INTERES POR DESCUBIERTO;1
1505;49;5048;BANCO PATAGONIA - INTERES POR DESCUBIERTO;BANCO PATAGONIA - INTERES POR DESCUBIERTO;1
1506;49;5034;BANCO SANTANDER - GASTOS DE MANTENIMIENTO DE CUENTA;BANCO SANTANDER - GASTOS DE MANTENIMIENTO DE CUENTA;1
1507;49;5037;BANCO GALICIA - GASTOS DE MANTENIMIENTO DE CUENTA;BANCO GALICIA - GASTOS DE MANTENIMIENTO DE CUENTA;1
1508;49;5043;BANCO CREDICOOP - GASTOS DE MANTENIMIENTO DE CUENTA;BANCO CREDICOOP - GASTOS DE MANTENIMIENTO DE CUENTA;1
1509;49;5046;BANCO HSBC - GASTOS DE MANTENIMIENTO DE CUENTA;BANCO HSBC - GASTOS DE MANTENIMIENTO DE CUENTA;1
1510;49;5049;BANCO PATAGONIA - GASTOS DE MANTENIMIENTO DE CUENTA;BANCO PATAGONIA - GASTOS DE MANTENIMIENTO DE CUENTA;1
1511;49;5035;BANCO SANTANDER - INTERESES POR PRESTAMOS;BANCO SANTANDER - INTERESES POR PRESTAMOS;1
1512;49;5038;BANCO GALICIA - INTERESES POR PRESTAMOS;BANCO GALICIA - INTERESES POR PRESTAMOS;1
1513;49;5041;BBVA FRANCES - INTERESES POR PRESTAMOS;BBVA FRANCES - INTERESES POR PRESTAMOS;1
1514;49;5044;BANCO CREDICOOP- INTERESES POR PRESTAMOS;BANCO CREDICOOP- INTERESES POR PRESTAMOS;1
1515;49;5047;BANCO HSBC - INTERESES POR PRESTAMOS;BANCO HSBC - INTERESES POR PRESTAMOS;1
1516;49;5050;BANCO PATAGONIA- INTERESES POR PRESTAMOS;BANCO PATAGONIA- INTERESES POR PRESTAMOS;1
1517;49;1050;RODADOS - BIENES DE USO;RODADOS - BIENES DE USO;1
1518;49;1051;MUEBLES Y UTILES - BIENES DE USO;MUEBLES Y UTILES - BIENES DE USO;1
1519;49;1052;MAQUINARIA - BIENES DE USO;MAQUINARIA - BIENES DE USO;1
1520;49;1053;INMUEBLES - BIENES DE USO;INMUEBLES - BIENES DE USO;1
1521;49;5020;RODADOS - GASTOS DE MANTENIMIENTO;RODADOS - GASTOS DE MANTENIMIENTO;1
1522;49;5021;MUEBLES Y UTILES - GASTOS DE MANTENIMIENTO;MUEBLES Y UTILES - GASTOS DE MANTENIMIENTO;1
1523;49;5022;MAQUINARIA - GASTOS DE MANTENIMIENTO;MAQUINARIA - GASTOS DE MANTENIMIENTO;1
1524;49;5023;INMUEBLES - GASTOS DE MANTENIMIENTO;INMUEBLES - GASTOS DE MANTENIMIENTO;1
1525;49;5024;COMPRA DE BIENES USADOS A CF;COMPRA DE BIENES USADOS A CF;1
1526;49;1059;INSTALACIONES - BIENES DE USO;INSTALACIONES - BIENES DE USO;1
1527;49;5025;INSTALACIONES - GASTOS DE MANTENIMIENTO;INSTALACIONES - GASTOS DE MANTENIMIENTO;1
1528;49;5004;SERVICIOS Y TASAS;SERVICIOS Y TASAS;1
1543;11;4000;VENTAS;VENTAS;1
1544;11;5000;COMPRAS;COMPRAS;1
1545;11;5001;COMISION TARJETAS DE CREDITO;COMISION TARJETAS DE CREDITO;1
1546;11;5002;COMBUSTIBLES Y LUBRICANTES;COMBUSTIBLES Y LUBRICANTES;1
1547;11;5003;FLETES Y CORREO;FLETES Y CORREO;1
1548;11;5005;LIBRERIA Y PAPELERIA;LIBRERIA Y PAPELERIA;1
1549;11;5006;HONORARIOS PROFESIONALES;HONORARIOS PROFESIONALES;1
1550;11;5007;ALQUILERES PAGADOS;ALQUILERES PAGADOS;1
1551;11;5008;SEGUROS PAGADOS;SEGUROS PAGADOS;1
1552;11;5010;GASTOS GENERALES;GASTOS GENERALES;1
1553;11;5011;SERVICISO INFORMATICOS;SERVICIOS INFORMATICOS;1
1554;11;5012;CANON;CANON;1
1555;11;5013;SERVICIOS JURIDICOS;SERVICIOS JURIDICOS;1
1556;11;5030;BANCO NACION - INTERES POR DESCUBIERTO;BANCO NACION - INTERES POR DESCUBIERTO;1
1557;11;5009;INTERESES BANCARIOS;INTERESES BANCARIOS;1
1558;11;5031;BANCO NACION - GASTOS DE MANTENIMIENTO DE CUENTA;BANCO NACION - GASTOS DE MANTENIMIENTO DE CUENTA;1
1559;11;5032;BANCO NACION - INTERESES POR PRESTAMOS;BANCO NACION - INTERESES POR PRESTAMOS;1
1560;11;5033;BANCO SANTANDER - INTERES POR DESCUBIERTO;BANCO SANTANDER - INTERES POR DESCUBIERTO;1
1561;11;5036;BANCO GALICIA - INTERES POR DESCUBIERTO;BANCO GALICIA - INTERES POR DESCUBIERTO;1
1562;11;5039;BBVA FRANCES - INTERES POR DESCUBIERTO;BBVA FRANCES - INTERES POR DESCUBIERTO;1
1563;11;5042;BANCO CREDICOOP - INTERES POR DESCUBIERTO;BANCO CREDICOOP - INTERES POR DESCUBIERTO;1
1564;11;5045;BANCO HSBC - INTERES POR DESCUBIERTO;BANCO HSBC - INTERES POR DESCUBIERTO;1
1565;11;5048;BANCO PATAGONIA - INTERES POR DESCUBIERTO;BANCO PATAGONIA - INTERES POR DESCUBIERTO;1
1566;11;5034;BANCO SANTANDER - GASTOS DE MANTENIMIENTO DE CUENTA;BANCO SANTANDER - GASTOS DE MANTENIMIENTO DE CUENTA;1
1567;11;5037;BANCO GALICIA - GASTOS DE MANTENIMIENTO DE CUENTA;BANCO GALICIA - GASTOS DE MANTENIMIENTO DE CUENTA;1
1568;11;5043;BANCO CREDICOOP - GASTOS DE MANTENIMIENTO DE CUENTA;BANCO CREDICOOP - GASTOS DE MANTENIMIENTO DE CUENTA;1
1569;11;5046;BANCO HSBC - GASTOS DE MANTENIMIENTO DE CUENTA;BANCO HSBC - GASTOS DE MANTENIMIENTO DE CUENTA;1
1570;11;5049;BANCO PATAGONIA - GASTOS DE MANTENIMIENTO DE CUENTA;BANCO PATAGONIA - GASTOS DE MANTENIMIENTO DE CUENTA;1
1571;11;5035;BANCO SANTANDER - INTERESES POR PRESTAMOS;BANCO SANTANDER - INTERESES POR PRESTAMOS;1
1572;11;5038;BANCO GALICIA - INTERESES POR PRESTAMOS;BANCO GALICIA - INTERESES POR PRESTAMOS;1
1573;11;5041;BBVA FRANCES - INTERESES POR PRESTAMOS;BBVA FRANCES - INTERESES POR PRESTAMOS;1
1574;11;5044;BANCO CREDICOOP- INTERESES POR PRESTAMOS;BANCO CREDICOOP- INTERESES POR PRESTAMOS;1
1575;11;5047;BANCO HSBC - INTERESES POR PRESTAMOS;BANCO HSBC - INTERESES POR PRESTAMOS;1
1576;11;5050;BANCO PATAGONIA- INTERESES POR PRESTAMOS;BANCO PATAGONIA- INTERESES POR PRESTAMOS;1
1577;11;1050;RODADOS - BIENES DE USO;RODADOS - BIENES DE USO;1
1578;11;1051;MUEBLES Y UTILES - BIENES DE USO;MUEBLES Y UTILES - BIENES DE USO;1
1579;11;1052;MAQUINARIA - BIENES DE USO;MAQUINARIA - BIENES DE USO;1
1580;11;1053;INMUEBLES - BIENES DE USO;INMUEBLES - BIENES DE USO;1
1581;11;5020;RODADOS - GASTOS DE MANTENIMIENTO;RODADOS - GASTOS DE MANTENIMIENTO;1
1582;11;5021;MUEBLES Y UTILES - GASTOS DE MANTENIMIENTO;MUEBLES Y UTILES - GASTOS DE MANTENIMIENTO;1
1583;11;5022;MAQUINARIA - GASTOS DE MANTENIMIENTO;MAQUINARIA - GASTOS DE MANTENIMIENTO;1
1584;11;5023;INMUEBLES - GASTOS DE MANTENIMIENTO;INMUEBLES - GASTOS DE MANTENIMIENTO;1
1585;11;5024;COMPRA DE BIENES USADOS A CF;COMPRA DE BIENES USADOS A CF;1
1586;11;1059;INSTALACIONES - BIENES DE USO;INSTALACIONES - BIENES DE USO;1
1587;11;5025;INSTALACIONES - GASTOS DE MANTENIMIENTO;INSTALACIONES - GASTOS DE MANTENIMIENTO;1
1588;11;5004;SERVICIOS Y TASAS;SERVICIOS Y TASAS;1
1603;50;4000;VENTAS;VENTAS;1
1604;50;5000;COMPRAS;COMPRAS;1
1605;50;5001;COMISION TARJETAS DE CREDITO;COMISION TARJETAS DE CREDITO;1
1606;50;5002;COMBUSTIBLES Y LUBRICANTES;COMBUSTIBLES Y LUBRICANTES;1
1607;50;5003;FLETES Y CORREO;FLETES Y CORREO;1
1608;50;5005;LIBRERIA Y PAPELERIA;LIBRERIA Y PAPELERIA;1
1609;50;5006;HONORARIOS PROFESIONALES;HONORARIOS PROFESIONALES;1
1610;50;5007;ALQUILERES PAGADOS;ALQUILERES PAGADOS;1
1611;50;5008;SEGUROS PAGADOS;SEGUROS PAGADOS;1
1612;50;5010;GASTOS GENERALES;GASTOS GENERALES;1
1613;50;5011;SERVICISO INFORMATICOS;SERVICIOS INFORMATICOS;1
1614;50;5012;CANON;CANON;1
1615;50;5013;SERVICIOS JURIDICOS;SERVICIOS JURIDICOS;1
1616;50;5030;BANCO NACION - INTERES POR DESCUBIERTO;BANCO NACION - INTERES POR DESCUBIERTO;1
1617;50;5009;INTERESES BANCARIOS;INTERESES BANCARIOS;1
1618;50;5031;BANCO NACION - GASTOS DE MANTENIMIENTO DE CUENTA;BANCO NACION - GASTOS DE MANTENIMIENTO DE CUENTA;1
1619;50;5032;BANCO NACION - INTERESES POR PRESTAMOS;BANCO NACION - INTERESES POR PRESTAMOS;1
1620;50;5033;BANCO SANTANDER - INTERES POR DESCUBIERTO;BANCO SANTANDER - INTERES POR DESCUBIERTO;1
1621;50;5036;BANCO GALICIA - INTERES POR DESCUBIERTO;BANCO GALICIA - INTERES POR DESCUBIERTO;1
1622;50;5039;BBVA FRANCES - INTERES POR DESCUBIERTO;BBVA FRANCES - INTERES POR DESCUBIERTO;1
1623;50;5042;BANCO CREDICOOP - INTERES POR DESCUBIERTO;BANCO CREDICOOP - INTERES POR DESCUBIERTO;1
1624;50;5045;BANCO HSBC - INTERES POR DESCUBIERTO;BANCO HSBC - INTERES POR DESCUBIERTO;1
1625;50;5048;BANCO PATAGONIA - INTERES POR DESCUBIERTO;BANCO PATAGONIA - INTERES POR DESCUBIERTO;1
1626;50;5034;BANCO SANTANDER - GASTOS DE MANTENIMIENTO DE CUENTA;BANCO SANTANDER - GASTOS DE MANTENIMIENTO DE CUENTA;1
1627;50;5037;BANCO GALICIA - GASTOS DE MANTENIMIENTO DE CUENTA;BANCO GALICIA - GASTOS DE MANTENIMIENTO DE CUENTA;1
1628;50;5043;BANCO CREDICOOP - GASTOS DE MANTENIMIENTO DE CUENTA;BANCO CREDICOOP - GASTOS DE MANTENIMIENTO DE CUENTA;1
1629;50;5046;BANCO HSBC - GASTOS DE MANTENIMIENTO DE CUENTA;BANCO HSBC - GASTOS DE MANTENIMIENTO DE CUENTA;1
1630;50;5049;BANCO PATAGONIA - GASTOS DE MANTENIMIENTO DE CUENTA;BANCO PATAGONIA - GASTOS DE MANTENIMIENTO DE CUENTA;1
1631;50;5035;BANCO SANTANDER - INTERESES POR PRESTAMOS;BANCO SANTANDER - INTERESES POR PRESTAMOS;1
1632;50;5038;BANCO GALICIA - INTERESES POR PRESTAMOS;BANCO GALICIA - INTERESES POR PRESTAMOS;1
1633;50;5041;BBVA FRANCES - INTERESES POR PRESTAMOS;BBVA FRANCES - INTERESES POR PRESTAMOS;1
1634;50;5044;BANCO CREDICOOP- INTERESES POR PRESTAMOS;BANCO CREDICOOP- INTERESES POR PRESTAMOS;1
1635;50;5047;BANCO HSBC - INTERESES POR PRESTAMOS;BANCO HSBC - INTERESES POR PRESTAMOS;1
1636;50;5050;BANCO PATAGONIA- INTERESES POR PRESTAMOS;BANCO PATAGONIA- INTERESES POR PRESTAMOS;1
1637;50;1050;RODADOS - BIENES DE USO;RODADOS - BIENES DE USO;1
1638;50;1051;MUEBLES Y UTILES - BIENES DE USO;MUEBLES Y UTILES - BIENES DE USO;1
1639;50;1052;MAQUINARIA - BIENES DE USO;MAQUINARIA - BIENES DE USO;1
1640;50;1053;INMUEBLES - BIENES DE USO;INMUEBLES - BIENES DE USO;1
1641;50;5020;RODADOS - GASTOS DE MANTENIMIENTO;RODADOS - GASTOS DE MANTENIMIENTO;1
1642;50;5021;MUEBLES Y UTILES - GASTOS DE MANTENIMIENTO;MUEBLES Y UTILES - GASTOS DE MANTENIMIENTO;1
1643;50;5022;MAQUINARIA - GASTOS DE MANTENIMIENTO;MAQUINARIA - GASTOS DE MANTENIMIENTO;1
1644;50;5023;INMUEBLES - GASTOS DE MANTENIMIENTO;INMUEBLES - GASTOS DE MANTENIMIENTO;1
1645;50;5024;COMPRA DE BIENES USADOS A CF;COMPRA DE BIENES USADOS A CF;1
1646;50;1059;INSTALACIONES - BIENES DE USO;INSTALACIONES - BIENES DE USO;1
1647;50;5025;INSTALACIONES - GASTOS DE MANTENIMIENTO;INSTALACIONES - GASTOS DE MANTENIMIENTO;1
1648;50;5004;SERVICIOS Y TASAS;SERVICIOS Y TASAS;1
1663;51;4000;VENTAS;VENTAS;1
1664;51;5000;COMPRAS;COMPRAS;1
1665;51;5001;COMISION TARJETAS DE CREDITO;COMISION TARJETAS DE CREDITO;1
1666;51;5002;COMBUSTIBLES Y LUBRICANTES;COMBUSTIBLES Y LUBRICANTES;1
1667;51;5003;FLETES Y CORREO;FLETES Y CORREO;1
1668;51;5005;LIBRERIA Y PAPELERIA;LIBRERIA Y PAPELERIA;1
1669;51;5006;HONORARIOS PROFESIONALES;HONORARIOS PROFESIONALES;1
1670;51;5007;ALQUILERES PAGADOS;ALQUILERES PAGADOS;1
1671;51;5008;SEGUROS PAGADOS;SEGUROS PAGADOS;1
1672;51;5010;GASTOS GENERALES;GASTOS GENERALES;1
1673;51;5011;SERVICISO INFORMATICOS;SERVICIOS INFORMATICOS;1
1674;51;5012;CANON;CANON;1
1675;51;5013;SERVICIOS JURIDICOS;SERVICIOS JURIDICOS;1
1676;51;5030;BANCO NACION - INTERES POR DESCUBIERTO;BANCO NACION - INTERES POR DESCUBIERTO;1
1677;51;5009;INTERESES BANCARIOS;INTERESES BANCARIOS;1
1678;51;5031;BANCO NACION - GASTOS DE MANTENIMIENTO DE CUENTA;BANCO NACION - GASTOS DE MANTENIMIENTO DE CUENTA;1
1679;51;5032;BANCO NACION - INTERESES POR PRESTAMOS;BANCO NACION - INTERESES POR PRESTAMOS;1
1680;51;5033;BANCO SANTANDER - INTERES POR DESCUBIERTO;BANCO SANTANDER - INTERES POR DESCUBIERTO;1
1681;51;5036;BANCO GALICIA - INTERES POR DESCUBIERTO;BANCO GALICIA - INTERES POR DESCUBIERTO;1
1682;51;5039;BBVA FRANCES - INTERES POR DESCUBIERTO;BBVA FRANCES - INTERES POR DESCUBIERTO;1
1683;51;5042;BANCO CREDICOOP - INTERES POR DESCUBIERTO;BANCO CREDICOOP - INTERES POR DESCUBIERTO;1
1684;51;5045;BANCO HSBC - INTERES POR DESCUBIERTO;BANCO HSBC - INTERES POR DESCUBIERTO;1
1685;51;5048;BANCO PATAGONIA - INTERES POR DESCUBIERTO;BANCO PATAGONIA - INTERES POR DESCUBIERTO;1
1686;51;5034;BANCO SANTANDER - GASTOS DE MANTENIMIENTO DE CUENTA;BANCO SANTANDER - GASTOS DE MANTENIMIENTO DE CUENTA;1
1687;51;5037;BANCO GALICIA - GASTOS DE MANTENIMIENTO DE CUENTA;BANCO GALICIA - GASTOS DE MANTENIMIENTO DE CUENTA;1
1688;51;5043;BANCO CREDICOOP - GASTOS DE MANTENIMIENTO DE CUENTA;BANCO CREDICOOP - GASTOS DE MANTENIMIENTO DE CUENTA;1
1689;51;5046;BANCO HSBC - GASTOS DE MANTENIMIENTO DE CUENTA;BANCO HSBC - GASTOS DE MANTENIMIENTO DE CUENTA;1
1690;51;5049;BANCO PATAGONIA - GASTOS DE MANTENIMIENTO DE CUENTA;BANCO PATAGONIA - GASTOS DE MANTENIMIENTO DE CUENTA;1
1691;51;5035;BANCO SANTANDER - INTERESES POR PRESTAMOS;BANCO SANTANDER - INTERESES POR PRESTAMOS;1
1692;51;5038;BANCO GALICIA - INTERESES POR PRESTAMOS;BANCO GALICIA - INTERESES POR PRESTAMOS;1
1693;51;5041;BBVA FRANCES - INTERESES POR PRESTAMOS;BBVA FRANCES - INTERESES POR PRESTAMOS;1
1694;51;5044;BANCO CREDICOOP- INTERESES POR PRESTAMOS;BANCO CREDICOOP- INTERESES POR PRESTAMOS;1
1695;51;5047;BANCO HSBC - INTERESES POR PRESTAMOS;BANCO HSBC - INTERESES POR PRESTAMOS;1
1696;51;5050;BANCO PATAGONIA- INTERESES POR PRESTAMOS;BANCO PATAGONIA- INTERESES POR PRESTAMOS;1
1697;51;1050;RODADOS - BIENES DE USO;RODADOS - BIENES DE USO;1
1698;51;1051;MUEBLES Y UTILES - BIENES DE USO;MUEBLES Y UTILES - BIENES DE USO;1
1699;51;1052;MAQUINARIA - BIENES DE USO;MAQUINARIA - BIENES DE USO;1
1700;51;1053;INMUEBLES - BIENES DE USO;INMUEBLES - BIENES DE USO;1
1701;51;5020;RODADOS - GASTOS DE MANTENIMIENTO;RODADOS - GASTOS DE MANTENIMIENTO;1
1702;51;5021;MUEBLES Y UTILES - GASTOS DE MANTENIMIENTO;MUEBLES Y UTILES - GASTOS DE MANTENIMIENTO;1
1703;51;5023;MAQUINARIA - GASTOS DE MANTENIMIENTO;MAQUINARIA - GASTOS DE MANTENIMIENTO;1
1704;51;5022;INMUEBLES - GASTOS DE MANTENIMIENTO;INMUEBLES - GASTOS DE MANTENIMIENTO;1
1705;51;5024;COMPRA DE BIENES USADOS A CF;COMPRA DE BIENES USADOS A CF;1
1706;51;1059;INSTALACIONES - BIENES DE USO;INSTALACIONES - BIENES DE USO;1
1707;51;5025;INSTALACIONES - GASTOS DE MANTENIMIENTO;INSTALACIONES - GASTOS DE MANTENIMIENTO;1
1708;51;5004;SERVICIOS Y TASAS;SERVICIOS Y TASAS;1
1723;54;4000;VENTAS;VENTAS;1
1724;54;5000;COMPRAS;COMPRAS;1
1725;54;5001;COMISION TARJETAS DE CREDITO;COMISION TARJETAS DE CREDITO;1
1726;54;5002;COMBUSTIBLES Y LUBRICANTES;COMBUSTIBLES Y LUBRICANTES;1
1727;54;5003;FLETES Y CORREO;FLETES Y CORREO;1
1728;54;5005;LIBRERIA Y PAPELERIA;LIBRERIA Y PAPELERIA;1
1729;54;5006;HONORARIOS PROFESIONALES;HONORARIOS PROFESIONALES;1
1730;54;5007;ALQUILERES PAGADOS;ALQUILERES PAGADOS;1
1731;54;5008;SEGUROS PAGADOS;SEGUROS PAGADOS;1
1732;54;5010;GASTOS GENERALES;GASTOS GENERALES;1
1733;54;5011;SERVICISO INFORMATICOS;SERVICIOS INFORMATICOS;1
1734;54;5012;CANON;CANON;1
1735;54;5013;SERVICIOS JURIDICOS;SERVICIOS JURIDICOS;1
1736;54;5030;BANCO NACION - INTERES POR DESCUBIERTO;BANCO NACION - INTERES POR DESCUBIERTO;1
1737;54;5009;INTERESES BANCARIOS;INTERESES BANCARIOS;1
1738;54;5031;BANCO NACION - GASTOS DE MANTENIMIENTO DE CUENTA;BANCO NACION - GASTOS DE MANTENIMIENTO DE CUENTA;1
1739;54;5032;BANCO NACION - INTERESES POR PRESTAMOS;BANCO NACION - INTERESES POR PRESTAMOS;1
1740;54;5033;BANCO SANTANDER - INTERES POR DESCUBIERTO;BANCO SANTANDER - INTERES POR DESCUBIERTO;1
1741;54;5036;BANCO GALICIA - INTERES POR DESCUBIERTO;BANCO GALICIA - INTERES POR DESCUBIERTO;1
1742;54;5039;BBVA FRANCES - INTERES POR DESCUBIERTO;BBVA FRANCES - INTERES POR DESCUBIERTO;1
1743;54;5042;BANCO CREDICOOP - INTERES POR DESCUBIERTO;BANCO CREDICOOP - INTERES POR DESCUBIERTO;1
1744;54;5045;BANCO HSBC - INTERES POR DESCUBIERTO;BANCO HSBC - INTERES POR DESCUBIERTO;1
1745;54;5048;BANCO PATAGONIA - INTERES POR DESCUBIERTO;BANCO PATAGONIA - INTERES POR DESCUBIERTO;1
1746;54;5034;BANCO SANTANDER - GASTOS DE MANTENIMIENTO DE CUENTA;BANCO SANTANDER - GASTOS DE MANTENIMIENTO DE CUENTA;1
1747;54;5037;BANCO GALICIA - GASTOS DE MANTENIMIENTO DE CUENTA;BANCO GALICIA - GASTOS DE MANTENIMIENTO DE CUENTA;1
1748;54;5043;BANCO CREDICOOP - GASTOS DE MANTENIMIENTO DE CUENTA;BANCO CREDICOOP - GASTOS DE MANTENIMIENTO DE CUENTA;1
1749;54;5046;BANCO HSBC - GASTOS DE MANTENIMIENTO DE CUENTA;BANCO HSBC - GASTOS DE MANTENIMIENTO DE CUENTA;1
1750;54;5049;BANCO PATAGONIA - GASTOS DE MANTENIMIENTO DE CUENTA;BANCO PATAGONIA - GASTOS DE MANTENIMIENTO DE CUENTA;1
1751;54;5035;BANCO SANTANDER - INTERESES POR PRESTAMOS;BANCO SANTANDER - INTERESES POR PRESTAMOS;1
1752;54;5038;BANCO GALICIA - INTERESES POR PRESTAMOS;BANCO GALICIA - INTERESES POR PRESTAMOS;1
1753;54;5041;BBVA FRANCES - INTERESES POR PRESTAMOS;BBVA FRANCES - INTERESES POR PRESTAMOS;1
1754;54;5044;BANCO CREDICOOP- INTERESES POR PRESTAMOS;BANCO CREDICOOP- INTERESES POR PRESTAMOS;1
1755;54;5047;BANCO HSBC - INTERESES POR PRESTAMOS;BANCO HSBC - INTERESES POR PRESTAMOS;1
1756;54;5050;BANCO PATAGONIA- INTERESES POR PRESTAMOS;BANCO PATAGONIA- INTERESES POR PRESTAMOS;1
1757;54;1050;RODADOS - BIENES DE USO;RODADOS - BIENES DE USO;1
1758;54;1051;MUEBLES Y UTILES - BIENES DE USO;MUEBLES Y UTILES - BIENES DE USO;1
1759;54;1052;MAQUINARIA - BIENES DE USO;MAQUINARIA - BIENES DE USO;1
1760;54;1053;INMUEBLES - BIENES DE USO;INMUEBLES - BIENES DE USO;1
1761;54;5020;RODADOS - GASTOS DE MANTENIMIENTO;RODADOS - GASTOS DE MANTENIMIENTO;1
1762;54;5021;MUEBLES Y UTILES - GASTOS DE MANTENIMIENTO;MUEBLES Y UTILES - GASTOS DE MANTENIMIENTO;1
1763;54;5022;MAQUINARIA - GASTOS DE MANTENIMIENTO;MAQUINARIA - GASTOS DE MANTENIMIENTO;1
1764;54;5023;INMUEBLES - GASTOS DE MANTENIMIENTO;INMUEBLES - GASTOS DE MANTENIMIENTO;1
1765;54;5024;COMPRA DE BIENES USADOS A CF;COMPRA DE BIENES USADOS A CF;1
1766;54;1059;INSTALACIONES - BIENES DE USO;INSTALACIONES - BIENES DE USO;1
1767;54;5025;INSTALACIONES - GASTOS DE MANTENIMIENTO;INSTALACIONES - GASTOS DE MANTENIMIENTO;1
1768;54;5004;SERVICIOS Y TASAS;SERVICIOS Y TASAS;1
1783;55;4000;VENTAS;VENTAS;1
1784;55;5000;COMPRAS;COMPRAS;1
1785;55;5001;COMISION TARJETAS DE CREDITO;COMISION TARJETAS DE CREDITO;1
1786;55;5002;COMBUSTIBLES Y LUBRICANTES;COMBUSTIBLES Y LUBRICANTES;1
1787;55;5003;FLETES Y CORREO;FLETES Y CORREO;1
1788;55;5005;LIBRERIA Y PAPELERIA;LIBRERIA Y PAPELERIA;1
1789;55;5006;HONORARIOS PROFESIONALES;HONORARIOS PROFESIONALES;1
1790;55;5007;ALQUILERES PAGADOS;ALQUILERES PAGADOS;1
1791;55;5008;SEGUROS PAGADOS;SEGUROS PAGADOS;1
1792;55;5010;GASTOS GENERALES;GASTOS GENERALES;1
1793;55;5011;SERVICISO INFORMATICOS;SERVICIOS INFORMATICOS;1
1794;55;5012;CANON;CANON;1
1795;55;5013;SERVICIOS JURIDICOS;SERVICIOS JURIDICOS;1
1796;55;5030;BANCO NACION - INTERES POR DESCUBIERTO;BANCO NACION - INTERES POR DESCUBIERTO;1
1797;55;5009;INTERESES BANCARIOS;INTERESES BANCARIOS;1
1798;55;5031;BANCO NACION - GASTOS DE MANTENIMIENTO DE CUENTA;BANCO NACION - GASTOS DE MANTENIMIENTO DE CUENTA;1
1799;55;5032;BANCO NACION - INTERESES POR PRESTAMOS;BANCO NACION - INTERESES POR PRESTAMOS;1
1800;55;5033;BANCO SANTANDER - INTERES POR DESCUBIERTO;BANCO SANTANDER - INTERES POR DESCUBIERTO;1
1801;55;5036;BANCO GALICIA - INTERES POR DESCUBIERTO;BANCO GALICIA - INTERES POR DESCUBIERTO;1
1802;55;5039;BBVA FRANCES - INTERES POR DESCUBIERTO;BBVA FRANCES - INTERES POR DESCUBIERTO;1
1803;55;5042;BANCO CREDICOOP - INTERES POR DESCUBIERTO;BANCO CREDICOOP - INTERES POR DESCUBIERTO;1
1804;55;5045;BANCO HSBC - INTERES POR DESCUBIERTO;BANCO HSBC - INTERES POR DESCUBIERTO;1
1805;55;5048;BANCO PATAGONIA - INTERES POR DESCUBIERTO;BANCO PATAGONIA - INTERES POR DESCUBIERTO;1
1806;55;5034;BANCO SANTANDER - GASTOS DE MANTENIMIENTO DE CUENTA;BANCO SANTANDER - GASTOS DE MANTENIMIENTO DE CUENTA;1
1807;55;5037;BANCO GALICIA - GASTOS DE MANTENIMIENTO DE CUENTA;BANCO GALICIA - GASTOS DE MANTENIMIENTO DE CUENTA;1
1808;55;5043;BANCO CREDICOOP - GASTOS DE MANTENIMIENTO DE CUENTA;BANCO CREDICOOP - GASTOS DE MANTENIMIENTO DE CUENTA;1
1809;55;5046;BANCO HSBC - GASTOS DE MANTENIMIENTO DE CUENTA;BANCO HSBC - GASTOS DE MANTENIMIENTO DE CUENTA;1
1810;55;5049;BANCO PATAGONIA - GASTOS DE MANTENIMIENTO DE CUENTA;BANCO PATAGONIA - GASTOS DE MANTENIMIENTO DE CUENTA;1
1811;55;5035;BANCO SANTANDER - INTERESES POR PRESTAMOS;BANCO SANTANDER - INTERESES POR PRESTAMOS;1
1812;55;5038;BANCO GALICIA - INTERESES POR PRESTAMOS;BANCO GALICIA - INTERESES POR PRESTAMOS;1
1813;55;5041;BBVA FRANCES - INTERESES POR PRESTAMOS;BBVA FRANCES - INTERESES POR PRESTAMOS;1
1814;55;5044;BANCO CREDICOOP- INTERESES POR PRESTAMOS;BANCO CREDICOOP- INTERESES POR PRESTAMOS;1
1815;55;5047;BANCO HSBC - INTERESES POR PRESTAMOS;BANCO HSBC - INTERESES POR PRESTAMOS;1
1816;55;5050;BANCO PATAGONIA- INTERESES POR PRESTAMOS;BANCO PATAGONIA- INTERESES POR PRESTAMOS;1
1817;55;1050;RODADOS - BIENES DE USO;RODADOS - BIENES DE USO;1
1818;55;1051;MUEBLES Y UTILES - BIENES DE USO;MUEBLES Y UTILES - BIENES DE USO;1
1819;55;1052;MAQUINARIA - BIENES DE USO;MAQUINARIA - BIENES DE USO;1
1820;55;1053;INMUEBLES - BIENES DE USO;INMUEBLES - BIENES DE USO;1
1821;55;5020;RODADOS - GASTOS DE MANTENIMIENTO;RODADOS - GASTOS DE MANTENIMIENTO;1
1822;55;5021;MUEBLES Y UTILES - GASTOS DE MANTENIMIENTO;MUEBLES Y UTILES - GASTOS DE MANTENIMIENTO;1
1823;55;5022;MAQUINARIA - GASTOS DE MANTENIMIENTO;MAQUINARIA - GASTOS DE MANTENIMIENTO;1
1824;55;5023;INMUEBLES - GASTOS DE MANTENIMIENTO;INMUEBLES - GASTOS DE MANTENIMIENTO;1
1825;55;5024;COMPRA DE BIENES USADOS A CF;COMPRA DE BIENES USADOS A CF;1
1826;55;1059;INSTALACIONES - BIENES DE USO;INSTALACIONES - BIENES DE USO;1
1827;55;5025;INSTALACIONES - GASTOS DE MANTENIMIENTO;INSTALACIONES - GASTOS DE MANTENIMIENTO;1
1828;55;5004;SERVICIOS Y TASAS;SERVICIOS Y TASAS;1
1903;57;4000;VENTAS;VENTAS;1
1904;57;5000;COMPRAS;COMPRAS;1
1905;57;5001;COMISION TARJETAS DE CREDITO;COMISION TARJETAS DE CREDITO;1
1906;57;5002;COMBUSTIBLES Y LUBRICANTES;COMBUSTIBLES Y LUBRICANTES;1
1907;57;5003;FLETES Y CORREO;FLETES Y CORREO;1
1908;57;5005;LIBRERIA Y PAPELERIA;LIBRERIA Y PAPELERIA;1
1909;57;5006;HONORARIOS PROFESIONALES;HONORARIOS PROFESIONALES;1
1910;57;5007;ALQUILERES PAGADOS;ALQUILERES PAGADOS;1
1911;57;5008;SEGUROS PAGADOS;SEGUROS PAGADOS;1
1912;57;5010;GASTOS GENERALES;GASTOS GENERALES;1
1913;57;5011;SERVICISO INFORMATICOS;SERVICIOS INFORMATICOS;1
1914;57;5012;CANON;CANON;1
1915;57;5013;SERVICIOS JURIDICOS;SERVICIOS JURIDICOS;1
1916;57;5030;BANCO NACION - INTERES POR DESCUBIERTO;BANCO NACION - INTERES POR DESCUBIERTO;1
1917;57;5009;INTERESES BANCARIOS;INTERESES BANCARIOS;1
1918;57;5031;BANCO NACION - GASTOS DE MANTENIMIENTO DE CUENTA;BANCO NACION - GASTOS DE MANTENIMIENTO DE CUENTA;1
1919;57;5032;BANCO NACION - INTERESES POR PRESTAMOS;BANCO NACION - INTERESES POR PRESTAMOS;1
1920;57;5033;BANCO SANTANDER - INTERES POR DESCUBIERTO;BANCO SANTANDER - INTERES POR DESCUBIERTO;1
1921;57;5036;BANCO GALICIA - INTERES POR DESCUBIERTO;BANCO GALICIA - INTERES POR DESCUBIERTO;1
1922;57;5039;BBVA FRANCES - INTERES POR DESCUBIERTO;BBVA FRANCES - INTERES POR DESCUBIERTO;1
1923;57;5042;BANCO CREDICOOP - INTERES POR DESCUBIERTO;BANCO CREDICOOP - INTERES POR DESCUBIERTO;1
1924;57;5045;BANCO HSBC - INTERES POR DESCUBIERTO;BANCO HSBC - INTERES POR DESCUBIERTO;1
1925;57;5048;BANCO PATAGONIA - INTERES POR DESCUBIERTO;BANCO PATAGONIA - INTERES POR DESCUBIERTO;1
1926;57;5034;BANCO SANTANDER - GASTOS DE MANTENIMIENTO DE CUENTA;BANCO SANTANDER - GASTOS DE MANTENIMIENTO DE CUENTA;1
1927;57;5037;BANCO GALICIA - GASTOS DE MANTENIMIENTO DE CUENTA;BANCO GALICIA - GASTOS DE MANTENIMIENTO DE CUENTA;1
1928;57;5043;BANCO CREDICOOP - GASTOS DE MANTENIMIENTO DE CUENTA;BANCO CREDICOOP - GASTOS DE MANTENIMIENTO DE CUENTA;1
1929;57;5046;BANCO HSBC - GASTOS DE MANTENIMIENTO DE CUENTA;BANCO HSBC - GASTOS DE MANTENIMIENTO DE CUENTA;1
1930;57;5049;BANCO PATAGONIA - GASTOS DE MANTENIMIENTO DE CUENTA;BANCO PATAGONIA - GASTOS DE MANTENIMIENTO DE CUENTA;1
1931;57;5035;BANCO SANTANDER - INTERESES POR PRESTAMOS;BANCO SANTANDER - INTERESES POR PRESTAMOS;1
1932;57;5038;BANCO GALICIA - INTERESES POR PRESTAMOS;BANCO GALICIA - INTERESES POR PRESTAMOS;1
1933;57;5041;BBVA FRANCES - INTERESES POR PRESTAMOS;BBVA FRANCES - INTERESES POR PRESTAMOS;1
1934;57;5044;BANCO CREDICOOP- INTERESES POR PRESTAMOS;BANCO CREDICOOP- INTERESES POR PRESTAMOS;1
1935;57;5047;BANCO HSBC - INTERESES POR PRESTAMOS;BANCO HSBC - INTERESES POR PRESTAMOS;1
1936;57;5050;BANCO PATAGONIA- INTERESES POR PRESTAMOS;BANCO PATAGONIA- INTERESES POR PRESTAMOS;1
1937;57;1050;RODADOS - BIENES DE USO;RODADOS - BIENES DE USO;1
1938;57;1051;MUEBLES Y UTILES - BIENES DE USO;MUEBLES Y UTILES - BIENES DE USO;1
1939;57;1052;MAQUINARIA - BIENES DE USO;MAQUINARIA - BIENES DE USO;1
1940;57;1053;INMUEBLES - BIENES DE USO;INMUEBLES - BIENES DE USO;1
1941;57;5020;RODADOS - GASTOS DE MANTENIMIENTO;RODADOS - GASTOS DE MANTENIMIENTO;1
1942;57;5021;MUEBLES Y UTILES - GASTOS DE MANTENIMIENTO;MUEBLES Y UTILES - GASTOS DE MANTENIMIENTO;1
1943;57;5022;MAQUINARIA - GASTOS DE MANTENIMIENTO;MAQUINARIA - GASTOS DE MANTENIMIENTO;1
1944;57;5023;INMUEBLES - GASTOS DE MANTENIMIENTO;INMUEBLES - GASTOS DE MANTENIMIENTO;1
1945;57;5024;COMPRA DE BIENES USADOS A CF;COMPRA DE BIENES USADOS A CF;1
1946;57;1059;INSTALACIONES - BIENES DE USO;INSTALACIONES - BIENES DE USO;1
1947;57;5025;INSTALACIONES - GASTOS DE MANTENIMIENTO;INSTALACIONES - GASTOS DE MANTENIMIENTO;1
1948;57;5004;SERVICIOS Y TASAS;SERVICIOS Y TASAS;1
1963;59;4000;VENTAS;VENTAS;1
1964;59;5000;COMPRAS;COMPRAS;1
1965;59;5001;COMISION TARJETAS DE CREDITO;COMISION TARJETAS DE CREDITO;1
1966;59;5002;COMBUSTIBLES Y LUBRICANTES;COMBUSTIBLES Y LUBRICANTES;1
1967;59;5003;FLETES Y CORREO;FLETES Y CORREO;1
1968;59;5005;LIBRERIA Y PAPELERIA;LIBRERIA Y PAPELERIA;1
1969;59;5006;HONORARIOS PROFESIONALES;HONORARIOS PROFESIONALES;1
1970;59;5007;ALQUILERES PAGADOS;ALQUILERES PAGADOS;1
1971;59;5008;SEGUROS PAGADOS;SEGUROS PAGADOS;1
1972;59;5010;GASTOS GENERALES;GASTOS GENERALES;1
1973;59;5011;SERVICISO INFORMATICOS;SERVICIOS INFORMATICOS;1
1974;59;5012;CANON;CANON;1
1975;59;5013;SERVICIOS JURIDICOS;SERVICIOS JURIDICOS;1
1976;59;5030;BANCO NACION - INTERES POR DESCUBIERTO;BANCO NACION - INTERES POR DESCUBIERTO;1
1977;59;5009;INTERESES BANCARIOS;INTERESES BANCARIOS;1
1978;59;5031;BANCO NACION - GASTOS DE MANTENIMIENTO DE CUENTA;BANCO NACION - GASTOS DE MANTENIMIENTO DE CUENTA;1
1979;59;5032;BANCO NACION - INTERESES POR PRESTAMOS;BANCO NACION - INTERESES POR PRESTAMOS;1
1980;59;5033;BANCO SANTANDER - INTERES POR DESCUBIERTO;BANCO SANTANDER - INTERES POR DESCUBIERTO;1
1981;59;5036;BANCO GALICIA - INTERES POR DESCUBIERTO;BANCO GALICIA - INTERES POR DESCUBIERTO;1
1982;59;5039;BBVA FRANCES - INTERES POR DESCUBIERTO;BBVA FRANCES - INTERES POR DESCUBIERTO;1
1983;59;5042;BANCO CREDICOOP - INTERES POR DESCUBIERTO;BANCO CREDICOOP - INTERES POR DESCUBIERTO;1
1984;59;5045;BANCO HSBC - INTERES POR DESCUBIERTO;BANCO HSBC - INTERES POR DESCUBIERTO;1
1985;59;5048;BANCO PATAGONIA - INTERES POR DESCUBIERTO;BANCO PATAGONIA - INTERES POR DESCUBIERTO;1
1986;59;5034;BANCO SANTANDER - GASTOS DE MANTENIMIENTO DE CUENTA;BANCO SANTANDER - GASTOS DE MANTENIMIENTO DE CUENTA;1
1987;59;5037;BANCO GALICIA - GASTOS DE MANTENIMIENTO DE CUENTA;BANCO GALICIA - GASTOS DE MANTENIMIENTO DE CUENTA;1
1988;59;5043;BANCO CREDICOOP - GASTOS DE MANTENIMIENTO DE CUENTA;BANCO CREDICOOP - GASTOS DE MANTENIMIENTO DE CUENTA;1
1989;59;5046;BANCO HSBC - GASTOS DE MANTENIMIENTO DE CUENTA;BANCO HSBC - GASTOS DE MANTENIMIENTO DE CUENTA;1
1990;59;5049;BANCO PATAGONIA - GASTOS DE MANTENIMIENTO DE CUENTA;BANCO PATAGONIA - GASTOS DE MANTENIMIENTO DE CUENTA;1
1991;59;5035;BANCO SANTANDER - INTERESES POR PRESTAMOS;BANCO SANTANDER - INTERESES POR PRESTAMOS;1
1992;59;5038;BANCO GALICIA - INTERESES POR PRESTAMOS;BANCO GALICIA - INTERESES POR PRESTAMOS;1
1993;59;5041;BBVA FRANCES - INTERESES POR PRESTAMOS;BBVA FRANCES - INTERESES POR PRESTAMOS;1
1994;59;5044;BANCO CREDICOOP- INTERESES POR PRESTAMOS;BANCO CREDICOOP- INTERESES POR PRESTAMOS;1
1995;59;5047;BANCO HSBC - INTERESES POR PRESTAMOS;BANCO HSBC - INTERESES POR PRESTAMOS;1
1996;59;5050;BANCO PATAGONIA- INTERESES POR PRESTAMOS;BANCO PATAGONIA- INTERESES POR PRESTAMOS;1
1997;59;1050;RODADOS - BIENES DE USO;RODADOS - BIENES DE USO;1
1998;59;1051;MUEBLES Y UTILES - BIENES DE USO;MUEBLES Y UTILES - BIENES DE USO;1
1999;59;1052;MAQUINARIA - BIENES DE USO;MAQUINARIA - BIENES DE USO;1
2000;59;1053;INMUEBLES - BIENES DE USO;INMUEBLES - BIENES DE USO;1
2001;59;5020;RODADOS - GASTOS DE MANTENIMIENTO;RODADOS - GASTOS DE MANTENIMIENTO;1
2002;59;5021;MUEBLES Y UTILES - GASTOS DE MANTENIMIENTO;MUEBLES Y UTILES - GASTOS DE MANTENIMIENTO;1
2003;59;5022;MAQUINARIA - GASTOS DE MANTENIMIENTO;MAQUINARIA - GASTOS DE MANTENIMIENTO;1
2004;59;5023;INMUEBLES - GASTOS DE MANTENIMIENTO;INMUEBLES - GASTOS DE MANTENIMIENTO;1
2005;59;5024;COMPRA DE BIENES USADOS A CF;COMPRA DE BIENES USADOS A CF;1
2006;59;1059;INSTALACIONES - BIENES DE USO;INSTALACIONES - BIENES DE USO;1
2007;59;5025;INSTALACIONES - GASTOS DE MANTENIMIENTO;INSTALACIONES - GASTOS DE MANTENIMIENTO;1
2008;59;5004;SERVICIOS Y TASAS;SERVICIOS Y TASAS;1
2023;62;4000;VENTAS;VENTAS;1
2024;62;5000;COMPRAS;COMPRAS;1
2025;62;5001;COMISION TARJETAS DE CREDITO;COMISION TARJETAS DE CREDITO;1
2026;62;5002;COMBUSTIBLES Y LUBRICANTES;COMBUSTIBLES Y LUBRICANTES;1
2027;62;5003;FLETES Y CORREO;FLETES Y CORREO;1
2028;62;5005;LIBRERIA Y PAPELERIA;LIBRERIA Y PAPELERIA;1
2029;62;5006;HONORARIOS PROFESIONALES;HONORARIOS PROFESIONALES;1
2030;62;5007;ALQUILERES PAGADOS;ALQUILERES PAGADOS;1
2031;62;5008;SEGUROS PAGADOS;SEGUROS PAGADOS;1
2032;62;5010;GASTOS GENERALES;GASTOS GENERALES;1
2033;62;5011;SERVICISO INFORMATICOS;SERVICIOS INFORMATICOS;1
2034;62;5012;CANON;CANON;1
2035;62;5013;SERVICIOS JURIDICOS;SERVICIOS JURIDICOS;1
2036;62;5030;BANCO NACION - INTERES POR DESCUBIERTO;BANCO NACION - INTERES POR DESCUBIERTO;1
2037;62;5009;INTERESES BANCARIOS;INTERESES BANCARIOS;1
2038;62;5031;BANCO NACION - GASTOS DE MANTENIMIENTO DE CUENTA;BANCO NACION - GASTOS DE MANTENIMIENTO DE CUENTA;1
2039;62;5032;BANCO NACION - INTERESES POR PRESTAMOS;BANCO NACION - INTERESES POR PRESTAMOS;1
2040;62;5033;BANCO SANTANDER - INTERES POR DESCUBIERTO;BANCO SANTANDER - INTERES POR DESCUBIERTO;1
2041;62;5036;BANCO GALICIA - INTERES POR DESCUBIERTO;BANCO GALICIA - INTERES POR DESCUBIERTO;1
2042;62;5039;BBVA FRANCES - INTERES POR DESCUBIERTO;BBVA FRANCES - INTERES POR DESCUBIERTO;1
2043;62;5042;BANCO CREDICOOP - INTERES POR DESCUBIERTO;BANCO CREDICOOP - INTERES POR DESCUBIERTO;1
2044;62;5045;BANCO HSBC - INTERES POR DESCUBIERTO;BANCO HSBC - INTERES POR DESCUBIERTO;1
2045;62;5048;BANCO PATAGONIA - INTERES POR DESCUBIERTO;BANCO PATAGONIA - INTERES POR DESCUBIERTO;1
2046;62;5034;BANCO SANTANDER - GASTOS DE MANTENIMIENTO DE CUENTA;BANCO SANTANDER - GASTOS DE MANTENIMIENTO DE CUENTA;1
2047;62;5037;BANCO GALICIA - GASTOS DE MANTENIMIENTO DE CUENTA;BANCO GALICIA - GASTOS DE MANTENIMIENTO DE CUENTA;1
2048;62;5043;BANCO CREDICOOP - GASTOS DE MANTENIMIENTO DE CUENTA;BANCO CREDICOOP - GASTOS DE MANTENIMIENTO DE CUENTA;1
2049;62;5046;BANCO HSBC - GASTOS DE MANTENIMIENTO DE CUENTA;BANCO HSBC - GASTOS DE MANTENIMIENTO DE CUENTA;1
2050;62;5049;BANCO PATAGONIA - GASTOS DE MANTENIMIENTO DE CUENTA;BANCO PATAGONIA - GASTOS DE MANTENIMIENTO DE CUENTA;1
2051;62;5035;BANCO SANTANDER - INTERESES POR PRESTAMOS;BANCO SANTANDER - INTERESES POR PRESTAMOS;1
2052;62;5038;BANCO GALICIA - INTERESES POR PRESTAMOS;BANCO GALICIA - INTERESES POR PRESTAMOS;1
2053;62;5041;BBVA FRANCES - INTERESES POR PRESTAMOS;BBVA FRANCES - INTERESES POR PRESTAMOS;1
2054;62;5044;BANCO CREDICOOP- INTERESES POR PRESTAMOS;BANCO CREDICOOP- INTERESES POR PRESTAMOS;1
2055;62;5047;BANCO HSBC - INTERESES POR PRESTAMOS;BANCO HSBC - INTERESES POR PRESTAMOS;1
2056;62;5050;BANCO PATAGONIA- INTERESES POR PRESTAMOS;BANCO PATAGONIA- INTERESES POR PRESTAMOS;1
2057;62;1050;RODADOS - BIENES DE USO;RODADOS - BIENES DE USO;1
2058;62;1051;MUEBLES Y UTILES - BIENES DE USO;MUEBLES Y UTILES - BIENES DE USO;1
2059;62;1052;MAQUINARIA - BIENES DE USO;MAQUINARIA - BIENES DE USO;1
2060;62;1053;INMUEBLES - BIENES DE USO;INMUEBLES - BIENES DE USO;1
2061;62;5020;RODADOS - GASTOS DE MANTENIMIENTO;RODADOS - GASTOS DE MANTENIMIENTO;1
2062;62;5021;MUEBLES Y UTILES - GASTOS DE MANTENIMIENTO;MUEBLES Y UTILES - GASTOS DE MANTENIMIENTO;1
2063;62;5022;MAQUINARIA - GASTOS DE MANTENIMIENTO;MAQUINARIA - GASTOS DE MANTENIMIENTO;1
2064;62;5023;INMUEBLES - GASTOS DE MANTENIMIENTO;INMUEBLES - GASTOS DE MANTENIMIENTO;1
2065;62;5024;COMPRA DE BIENES USADOS A CF;COMPRA DE BIENES USADOS A CF;1
2066;62;1059;INSTALACIONES - BIENES DE USO;INSTALACIONES - BIENES DE USO;1
2067;62;5025;INSTALACIONES - GASTOS DE MANTENIMIENTO;INSTALACIONES - GASTOS DE MANTENIMIENTO;1
2068;62;5004;SERVICIOS Y TASAS;SERVICIOS Y TASAS;1
2083;64;4000;VENTAS;VENTAS;1
2084;64;5000;COMPRAS;COMPRAS;1
2085;64;5001;COMISION TARJETAS DE CREDITO;COMISION TARJETAS DE CREDITO;1
2086;64;5002;COMBUSTIBLES Y LUBRICANTES;COMBUSTIBLES Y LUBRICANTES;1
2087;64;5003;FLETES Y CORREO;FLETES Y CORREO;1
2088;64;5005;LIBRERIA Y PAPELERIA;LIBRERIA Y PAPELERIA;1
2089;64;5006;HONORARIOS PROFESIONALES;HONORARIOS PROFESIONALES;1
2090;64;5007;ALQUILERES PAGADOS;ALQUILERES PAGADOS;1
2091;64;5008;SEGUROS PAGADOS;SEGUROS PAGADOS;1
2092;64;5010;GASTOS GENERALES;GASTOS GENERALES;1
2093;64;5011;SERVICISO INFORMATICOS;SERVICIOS INFORMATICOS;1
2094;64;5012;CANON;CANON;1
2095;64;5013;SERVICIOS JURIDICOS;SERVICIOS JURIDICOS;1
2096;64;5030;BANCO NACION - INTERES POR DESCUBIERTO;BANCO NACION - INTERES POR DESCUBIERTO;1
2097;64;5009;INTERESES BANCARIOS;INTERESES BANCARIOS;1
2098;64;5031;BANCO NACION - GASTOS DE MANTENIMIENTO DE CUENTA;BANCO NACION - GASTOS DE MANTENIMIENTO DE CUENTA;1
2099;64;5032;BANCO NACION - INTERESES POR PRESTAMOS;BANCO NACION - INTERESES POR PRESTAMOS;1
2100;64;5033;BANCO SANTANDER - INTERES POR DESCUBIERTO;BANCO SANTANDER - INTERES POR DESCUBIERTO;1
2101;64;5036;BANCO GALICIA - INTERES POR DESCUBIERTO;BANCO GALICIA - INTERES POR DESCUBIERTO;1
2102;64;5039;BBVA FRANCES - INTERES POR DESCUBIERTO;BBVA FRANCES - INTERES POR DESCUBIERTO;1
2103;64;5042;BANCO CREDICOOP - INTERES POR DESCUBIERTO;BANCO CREDICOOP - INTERES POR DESCUBIERTO;1
2104;64;5045;BANCO HSBC - INTERES POR DESCUBIERTO;BANCO HSBC - INTERES POR DESCUBIERTO;1
2105;64;5048;BANCO PATAGONIA - INTERES POR DESCUBIERTO;BANCO PATAGONIA - INTERES POR DESCUBIERTO;1
2106;64;5034;BANCO SANTANDER - GASTOS DE MANTENIMIENTO DE CUENTA;BANCO SANTANDER - GASTOS DE MANTENIMIENTO DE CUENTA;1
2107;64;5037;BANCO GALICIA - GASTOS DE MANTENIMIENTO DE CUENTA;BANCO GALICIA - GASTOS DE MANTENIMIENTO DE CUENTA;1
2108;64;5043;BANCO CREDICOOP - GASTOS DE MANTENIMIENTO DE CUENTA;BANCO CREDICOOP - GASTOS DE MANTENIMIENTO DE CUENTA;1
2109;64;5046;BANCO HSBC - GASTOS DE MANTENIMIENTO DE CUENTA;BANCO HSBC - GASTOS DE MANTENIMIENTO DE CUENTA;1
2110;64;5049;BANCO PATAGONIA - GASTOS DE MANTENIMIENTO DE CUENTA;BANCO PATAGONIA - GASTOS DE MANTENIMIENTO DE CUENTA;1
2111;64;5035;BANCO SANTANDER - INTERESES POR PRESTAMOS;BANCO SANTANDER - INTERESES POR PRESTAMOS;1
2112;64;5038;BANCO GALICIA - INTERESES POR PRESTAMOS;BANCO GALICIA - INTERESES POR PRESTAMOS;1
2113;64;5041;BBVA FRANCES - INTERESES POR PRESTAMOS;BBVA FRANCES - INTERESES POR PRESTAMOS;1
2114;64;5044;BANCO CREDICOOP- INTERESES POR PRESTAMOS;BANCO CREDICOOP- INTERESES POR PRESTAMOS;1
2115;64;5047;BANCO HSBC - INTERESES POR PRESTAMOS;BANCO HSBC - INTERESES POR PRESTAMOS;1
2116;64;5050;BANCO PATAGONIA- INTERESES POR PRESTAMOS;BANCO PATAGONIA- INTERESES POR PRESTAMOS;1
2117;64;1050;RODADOS - BIENES DE USO;RODADOS - BIENES DE USO;1
2118;64;1051;MUEBLES Y UTILES - BIENES DE USO;MUEBLES Y UTILES - BIENES DE USO;1
2119;64;1052;MAQUINARIA - BIENES DE USO;MAQUINARIA - BIENES DE USO;1
2120;64;1053;INMUEBLES - BIENES DE USO;INMUEBLES - BIENES DE USO;1
2121;64;5020;RODADOS - GASTOS DE MANTENIMIENTO;RODADOS - GASTOS DE MANTENIMIENTO;1
2122;64;5021;MUEBLES Y UTILES - GASTOS DE MANTENIMIENTO;MUEBLES Y UTILES - GASTOS DE MANTENIMIENTO;1
2123;64;5022;MAQUINARIA - GASTOS DE MANTENIMIENTO;MAQUINARIA - GASTOS DE MANTENIMIENTO;1
2124;64;5023;INMUEBLES - GASTOS DE MANTENIMIENTO;INMUEBLES - GASTOS DE MANTENIMIENTO;1
2125;64;5024;COMPRA DE BIENES USADOS A CF;COMPRA DE BIENES USADOS A CF;1
2126;64;1059;INSTALACIONES - BIENES DE USO;INSTALACIONES - BIENES DE USO;1
2127;64;5025;INSTALACIONES - GASTOS DE MANTENIMIENTO;INSTALACIONES - GASTOS DE MANTENIMIENTO;1
2128;64;5004;SERVICIOS Y TASAS;SERVICIOS Y TASAS;1
2143;66;4000;VENTAS;VENTAS;1
2144;66;5000;COMPRAS;COMPRAS;1
2145;66;5001;COMISION TARJETAS DE CREDITO;COMISION TARJETAS DE CREDITO;1
2146;66;5002;COMBUSTIBLES Y LUBRICANTES;COMBUSTIBLES Y LUBRICANTES;1
2147;66;5003;FLETES Y CORREO;FLETES Y CORREO;1
2148;66;5005;LIBRERIA Y PAPELERIA;LIBRERIA Y PAPELERIA;1
2149;66;5006;HONORARIOS PROFESIONALES;HONORARIOS PROFESIONALES;1
2150;66;5007;ALQUILERES PAGADOS;ALQUILERES PAGADOS;1
2151;66;5008;SEGUROS PAGADOS;SEGUROS PAGADOS;1
2152;66;5010;GASTOS GENERALES;GASTOS GENERALES;1
2153;66;5011;SERVICISO INFORMATICOS;SERVICIOS INFORMATICOS;1
2154;66;5012;CANON;CANON;1
2155;66;5013;SERVICIOS JURIDICOS;SERVICIOS JURIDICOS;1
2156;66;5030;BANCO NACION - INTERES POR DESCUBIERTO;BANCO NACION - INTERES POR DESCUBIERTO;1
2157;66;5009;INTERESES BANCARIOS;INTERESES BANCARIOS;1
2158;66;5031;BANCO NACION - GASTOS DE MANTENIMIENTO DE CUENTA;BANCO NACION - GASTOS DE MANTENIMIENTO DE CUENTA;1
2159;66;5032;BANCO NACION - INTERESES POR PRESTAMOS;BANCO NACION - INTERESES POR PRESTAMOS;1
2160;66;5033;BANCO SANTANDER - INTERES POR DESCUBIERTO;BANCO SANTANDER - INTERES POR DESCUBIERTO;1
2161;66;5036;BANCO GALICIA - INTERES POR DESCUBIERTO;BANCO GALICIA - INTERES POR DESCUBIERTO;1
2162;66;5039;BBVA FRANCES - INTERES POR DESCUBIERTO;BBVA FRANCES - INTERES POR DESCUBIERTO;1
2163;66;5042;BANCO CREDICOOP - INTERES POR DESCUBIERTO;BANCO CREDICOOP - INTERES POR DESCUBIERTO;1
2164;66;5045;BANCO HSBC - INTERES POR DESCUBIERTO;BANCO HSBC - INTERES POR DESCUBIERTO;1
2165;66;5048;BANCO PATAGONIA - INTERES POR DESCUBIERTO;BANCO PATAGONIA - INTERES POR DESCUBIERTO;1
2166;66;5034;BANCO SANTANDER - GASTOS DE MANTENIMIENTO DE CUENTA;BANCO SANTANDER - GASTOS DE MANTENIMIENTO DE CUENTA;1
2167;66;5037;BANCO GALICIA - GASTOS DE MANTENIMIENTO DE CUENTA;BANCO GALICIA - GASTOS DE MANTENIMIENTO DE CUENTA;1
2168;66;5043;BANCO CREDICOOP - GASTOS DE MANTENIMIENTO DE CUENTA;BANCO CREDICOOP - GASTOS DE MANTENIMIENTO DE CUENTA;1
2169;66;5046;BANCO HSBC - GASTOS DE MANTENIMIENTO DE CUENTA;BANCO HSBC - GASTOS DE MANTENIMIENTO DE CUENTA;1
2170;66;5049;BANCO PATAGONIA - GASTOS DE MANTENIMIENTO DE CUENTA;BANCO PATAGONIA - GASTOS DE MANTENIMIENTO DE CUENTA;1
2171;66;5035;BANCO SANTANDER - INTERESES POR PRESTAMOS;BANCO SANTANDER - INTERESES POR PRESTAMOS;1
2172;66;5038;BANCO GALICIA - INTERESES POR PRESTAMOS;BANCO GALICIA - INTERESES POR PRESTAMOS;1
2173;66;5041;BBVA FRANCES - INTERESES POR PRESTAMOS;BBVA FRANCES - INTERESES POR PRESTAMOS;1
2174;66;5044;BANCO CREDICOOP- INTERESES POR PRESTAMOS;BANCO CREDICOOP- INTERESES POR PRESTAMOS;1
2175;66;5047;BANCO HSBC - INTERESES POR PRESTAMOS;BANCO HSBC - INTERESES POR PRESTAMOS;1
2176;66;5050;BANCO PATAGONIA- INTERESES POR PRESTAMOS;BANCO PATAGONIA- INTERESES POR PRESTAMOS;1
2177;66;1050;RODADOS - BIENES DE USO;RODADOS - BIENES DE USO;1
2178;66;1051;MUEBLES Y UTILES - BIENES DE USO;MUEBLES Y UTILES - BIENES DE USO;1
2179;66;1052;MAQUINARIA - BIENES DE USO;MAQUINARIA - BIENES DE USO;1
2180;66;1053;INMUEBLES - BIENES DE USO;INMUEBLES - BIENES DE USO;1
2181;66;5020;RODADOS - GASTOS DE MANTENIMIENTO;RODADOS - GASTOS DE MANTENIMIENTO;1
2182;66;5021;MUEBLES Y UTILES - GASTOS DE MANTENIMIENTO;MUEBLES Y UTILES - GASTOS DE MANTENIMIENTO;1
2183;66;5022;MAQUINARIA - GASTOS DE MANTENIMIENTO;MAQUINARIA - GASTOS DE MANTENIMIENTO;1
2184;66;5023;INMUEBLES - GASTOS DE MANTENIMIENTO;INMUEBLES - GASTOS DE MANTENIMIENTO;1
2185;66;5024;COMPRA DE BIENES USADOS A CF;COMPRA DE BIENES USADOS A CF;1
2186;66;1059;INSTALACIONES - BIENES DE USO;INSTALACIONES - BIENES DE USO;1
2187;66;5025;INSTALACIONES - GASTOS DE MANTENIMIENTO;INSTALACIONES - GASTOS DE MANTENIMIENTO;1
2188;66;5004;SERVICIOS Y TASAS;SERVICIOS Y TASAS;1
2203;67;4000;VENTAS;VENTAS;1
2204;67;5000;COMPRAS;COMPRAS;1
2205;67;5001;COMISION TARJETAS DE CREDITO;COMISION TARJETAS DE CREDITO;1
2206;67;5002;COMBUSTIBLES Y LUBRICANTES;COMBUSTIBLES Y LUBRICANTES;1
2207;67;5003;FLETES Y CORREO;FLETES Y CORREO;1
2208;67;5005;LIBRERIA Y PAPELERIA;LIBRERIA Y PAPELERIA;1
2209;67;5006;HONORARIOS PROFESIONALES;HONORARIOS PROFESIONALES;1
2210;67;5007;ALQUILERES PAGADOS;ALQUILERES PAGADOS;1
2211;67;5008;SEGUROS PAGADOS;SEGUROS PAGADOS;1
2212;67;5010;GASTOS GENERALES;GASTOS GENERALES;1
2213;67;5011;SERVICISO INFORMATICOS;SERVICIOS INFORMATICOS;1
2214;67;5012;CANON;CANON;1
2215;67;5013;SERVICIOS JURIDICOS;SERVICIOS JURIDICOS;1
2216;67;5030;BANCO NACION - INTERES POR DESCUBIERTO;BANCO NACION - INTERES POR DESCUBIERTO;1
2217;67;5009;INTERESES BANCARIOS;INTERESES BANCARIOS;1
2218;67;5031;BANCO NACION - GASTOS DE MANTENIMIENTO DE CUENTA;BANCO NACION - GASTOS DE MANTENIMIENTO DE CUENTA;1
2219;67;5032;BANCO NACION - INTERESES POR PRESTAMOS;BANCO NACION - INTERESES POR PRESTAMOS;1
2220;67;5033;BANCO SANTANDER - INTERES POR DESCUBIERTO;BANCO SANTANDER - INTERES POR DESCUBIERTO;1
2221;67;5036;BANCO GALICIA - INTERES POR DESCUBIERTO;BANCO GALICIA - INTERES POR DESCUBIERTO;1
2222;67;5039;BBVA FRANCES - INTERES POR DESCUBIERTO;BBVA FRANCES - INTERES POR DESCUBIERTO;1
2223;67;5042;BANCO CREDICOOP - INTERES POR DESCUBIERTO;BANCO CREDICOOP - INTERES POR DESCUBIERTO;1
2224;67;5045;BANCO HSBC - INTERES POR DESCUBIERTO;BANCO HSBC - INTERES POR DESCUBIERTO;1
2225;67;5048;BANCO PATAGONIA - INTERES POR DESCUBIERTO;BANCO PATAGONIA - INTERES POR DESCUBIERTO;1
2226;67;5034;BANCO SANTANDER - GASTOS DE MANTENIMIENTO DE CUENTA;BANCO SANTANDER - GASTOS DE MANTENIMIENTO DE CUENTA;1
2227;67;5037;BANCO GALICIA - GASTOS DE MANTENIMIENTO DE CUENTA;BANCO GALICIA - GASTOS DE MANTENIMIENTO DE CUENTA;1
2228;67;5043;BANCO CREDICOOP - GASTOS DE MANTENIMIENTO DE CUENTA;BANCO CREDICOOP - GASTOS DE MANTENIMIENTO DE CUENTA;1
2229;67;5046;BANCO HSBC - GASTOS DE MANTENIMIENTO DE CUENTA;BANCO HSBC - GASTOS DE MANTENIMIENTO DE CUENTA;1
2230;67;5049;BANCO PATAGONIA - GASTOS DE MANTENIMIENTO DE CUENTA;BANCO PATAGONIA - GASTOS DE MANTENIMIENTO DE CUENTA;1
2231;67;5035;BANCO SANTANDER - INTERESES POR PRESTAMOS;BANCO SANTANDER - INTERESES POR PRESTAMOS;1
2232;67;5038;BANCO GALICIA - INTERESES POR PRESTAMOS;BANCO GALICIA - INTERESES POR PRESTAMOS;1
2233;67;5041;BBVA FRANCES - INTERESES POR PRESTAMOS;BBVA FRANCES - INTERESES POR PRESTAMOS;1
2234;67;5044;BANCO CREDICOOP- INTERESES POR PRESTAMOS;BANCO CREDICOOP- INTERESES POR PRESTAMOS;1
2235;67;5047;BANCO HSBC - INTERESES POR PRESTAMOS;BANCO HSBC - INTERESES POR PRESTAMOS;1
2236;67;5050;BANCO PATAGONIA- INTERESES POR PRESTAMOS;BANCO PATAGONIA- INTERESES POR PRESTAMOS;1
2237;67;1050;RODADOS - BIENES DE USO;RODADOS - BIENES DE USO;1
2238;67;1051;MUEBLES Y UTILES - BIENES DE USO;MUEBLES Y UTILES - BIENES DE USO;1
2239;67;1052;MAQUINARIA - BIENES DE USO;MAQUINARIA - BIENES DE USO;1
2240;67;1053;INMUEBLES - BIENES DE USO;INMUEBLES - BIENES DE USO;1
2241;67;5020;RODADOS - GASTOS DE MANTENIMIENTO;RODADOS - GASTOS DE MANTENIMIENTO;1
2242;67;5021;MUEBLES Y UTILES - GASTOS DE MANTENIMIENTO;MUEBLES Y UTILES - GASTOS DE MANTENIMIENTO;1
2243;67;5022;MAQUINARIA - GASTOS DE MANTENIMIENTO;MAQUINARIA - GASTOS DE MANTENIMIENTO;1
2244;67;5023;INMUEBLES - GASTOS DE MANTENIMIENTO;INMUEBLES - GASTOS DE MANTENIMIENTO;1
2245;67;5024;COMPRA DE BIENES USADOS A CF;COMPRA DE BIENES USADOS A CF;1
2246;67;1059;INSTALACIONES - BIENES DE USO;INSTALACIONES - BIENES DE USO;1
2247;67;5025;INSTALACIONES - GASTOS DE MANTENIMIENTO;INSTALACIONES - GASTOS DE MANTENIMIENTO;1
2248;67;5004;SERVICIOS Y TASAS;SERVICIOS Y TASAS;1
2263;68;4000;VENTAS;VENTAS;1
2264;68;5000;COMPRAS;COMPRAS;1
2265;68;5001;COMISION TARJETAS DE CREDITO;COMISION TARJETAS DE CREDITO;1
2266;68;5002;COMBUSTIBLES Y LUBRICANTES;COMBUSTIBLES Y LUBRICANTES;1
2267;68;5003;FLETES Y CORREO;FLETES Y CORREO;1
2268;68;5005;LIBRERIA Y PAPELERIA;LIBRERIA Y PAPELERIA;1
2269;68;5006;HONORARIOS PROFESIONALES;HONORARIOS PROFESIONALES;1
2270;68;5007;ALQUILERES PAGADOS;ALQUILERES PAGADOS;1
2271;68;5008;SEGUROS PAGADOS;SEGUROS PAGADOS;1
2272;68;5010;GASTOS GENERALES;GASTOS GENERALES;1
2273;68;5011;SERVICISO INFORMATICOS;SERVICIOS INFORMATICOS;1
2274;68;5012;CANON;CANON;1
2275;68;5013;SERVICIOS JURIDICOS;SERVICIOS JURIDICOS;1
2276;68;5030;BANCO NACION - INTERES POR DESCUBIERTO;BANCO NACION - INTERES POR DESCUBIERTO;1
2277;68;5009;INTERESES BANCARIOS;INTERESES BANCARIOS;1
2278;68;5031;BANCO NACION - GASTOS DE MANTENIMIENTO DE CUENTA;BANCO NACION - GASTOS DE MANTENIMIENTO DE CUENTA;1
2279;68;5032;BANCO NACION - INTERESES POR PRESTAMOS;BANCO NACION - INTERESES POR PRESTAMOS;1
2280;68;5033;BANCO SANTANDER - INTERES POR DESCUBIERTO;BANCO SANTANDER - INTERES POR DESCUBIERTO;1
2281;68;5036;BANCO GALICIA - INTERES POR DESCUBIERTO;BANCO GALICIA - INTERES POR DESCUBIERTO;1
2282;68;5039;BBVA FRANCES - INTERES POR DESCUBIERTO;BBVA FRANCES - INTERES POR DESCUBIERTO;1
2283;68;5042;BANCO CREDICOOP - INTERES POR DESCUBIERTO;BANCO CREDICOOP - INTERES POR DESCUBIERTO;1
2284;68;5045;BANCO HSBC - INTERES POR DESCUBIERTO;BANCO HSBC - INTERES POR DESCUBIERTO;1
2285;68;5048;BANCO PATAGONIA - INTERES POR DESCUBIERTO;BANCO PATAGONIA - INTERES POR DESCUBIERTO;1
2286;68;5034;BANCO SANTANDER - GASTOS DE MANTENIMIENTO DE CUENTA;BANCO SANTANDER - GASTOS DE MANTENIMIENTO DE CUENTA;1
2287;68;5037;BANCO GALICIA - GASTOS DE MANTENIMIENTO DE CUENTA;BANCO GALICIA - GASTOS DE MANTENIMIENTO DE CUENTA;1
2288;68;5043;BANCO CREDICOOP - GASTOS DE MANTENIMIENTO DE CUENTA;BANCO CREDICOOP - GASTOS DE MANTENIMIENTO DE CUENTA;1
2289;68;5046;BANCO HSBC - GASTOS DE MANTENIMIENTO DE CUENTA;BANCO HSBC - GASTOS DE MANTENIMIENTO DE CUENTA;1
2290;68;5049;BANCO PATAGONIA - GASTOS DE MANTENIMIENTO DE CUENTA;BANCO PATAGONIA - GASTOS DE MANTENIMIENTO DE CUENTA;1
2291;68;5035;BANCO SANTANDER - INTERESES POR PRESTAMOS;BANCO SANTANDER - INTERESES POR PRESTAMOS;1
2292;68;5038;BANCO GALICIA - INTERESES POR PRESTAMOS;BANCO GALICIA - INTERESES POR PRESTAMOS;1
2293;68;5041;BBVA FRANCES - INTERESES POR PRESTAMOS;BBVA FRANCES - INTERESES POR PRESTAMOS;1
2294;68;5044;BANCO CREDICOOP- INTERESES POR PRESTAMOS;BANCO CREDICOOP- INTERESES POR PRESTAMOS;1
2295;68;5047;BANCO HSBC - INTERESES POR PRESTAMOS;BANCO HSBC - INTERESES POR PRESTAMOS;1
2296;68;5050;BANCO PATAGONIA- INTERESES POR PRESTAMOS;BANCO PATAGONIA- INTERESES POR PRESTAMOS;1
2297;68;1050;RODADOS - BIENES DE USO;RODADOS - BIENES DE USO;1
2298;68;1051;MUEBLES Y UTILES - BIENES DE USO;MUEBLES Y UTILES - BIENES DE USO;1
2299;68;1052;MAQUINARIA - BIENES DE USO;MAQUINARIA - BIENES DE USO;1
2300;68;1053;INMUEBLES - BIENES DE USO;INMUEBLES - BIENES DE USO;1
2301;68;5020;RODADOS - GASTOS DE MANTENIMIENTO;RODADOS - GASTOS DE MANTENIMIENTO;1
2302;68;5021;MUEBLES Y UTILES - GASTOS DE MANTENIMIENTO;MUEBLES Y UTILES - GASTOS DE MANTENIMIENTO;1
2303;68;5022;MAQUINARIA - GASTOS DE MANTENIMIENTO;MAQUINARIA - GASTOS DE MANTENIMIENTO;1
2304;68;5023;INMUEBLES - GASTOS DE MANTENIMIENTO;INMUEBLES - GASTOS DE MANTENIMIENTO;1
2305;68;5024;COMPRA DE BIENES USADOS A CF;COMPRA DE BIENES USADOS A CF;1
2306;68;1059;INSTALACIONES - BIENES DE USO;INSTALACIONES - BIENES DE USO;1
2307;68;5025;INSTALACIONES - GASTOS DE MANTENIMIENTO;INSTALACIONES - GASTOS DE MANTENIMIENTO;1
2308;68;5004;SERVICIOS Y TASAS;SERVICIOS Y TASAS;1
2323;69;4000;VENTAS;VENTAS;1
2324;69;5000;COMPRAS;COMPRAS;1
2325;69;5001;COMISION TARJETAS DE CREDITO;COMISION TARJETAS DE CREDITO;1
2326;69;5002;COMBUSTIBLES Y LUBRICANTES;COMBUSTIBLES Y LUBRICANTES;1
2327;69;5003;FLETES Y CORREO;FLETES Y CORREO;1
2328;69;5005;LIBRERIA Y PAPELERIA;LIBRERIA Y PAPELERIA;1
2329;69;5006;HONORARIOS PROFESIONALES;HONORARIOS PROFESIONALES;1
2330;69;5007;ALQUILERES PAGADOS;ALQUILERES PAGADOS;1
2331;69;5008;SEGUROS PAGADOS;SEGUROS PAGADOS;1
2332;69;5010;GASTOS GENERALES;GASTOS GENERALES;1
2333;69;5011;SERVICISO INFORMATICOS;SERVICIOS INFORMATICOS;1
2334;69;5012;CANON;CANON;1
2335;69;5013;SERVICIOS JURIDICOS;SERVICIOS JURIDICOS;1
2336;69;5030;BANCO NACION - INTERES POR DESCUBIERTO;BANCO NACION - INTERES POR DESCUBIERTO;1
2337;69;5009;INTERESES BANCARIOS;INTERESES BANCARIOS;1
2338;69;5031;BANCO NACION - GASTOS DE MANTENIMIENTO DE CUENTA;BANCO NACION - GASTOS DE MANTENIMIENTO DE CUENTA;1
2339;69;5032;BANCO NACION - INTERESES POR PRESTAMOS;BANCO NACION - INTERESES POR PRESTAMOS;1
2340;69;5033;BANCO SANTANDER - INTERES POR DESCUBIERTO;BANCO SANTANDER - INTERES POR DESCUBIERTO;1
2341;69;5036;BANCO GALICIA - INTERES POR DESCUBIERTO;BANCO GALICIA - INTERES POR DESCUBIERTO;1
2342;69;5039;BBVA FRANCES - INTERES POR DESCUBIERTO;BBVA FRANCES - INTERES POR DESCUBIERTO;1
2343;69;5042;BANCO CREDICOOP - INTERES POR DESCUBIERTO;BANCO CREDICOOP - INTERES POR DESCUBIERTO;1
2344;69;5045;BANCO HSBC - INTERES POR DESCUBIERTO;BANCO HSBC - INTERES POR DESCUBIERTO;1
2345;69;5048;BANCO PATAGONIA - INTERES POR DESCUBIERTO;BANCO PATAGONIA - INTERES POR DESCUBIERTO;1
2346;69;5034;BANCO SANTANDER - GASTOS DE MANTENIMIENTO DE CUENTA;BANCO SANTANDER - GASTOS DE MANTENIMIENTO DE CUENTA;1
2347;69;5037;BANCO GALICIA - GASTOS DE MANTENIMIENTO DE CUENTA;BANCO GALICIA - GASTOS DE MANTENIMIENTO DE CUENTA;1
2348;69;5043;BANCO CREDICOOP - GASTOS DE MANTENIMIENTO DE CUENTA;BANCO CREDICOOP - GASTOS DE MANTENIMIENTO DE CUENTA;1
2349;69;5046;BANCO HSBC - GASTOS DE MANTENIMIENTO DE CUENTA;BANCO HSBC - GASTOS DE MANTENIMIENTO DE CUENTA;1
2350;69;5049;BANCO PATAGONIA - GASTOS DE MANTENIMIENTO DE CUENTA;BANCO PATAGONIA - GASTOS DE MANTENIMIENTO DE CUENTA;1
2351;69;5035;BANCO SANTANDER - INTERESES POR PRESTAMOS;BANCO SANTANDER - INTERESES POR PRESTAMOS;1
2352;69;5038;BANCO GALICIA - INTERESES POR PRESTAMOS;BANCO GALICIA - INTERESES POR PRESTAMOS;1
2353;69;5041;BBVA FRANCES - INTERESES POR PRESTAMOS;BBVA FRANCES - INTERESES POR PRESTAMOS;1
2354;69;5044;BANCO CREDICOOP- INTERESES POR PRESTAMOS;BANCO CREDICOOP- INTERESES POR PRESTAMOS;1
2355;69;5047;BANCO HSBC - INTERESES POR PRESTAMOS;BANCO HSBC - INTERESES POR PRESTAMOS;1
2356;69;5050;BANCO PATAGONIA- INTERESES POR PRESTAMOS;BANCO PATAGONIA- INTERESES POR PRESTAMOS;1
2357;69;1050;RODADOS - BIENES DE USO;RODADOS - BIENES DE USO;1
2358;69;1051;MUEBLES Y UTILES - BIENES DE USO;MUEBLES Y UTILES - BIENES DE USO;1
2359;69;1052;MAQUINARIA - BIENES DE USO;MAQUINARIA - BIENES DE USO;1
2360;69;1053;INMUEBLES - BIENES DE USO;INMUEBLES - BIENES DE USO;1
2361;69;5020;RODADOS - GASTOS DE MANTENIMIENTO;RODADOS - GASTOS DE MANTENIMIENTO;1
2362;69;5021;MUEBLES Y UTILES - GASTOS DE MANTENIMIENTO;MUEBLES Y UTILES - GASTOS DE MANTENIMIENTO;1
2363;69;5022;MAQUINARIA - GASTOS DE MANTENIMIENTO;MAQUINARIA - GASTOS DE MANTENIMIENTO;1
2364;69;5023;INMUEBLES - GASTOS DE MANTENIMIENTO;INMUEBLES - GASTOS DE MANTENIMIENTO;1
2365;69;5024;COMPRA DE BIENES USADOS A CF;COMPRA DE BIENES USADOS A CF;1
2366;69;1059;INSTALACIONES - BIENES DE USO;INSTALACIONES - BIENES DE USO;1
2367;69;5025;INSTALACIONES - GASTOS DE MANTENIMIENTO;INSTALACIONES - GASTOS DE MANTENIMIENTO;1
2368;69;5004;SERVICIOS Y TASAS;SERVICIOS Y TASAS;1
2383;70;4000;VENTAS;VENTAS;1
2384;70;5000;COMPRAS;COMPRAS;1
2385;70;5001;COMISION TARJETAS DE CREDITO;COMISION TARJETAS DE CREDITO;1
2386;70;5002;COMBUSTIBLES Y LUBRICANTES;COMBUSTIBLES Y LUBRICANTES;1
2387;70;5003;FLETES Y CORREO;FLETES Y CORREO;1
2388;70;5005;LIBRERIA Y PAPELERIA;LIBRERIA Y PAPELERIA;1
2389;70;5006;HONORARIOS PROFESIONALES;HONORARIOS PROFESIONALES;1
2390;70;5007;ALQUILERES PAGADOS;ALQUILERES PAGADOS;1
2391;70;5008;SEGUROS PAGADOS;SEGUROS PAGADOS;1
2392;70;5010;GASTOS GENERALES;GASTOS GENERALES;1
2393;70;5011;SERVICISO INFORMATICOS;SERVICIOS INFORMATICOS;1
2394;70;5012;CANON;CANON;1
2395;70;5013;SERVICIOS JURIDICOS;SERVICIOS JURIDICOS;1
2396;70;5030;BANCO NACION - INTERES POR DESCUBIERTO;BANCO NACION - INTERES POR DESCUBIERTO;1
2397;70;5009;INTERESES BANCARIOS;INTERESES BANCARIOS;1
2398;70;5031;BANCO NACION - GASTOS DE MANTENIMIENTO DE CUENTA;BANCO NACION - GASTOS DE MANTENIMIENTO DE CUENTA;1
2399;70;5032;BANCO NACION - INTERESES POR PRESTAMOS;BANCO NACION - INTERESES POR PRESTAMOS;1
2400;70;5033;BANCO SANTANDER - INTERES POR DESCUBIERTO;BANCO SANTANDER - INTERES POR DESCUBIERTO;1
2401;70;5036;BANCO GALICIA - INTERES POR DESCUBIERTO;BANCO GALICIA - INTERES POR DESCUBIERTO;1
2402;70;5039;BBVA FRANCES - INTERES POR DESCUBIERTO;BBVA FRANCES - INTERES POR DESCUBIERTO;1
2403;70;5042;BANCO CREDICOOP - INTERES POR DESCUBIERTO;BANCO CREDICOOP - INTERES POR DESCUBIERTO;1
2404;70;5045;BANCO HSBC - INTERES POR DESCUBIERTO;BANCO HSBC - INTERES POR DESCUBIERTO;1
2405;70;5048;BANCO PATAGONIA - INTERES POR DESCUBIERTO;BANCO PATAGONIA - INTERES POR DESCUBIERTO;1
2406;70;5034;BANCO SANTANDER - GASTOS DE MANTENIMIENTO DE CUENTA;BANCO SANTANDER - GASTOS DE MANTENIMIENTO DE CUENTA;1
2407;70;5037;BANCO GALICIA - GASTOS DE MANTENIMIENTO DE CUENTA;BANCO GALICIA - GASTOS DE MANTENIMIENTO DE CUENTA;1
2408;70;5043;BANCO CREDICOOP - GASTOS DE MANTENIMIENTO DE CUENTA;BANCO CREDICOOP - GASTOS DE MANTENIMIENTO DE CUENTA;1
2409;70;5046;BANCO HSBC - GASTOS DE MANTENIMIENTO DE CUENTA;BANCO HSBC - GASTOS DE MANTENIMIENTO DE CUENTA;1
2410;70;5049;BANCO PATAGONIA - GASTOS DE MANTENIMIENTO DE CUENTA;BANCO PATAGONIA - GASTOS DE MANTENIMIENTO DE CUENTA;1
2411;70;5035;BANCO SANTANDER - INTERESES POR PRESTAMOS;BANCO SANTANDER - INTERESES POR PRESTAMOS;1
2412;70;5038;BANCO GALICIA - INTERESES POR PRESTAMOS;BANCO GALICIA - INTERESES POR PRESTAMOS;1
2413;70;5041;BBVA FRANCES - INTERESES POR PRESTAMOS;BBVA FRANCES - INTERESES POR PRESTAMOS;1
2414;70;5044;BANCO CREDICOOP- INTERESES POR PRESTAMOS;BANCO CREDICOOP- INTERESES POR PRESTAMOS;1
2415;70;5047;BANCO HSBC - INTERESES POR PRESTAMOS;BANCO HSBC - INTERESES POR PRESTAMOS;1
2416;70;5050;BANCO PATAGONIA- INTERESES POR PRESTAMOS;BANCO PATAGONIA- INTERESES POR PRESTAMOS;1
2417;70;1050;RODADOS - BIENES DE USO;RODADOS - BIENES DE USO;1
2418;70;1051;MUEBLES Y UTILES - BIENES DE USO;MUEBLES Y UTILES - BIENES DE USO;1
2419;70;1052;MAQUINARIA - BIENES DE USO;MAQUINARIA - BIENES DE USO;1
2420;70;1053;INMUEBLES - BIENES DE USO;INMUEBLES - BIENES DE USO;1
2421;70;5020;RODADOS - GASTOS DE MANTENIMIENTO;RODADOS - GASTOS DE MANTENIMIENTO;1
2422;70;5021;MUEBLES Y UTILES - GASTOS DE MANTENIMIENTO;MUEBLES Y UTILES - GASTOS DE MANTENIMIENTO;1
2423;70;5022;MAQUINARIA - GASTOS DE MANTENIMIENTO;MAQUINARIA - GASTOS DE MANTENIMIENTO;1
2424;70;5023;INMUEBLES - GASTOS DE MANTENIMIENTO;INMUEBLES - GASTOS DE MANTENIMIENTO;1
2425;70;5024;COMPRA DE BIENES USADOS A CF;COMPRA DE BIENES USADOS A CF;1
2426;70;1059;INSTALACIONES - BIENES DE USO;INSTALACIONES - BIENES DE USO;1
2427;70;5025;INSTALACIONES - GASTOS DE MANTENIMIENTO;INSTALACIONES - GASTOS DE MANTENIMIENTO;1
2428;70;5004;SERVICIOS Y TASAS;SERVICIOS Y TASAS;1
2443;72;4000;VENTAS;VENTAS;1
2444;72;5000;COMPRAS;COMPRAS;1
2445;72;5001;COMISION TARJETAS DE CREDITO;COMISION TARJETAS DE CREDITO;1
2446;72;5002;COMBUSTIBLES Y LUBRICANTES;COMBUSTIBLES Y LUBRICANTES;1
2447;72;5003;FLETES Y CORREO;FLETES Y CORREO;1
2448;72;5005;LIBRERIA Y PAPELERIA;LIBRERIA Y PAPELERIA;1
2449;72;5006;HONORARIOS PROFESIONALES;HONORARIOS PROFESIONALES;1
2450;72;5007;ALQUILERES PAGADOS;ALQUILERES PAGADOS;1
2451;72;5008;SEGUROS PAGADOS;SEGUROS PAGADOS;1
2452;72;5010;GASTOS GENERALES;GASTOS GENERALES;1
2453;72;5011;SERVICISO INFORMATICOS;SERVICIOS INFORMATICOS;1
2454;72;5012;CANON;CANON;1
2455;72;5013;SERVICIOS JURIDICOS;SERVICIOS JURIDICOS;1
2456;72;5030;BANCO NACION - INTERES POR DESCUBIERTO;BANCO NACION - INTERES POR DESCUBIERTO;1
2457;72;5009;INTERESES BANCARIOS;INTERESES BANCARIOS;1
2458;72;5031;BANCO NACION - GASTOS DE MANTENIMIENTO DE CUENTA;BANCO NACION - GASTOS DE MANTENIMIENTO DE CUENTA;1
2459;72;5032;BANCO NACION - INTERESES POR PRESTAMOS;BANCO NACION - INTERESES POR PRESTAMOS;1
2460;72;5033;BANCO SANTANDER - INTERES POR DESCUBIERTO;BANCO SANTANDER - INTERES POR DESCUBIERTO;1
2461;72;5036;BANCO GALICIA - INTERES POR DESCUBIERTO;BANCO GALICIA - INTERES POR DESCUBIERTO;1
2462;72;5039;BBVA FRANCES - INTERES POR DESCUBIERTO;BBVA FRANCES - INTERES POR DESCUBIERTO;1
2463;72;5042;BANCO CREDICOOP - INTERES POR DESCUBIERTO;BANCO CREDICOOP - INTERES POR DESCUBIERTO;1
2464;72;5045;BANCO HSBC - INTERES POR DESCUBIERTO;BANCO HSBC - INTERES POR DESCUBIERTO;1
2465;72;5048;BANCO PATAGONIA - INTERES POR DESCUBIERTO;BANCO PATAGONIA - INTERES POR DESCUBIERTO;1
2466;72;5034;BANCO SANTANDER - GASTOS DE MANTENIMIENTO DE CUENTA;BANCO SANTANDER - GASTOS DE MANTENIMIENTO DE CUENTA;1
2467;72;5037;BANCO GALICIA - GASTOS DE MANTENIMIENTO DE CUENTA;BANCO GALICIA - GASTOS DE MANTENIMIENTO DE CUENTA;1
2468;72;5043;BANCO CREDICOOP - GASTOS DE MANTENIMIENTO DE CUENTA;BANCO CREDICOOP - GASTOS DE MANTENIMIENTO DE CUENTA;1
2469;72;5046;BANCO HSBC - GASTOS DE MANTENIMIENTO DE CUENTA;BANCO HSBC - GASTOS DE MANTENIMIENTO DE CUENTA;1
2470;72;5049;BANCO PATAGONIA - GASTOS DE MANTENIMIENTO DE CUENTA;BANCO PATAGONIA - GASTOS DE MANTENIMIENTO DE CUENTA;1
2471;72;5035;BANCO SANTANDER - INTERESES POR PRESTAMOS;BANCO SANTANDER - INTERESES POR PRESTAMOS;1
2472;72;5038;BANCO GALICIA - INTERESES POR PRESTAMOS;BANCO GALICIA - INTERESES POR PRESTAMOS;1
2473;72;5041;BBVA FRANCES - INTERESES POR PRESTAMOS;BBVA FRANCES - INTERESES POR PRESTAMOS;1
2474;72;5044;BANCO CREDICOOP- INTERESES POR PRESTAMOS;BANCO CREDICOOP- INTERESES POR PRESTAMOS;1
2475;72;5047;BANCO HSBC - INTERESES POR PRESTAMOS;BANCO HSBC - INTERESES POR PRESTAMOS;1
2476;72;5050;BANCO PATAGONIA- INTERESES POR PRESTAMOS;BANCO PATAGONIA- INTERESES POR PRESTAMOS;1
2477;72;1050;RODADOS - BIENES DE USO;RODADOS - BIENES DE USO;1
2478;72;1051;MUEBLES Y UTILES - BIENES DE USO;MUEBLES Y UTILES - BIENES DE USO;1
2479;72;1052;MAQUINARIA - BIENES DE USO;MAQUINARIA - BIENES DE USO;1
2480;72;1053;INMUEBLES - BIENES DE USO;INMUEBLES - BIENES DE USO;1
2481;72;5020;RODADOS - GASTOS DE MANTENIMIENTO;RODADOS - GASTOS DE MANTENIMIENTO;1
2482;72;5021;MUEBLES Y UTILES - GASTOS DE MANTENIMIENTO;MUEBLES Y UTILES - GASTOS DE MANTENIMIENTO;1
2483;72;5022;MAQUINARIA - GASTOS DE MANTENIMIENTO;MAQUINARIA - GASTOS DE MANTENIMIENTO;1
2484;72;5023;INMUEBLES - GASTOS DE MANTENIMIENTO;INMUEBLES - GASTOS DE MANTENIMIENTO;1
2485;72;5024;COMPRA DE BIENES USADOS A CF;COMPRA DE BIENES USADOS A CF;1
2486;72;1059;INSTALACIONES - BIENES DE USO;INSTALACIONES - BIENES DE USO;1
2487;72;5025;INSTALACIONES - GASTOS DE MANTENIMIENTO;INSTALACIONES - GASTOS DE MANTENIMIENTO;1
2488;72;5004;SERVICIOS Y TASAS;SERVICIOS Y TASAS;1
2503;76;4000;VENTAS;VENTAS;1
2504;76;5000;COMPRAS;COMPRAS;1
2505;76;5001;COMISION TARJETAS DE CREDITO;COMISION TARJETAS DE CREDITO;1
2506;76;5002;COMBUSTIBLES Y LUBRICANTES;COMBUSTIBLES Y LUBRICANTES;1
2507;76;5003;FLETES Y CORREO;FLETES Y CORREO;1
2508;76;5005;LIBRERIA Y PAPELERIA;LIBRERIA Y PAPELERIA;1
2509;76;5006;HONORARIOS PROFESIONALES;HONORARIOS PROFESIONALES;1
2510;76;5007;ALQUILERES PAGADOS;ALQUILERES PAGADOS;1
2511;76;5008;SEGUROS PAGADOS;SEGUROS PAGADOS;1
2512;76;5010;GASTOS GENERALES;GASTOS GENERALES;1
2513;76;5011;SERVICISO INFORMATICOS;SERVICIOS INFORMATICOS;1
2514;76;5012;CANON;CANON;1
2515;76;5013;SERVICIOS JURIDICOS;SERVICIOS JURIDICOS;1
2516;76;5030;BANCO NACION - INTERES POR DESCUBIERTO;BANCO NACION - INTERES POR DESCUBIERTO;1
2517;76;5009;INTERESES BANCARIOS;INTERESES BANCARIOS;1
2518;76;5031;BANCO NACION - GASTOS DE MANTENIMIENTO DE CUENTA;BANCO NACION - GASTOS DE MANTENIMIENTO DE CUENTA;1
2519;76;5032;BANCO NACION - INTERESES POR PRESTAMOS;BANCO NACION - INTERESES POR PRESTAMOS;1
2520;76;5033;BANCO SANTANDER - INTERES POR DESCUBIERTO;BANCO SANTANDER - INTERES POR DESCUBIERTO;1
2521;76;5036;BANCO GALICIA - INTERES POR DESCUBIERTO;BANCO GALICIA - INTERES POR DESCUBIERTO;1
2522;76;5039;BBVA FRANCES - INTERES POR DESCUBIERTO;BBVA FRANCES - INTERES POR DESCUBIERTO;1
2523;76;5042;BANCO CREDICOOP - INTERES POR DESCUBIERTO;BANCO CREDICOOP - INTERES POR DESCUBIERTO;1
2524;76;5045;BANCO HSBC - INTERES POR DESCUBIERTO;BANCO HSBC - INTERES POR DESCUBIERTO;1
2525;76;5048;BANCO PATAGONIA - INTERES POR DESCUBIERTO;BANCO PATAGONIA - INTERES POR DESCUBIERTO;1
2526;76;5034;BANCO SANTANDER - GASTOS DE MANTENIMIENTO DE CUENTA;BANCO SANTANDER - GASTOS DE MANTENIMIENTO DE CUENTA;1
2527;76;5037;BANCO GALICIA - GASTOS DE MANTENIMIENTO DE CUENTA;BANCO GALICIA - GASTOS DE MANTENIMIENTO DE CUENTA;1
2528;76;5043;BANCO CREDICOOP - GASTOS DE MANTENIMIENTO DE CUENTA;BANCO CREDICOOP - GASTOS DE MANTENIMIENTO DE CUENTA;1
2529;76;5046;BANCO HSBC - GASTOS DE MANTENIMIENTO DE CUENTA;BANCO HSBC - GASTOS DE MANTENIMIENTO DE CUENTA;1
2530;76;5049;BANCO PATAGONIA - GASTOS DE MANTENIMIENTO DE CUENTA;BANCO PATAGONIA - GASTOS DE MANTENIMIENTO DE CUENTA;1
2531;76;5035;BANCO SANTANDER - INTERESES POR PRESTAMOS;BANCO SANTANDER - INTERESES POR PRESTAMOS;1
2532;76;5038;BANCO GALICIA - INTERESES POR PRESTAMOS;BANCO GALICIA - INTERESES POR PRESTAMOS;1
2533;76;5041;BBVA FRANCES - INTERESES POR PRESTAMOS;BBVA FRANCES - INTERESES POR PRESTAMOS;1
2534;76;5044;BANCO CREDICOOP- INTERESES POR PRESTAMOS;BANCO CREDICOOP- INTERESES POR PRESTAMOS;1
2535;76;5047;BANCO HSBC - INTERESES POR PRESTAMOS;BANCO HSBC - INTERESES POR PRESTAMOS;1
2536;76;5050;BANCO PATAGONIA- INTERESES POR PRESTAMOS;BANCO PATAGONIA- INTERESES POR PRESTAMOS;1
2537;76;1050;RODADOS - BIENES DE USO;RODADOS - BIENES DE USO;1
2538;76;1051;MUEBLES Y UTILES - BIENES DE USO;MUEBLES Y UTILES - BIENES DE USO;1
2539;76;1052;MAQUINARIA - BIENES DE USO;MAQUINARIA - BIENES DE USO;1
2540;76;1053;INMUEBLES - BIENES DE USO;INMUEBLES - BIENES DE USO;1
2541;76;5020;RODADOS - GASTOS DE MANTENIMIENTO;RODADOS - GASTOS DE MANTENIMIENTO;1
2542;76;5021;MUEBLES Y UTILES - GASTOS DE MANTENIMIENTO;MUEBLES Y UTILES - GASTOS DE MANTENIMIENTO;1
2543;76;5022;MAQUINARIA - GASTOS DE MANTENIMIENTO;MAQUINARIA - GASTOS DE MANTENIMIENTO;1
2544;76;5023;INMUEBLES - GASTOS DE MANTENIMIENTO;INMUEBLES - GASTOS DE MANTENIMIENTO;1
2545;76;5024;COMPRA DE BIENES USADOS A CF;COMPRA DE BIENES USADOS A CF;1
2546;76;1059;INSTALACIONES - BIENES DE USO;INSTALACIONES - BIENES DE USO;1
2547;76;5025;INSTALACIONES - GASTOS DE MANTENIMIENTO;INSTALACIONES - GASTOS DE MANTENIMIENTO;1
2548;76;5004;SERVICIOS Y TASAS;SERVICIOS Y TASAS;1
2563;75;4000;VENTAS;VENTAS;1
2564;75;5000;COMPRAS;COMPRAS;1
2565;75;5001;COMISION TARJETAS DE CREDITO;COMISION TARJETAS DE CREDITO;1
2566;75;5002;COMBUSTIBLES Y LUBRICANTES;COMBUSTIBLES Y LUBRICANTES;1
2567;75;5003;FLETES Y CORREO;FLETES Y CORREO;1
2568;75;5005;LIBRERIA Y PAPELERIA;LIBRERIA Y PAPELERIA;1
2569;75;5006;HONORARIOS PROFESIONALES;HONORARIOS PROFESIONALES;1
2570;75;5007;ALQUILERES PAGADOS;ALQUILERES PAGADOS;1
2571;75;5008;SEGUROS PAGADOS;SEGUROS PAGADOS;1
2572;75;5010;GASTOS GENERALES;GASTOS GENERALES;1
2573;75;5011;SERVICISO INFORMATICOS;SERVICIOS INFORMATICOS;1
2574;75;5012;CANON;CANON;1
2575;75;5013;SERVICIOS JURIDICOS;SERVICIOS JURIDICOS;1
2576;75;5030;BANCO NACION - INTERES POR DESCUBIERTO;BANCO NACION - INTERES POR DESCUBIERTO;1
2577;75;5009;INTERESES BANCARIOS;INTERESES BANCARIOS;1
2578;75;5031;BANCO NACION - GASTOS DE MANTENIMIENTO DE CUENTA;BANCO NACION - GASTOS DE MANTENIMIENTO DE CUENTA;1
2579;75;5032;BANCO NACION - INTERESES POR PRESTAMOS;BANCO NACION - INTERESES POR PRESTAMOS;1
2580;75;5033;BANCO SANTANDER - INTERES POR DESCUBIERTO;BANCO SANTANDER - INTERES POR DESCUBIERTO;1
2581;75;5036;BANCO GALICIA - INTERES POR DESCUBIERTO;BANCO GALICIA - INTERES POR DESCUBIERTO;1
2582;75;5039;BBVA FRANCES - INTERES POR DESCUBIERTO;BBVA FRANCES - INTERES POR DESCUBIERTO;1
2583;75;5042;BANCO CREDICOOP - INTERES POR DESCUBIERTO;BANCO CREDICOOP - INTERES POR DESCUBIERTO;1
2584;75;5045;BANCO HSBC - INTERES POR DESCUBIERTO;BANCO HSBC - INTERES POR DESCUBIERTO;1
2585;75;5048;BANCO PATAGONIA - INTERES POR DESCUBIERTO;BANCO PATAGONIA - INTERES POR DESCUBIERTO;1
2586;75;5034;BANCO SANTANDER - GASTOS DE MANTENIMIENTO DE CUENTA;BANCO SANTANDER - GASTOS DE MANTENIMIENTO DE CUENTA;1
2587;75;5037;BANCO GALICIA - GASTOS DE MANTENIMIENTO DE CUENTA;BANCO GALICIA - GASTOS DE MANTENIMIENTO DE CUENTA;1
2588;75;5043;BANCO CREDICOOP - GASTOS DE MANTENIMIENTO DE CUENTA;BANCO CREDICOOP - GASTOS DE MANTENIMIENTO DE CUENTA;1
2589;75;5046;BANCO HSBC - GASTOS DE MANTENIMIENTO DE CUENTA;BANCO HSBC - GASTOS DE MANTENIMIENTO DE CUENTA;1
2590;75;5049;BANCO PATAGONIA - GASTOS DE MANTENIMIENTO DE CUENTA;BANCO PATAGONIA - GASTOS DE MANTENIMIENTO DE CUENTA;1
2591;75;5035;BANCO SANTANDER - INTERESES POR PRESTAMOS;BANCO SANTANDER - INTERESES POR PRESTAMOS;1
2592;75;5038;BANCO GALICIA - INTERESES POR PRESTAMOS;BANCO GALICIA - INTERESES POR PRESTAMOS;1
2593;75;5041;BBVA FRANCES - INTERESES POR PRESTAMOS;BBVA FRANCES - INTERESES POR PRESTAMOS;1
2594;75;5044;BANCO CREDICOOP- INTERESES POR PRESTAMOS;BANCO CREDICOOP- INTERESES POR PRESTAMOS;1
2595;75;5047;BANCO HSBC - INTERESES POR PRESTAMOS;BANCO HSBC - INTERESES POR PRESTAMOS;1
2596;75;5050;BANCO PATAGONIA- INTERESES POR PRESTAMOS;BANCO PATAGONIA- INTERESES POR PRESTAMOS;1
2597;75;1050;RODADOS - BIENES DE USO;RODADOS - BIENES DE USO;1
2598;75;1051;MUEBLES Y UTILES - BIENES DE USO;MUEBLES Y UTILES - BIENES DE USO;1
2599;75;1052;MAQUINARIA - BIENES DE USO;MAQUINARIA - BIENES DE USO;1
2600;75;1053;INMUEBLES - BIENES DE USO;INMUEBLES - BIENES DE USO;1
2601;75;5020;RODADOS - GASTOS DE MANTENIMIENTO;RODADOS - GASTOS DE MANTENIMIENTO;1
2602;75;5021;MUEBLES Y UTILES - GASTOS DE MANTENIMIENTO;MUEBLES Y UTILES - GASTOS DE MANTENIMIENTO;1
2603;75;5022;MAQUINARIA - GASTOS DE MANTENIMIENTO;MAQUINARIA - GASTOS DE MANTENIMIENTO;1
2604;75;5023;INMUEBLES - GASTOS DE MANTENIMIENTO;INMUEBLES - GASTOS DE MANTENIMIENTO;1
2605;75;5024;COMPRA DE BIENES USADOS A CF;COMPRA DE BIENES USADOS A CF;1
2606;75;1059;INSTALACIONES - BIENES DE USO;INSTALACIONES - BIENES DE USO;1
2607;75;5025;INSTALACIONES - GASTOS DE MANTENIMIENTO;INSTALACIONES - GASTOS DE MANTENIMIENTO;1
2608;75;5004;SERVICIOS Y TASAS;SERVICIOS Y TASAS;1
2623;77;4000;VENTAS;VENTAS;1
2624;77;5000;COMPRAS;COMPRAS;1
2625;77;5001;COMISION TARJETAS DE CREDITO;COMISION TARJETAS DE CREDITO;1
2626;77;5002;COMBUSTIBLES Y LUBRICANTES;COMBUSTIBLES Y LUBRICANTES;1
2627;77;5003;FLETES Y CORREO;FLETES Y CORREO;1
2628;77;5005;LIBRERIA Y PAPELERIA;LIBRERIA Y PAPELERIA;1
2629;77;5006;HONORARIOS PROFESIONALES;HONORARIOS PROFESIONALES;1
2630;77;5007;ALQUILERES PAGADOS;ALQUILERES PAGADOS;1
2631;77;5008;SEGUROS PAGADOS;SEGUROS PAGADOS;1
2632;77;5010;GASTOS GENERALES;GASTOS GENERALES;1
2633;77;5011;SERVICISO INFORMATICOS;SERVICIOS INFORMATICOS;1
2634;77;5012;CANON;CANON;1
2635;77;5013;SERVICIOS JURIDICOS;SERVICIOS JURIDICOS;1
2636;77;5030;BANCO NACION - INTERES POR DESCUBIERTO;BANCO NACION - INTERES POR DESCUBIERTO;1
2637;77;5009;INTERESES BANCARIOS;INTERESES BANCARIOS;1
2638;77;5031;BANCO NACION - GASTOS DE MANTENIMIENTO DE CUENTA;BANCO NACION - GASTOS DE MANTENIMIENTO DE CUENTA;1
2639;77;5032;BANCO NACION - INTERESES POR PRESTAMOS;BANCO NACION - INTERESES POR PRESTAMOS;1
2640;77;5033;BANCO SANTANDER - INTERES POR DESCUBIERTO;BANCO SANTANDER - INTERES POR DESCUBIERTO;1
2641;77;5036;BANCO GALICIA - INTERES POR DESCUBIERTO;BANCO GALICIA - INTERES POR DESCUBIERTO;1
2642;77;5039;BBVA FRANCES - INTERES POR DESCUBIERTO;BBVA FRANCES - INTERES POR DESCUBIERTO;1
2643;77;5042;BANCO CREDICOOP - INTERES POR DESCUBIERTO;BANCO CREDICOOP - INTERES POR DESCUBIERTO;1
2644;77;5045;BANCO HSBC - INTERES POR DESCUBIERTO;BANCO HSBC - INTERES POR DESCUBIERTO;1
2645;77;5048;BANCO PATAGONIA - INTERES POR DESCUBIERTO;BANCO PATAGONIA - INTERES POR DESCUBIERTO;1
2646;77;5034;BANCO SANTANDER - GASTOS DE MANTENIMIENTO DE CUENTA;BANCO SANTANDER - GASTOS DE MANTENIMIENTO DE CUENTA;1
2647;77;5037;BANCO GALICIA - GASTOS DE MANTENIMIENTO DE CUENTA;BANCO GALICIA - GASTOS DE MANTENIMIENTO DE CUENTA;1
2648;77;5043;BANCO CREDICOOP - GASTOS DE MANTENIMIENTO DE CUENTA;BANCO CREDICOOP - GASTOS DE MANTENIMIENTO DE CUENTA;1
2649;77;5046;BANCO HSBC - GASTOS DE MANTENIMIENTO DE CUENTA;BANCO HSBC - GASTOS DE MANTENIMIENTO DE CUENTA;1
2650;77;5049;BANCO PATAGONIA - GASTOS DE MANTENIMIENTO DE CUENTA;BANCO PATAGONIA - GASTOS DE MANTENIMIENTO DE CUENTA;1
2651;77;5035;BANCO SANTANDER - INTERESES POR PRESTAMOS;BANCO SANTANDER - INTERESES POR PRESTAMOS;1
2652;77;5038;BANCO GALICIA - INTERESES POR PRESTAMOS;BANCO GALICIA - INTERESES POR PRESTAMOS;1
2653;77;5041;BBVA FRANCES - INTERESES POR PRESTAMOS;BBVA FRANCES - INTERESES POR PRESTAMOS;1
2654;77;5044;BANCO CREDICOOP- INTERESES POR PRESTAMOS;BANCO CREDICOOP- INTERESES POR PRESTAMOS;1
2655;77;5047;BANCO HSBC - INTERESES POR PRESTAMOS;BANCO HSBC - INTERESES POR PRESTAMOS;1
2656;77;5050;BANCO PATAGONIA- INTERESES POR PRESTAMOS;BANCO PATAGONIA- INTERESES POR PRESTAMOS;1
2657;77;1050;RODADOS - BIENES DE USO;RODADOS - BIENES DE USO;1
2658;77;1051;MUEBLES Y UTILES - BIENES DE USO;MUEBLES Y UTILES - BIENES DE USO;1
2659;77;1052;MAQUINARIA - BIENES DE USO;MAQUINARIA - BIENES DE USO;1
2660;77;1053;INMUEBLES - BIENES DE USO;INMUEBLES - BIENES DE USO;1
2661;77;5020;RODADOS - GASTOS DE MANTENIMIENTO;RODADOS - GASTOS DE MANTENIMIENTO;1
2662;77;5021;MUEBLES Y UTILES - GASTOS DE MANTENIMIENTO;MUEBLES Y UTILES - GASTOS DE MANTENIMIENTO;1
2663;77;5022;MAQUINARIA - GASTOS DE MANTENIMIENTO;MAQUINARIA - GASTOS DE MANTENIMIENTO;1
2664;77;5023;INMUEBLES - GASTOS DE MANTENIMIENTO;INMUEBLES - GASTOS DE MANTENIMIENTO;1
2665;77;5024;COMPRA DE BIENES USADOS A CF;COMPRA DE BIENES USADOS A CF;1
2666;77;1059;INSTALACIONES - BIENES DE USO;INSTALACIONES - BIENES DE USO;1
2667;77;5025;INSTALACIONES - GASTOS DE MANTENIMIENTO;INSTALACIONES - GASTOS DE MANTENIMIENTO;1
2668;77;5004;SERVICIOS Y TASAS;SERVICIOS Y TASAS;1
2683;79;4000;VENTAS;VENTAS;1
2684;79;5000;COMPRAS;COMPRAS;1
2685;79;5001;COMISION TARJETAS DE CREDITO;COMISION TARJETAS DE CREDITO;1
2686;79;5002;COMBUSTIBLES Y LUBRICANTES;COMBUSTIBLES Y LUBRICANTES;1
2687;79;5003;FLETES Y CORREO;FLETES Y CORREO;1
2688;79;5005;LIBRERIA Y PAPELERIA;LIBRERIA Y PAPELERIA;1
2689;79;5006;HONORARIOS PROFESIONALES;HONORARIOS PROFESIONALES;1
2690;79;5007;ALQUILERES PAGADOS;ALQUILERES PAGADOS;1
2691;79;5008;SEGUROS PAGADOS;SEGUROS PAGADOS;1
2692;79;5010;GASTOS GENERALES;GASTOS GENERALES;1
2693;79;5011;SERVICISO INFORMATICOS;SERVICIOS INFORMATICOS;1
2694;79;5012;CANON;CANON;1
2695;79;5013;SERVICIOS JURIDICOS;SERVICIOS JURIDICOS;1
2696;79;5030;BANCO NACION - INTERES POR DESCUBIERTO;BANCO NACION - INTERES POR DESCUBIERTO;1
2697;79;5009;INTERESES BANCARIOS;INTERESES BANCARIOS;1
2698;79;5031;BANCO NACION - GASTOS DE MANTENIMIENTO DE CUENTA;BANCO NACION - GASTOS DE MANTENIMIENTO DE CUENTA;1
2699;79;5032;BANCO NACION - INTERESES POR PRESTAMOS;BANCO NACION - INTERESES POR PRESTAMOS;1
2700;79;5033;BANCO SANTANDER - INTERES POR DESCUBIERTO;BANCO SANTANDER - INTERES POR DESCUBIERTO;1
2701;79;5036;BANCO GALICIA - INTERES POR DESCUBIERTO;BANCO GALICIA - INTERES POR DESCUBIERTO;1
2702;79;5039;BBVA FRANCES - INTERES POR DESCUBIERTO;BBVA FRANCES - INTERES POR DESCUBIERTO;1
2703;79;5042;BANCO CREDICOOP - INTERES POR DESCUBIERTO;BANCO CREDICOOP - INTERES POR DESCUBIERTO;1
2704;79;5045;BANCO HSBC - INTERES POR DESCUBIERTO;BANCO HSBC - INTERES POR DESCUBIERTO;1
2705;79;5048;BANCO PATAGONIA - INTERES POR DESCUBIERTO;BANCO PATAGONIA - INTERES POR DESCUBIERTO;1
2706;79;5034;BANCO SANTANDER - GASTOS DE MANTENIMIENTO DE CUENTA;BANCO SANTANDER - GASTOS DE MANTENIMIENTO DE CUENTA;1
2707;79;5037;BANCO GALICIA - GASTOS DE MANTENIMIENTO DE CUENTA;BANCO GALICIA - GASTOS DE MANTENIMIENTO DE CUENTA;1
2708;79;5043;BANCO CREDICOOP - GASTOS DE MANTENIMIENTO DE CUENTA;BANCO CREDICOOP - GASTOS DE MANTENIMIENTO DE CUENTA;1
2709;79;5046;BANCO HSBC - GASTOS DE MANTENIMIENTO DE CUENTA;BANCO HSBC - GASTOS DE MANTENIMIENTO DE CUENTA;1
2710;79;5049;BANCO PATAGONIA - GASTOS DE MANTENIMIENTO DE CUENTA;BANCO PATAGONIA - GASTOS DE MANTENIMIENTO DE CUENTA;1
2711;79;5035;BANCO SANTANDER - INTERESES POR PRESTAMOS;BANCO SANTANDER - INTERESES POR PRESTAMOS;1
2712;79;5038;BANCO GALICIA - INTERESES POR PRESTAMOS;BANCO GALICIA - INTERESES POR PRESTAMOS;1
2713;79;5041;BBVA FRANCES - INTERESES POR PRESTAMOS;BBVA FRANCES - INTERESES POR PRESTAMOS;1
2714;79;5044;BANCO CREDICOOP- INTERESES POR PRESTAMOS;BANCO CREDICOOP- INTERESES POR PRESTAMOS;1
2715;79;5047;BANCO HSBC - INTERESES POR PRESTAMOS;BANCO HSBC - INTERESES POR PRESTAMOS;1
2716;79;5050;BANCO PATAGONIA- INTERESES POR PRESTAMOS;BANCO PATAGONIA- INTERESES POR PRESTAMOS;1
2717;79;1050;RODADOS - BIENES DE USO;RODADOS - BIENES DE USO;1
2718;79;1051;MUEBLES Y UTILES - BIENES DE USO;MUEBLES Y UTILES - BIENES DE USO;1
2719;79;1052;MAQUINARIA - BIENES DE USO;MAQUINARIA - BIENES DE USO;1
2720;79;1053;INMUEBLES - BIENES DE USO;INMUEBLES - BIENES DE USO;1
2721;79;5020;RODADOS - GASTOS DE MANTENIMIENTO;RODADOS - GASTOS DE MANTENIMIENTO;1
2722;79;5021;MUEBLES Y UTILES - GASTOS DE MANTENIMIENTO;MUEBLES Y UTILES - GASTOS DE MANTENIMIENTO;1
2723;79;5022;MAQUINARIA - GASTOS DE MANTENIMIENTO;MAQUINARIA - GASTOS DE MANTENIMIENTO;1
2724;79;5023;INMUEBLES - GASTOS DE MANTENIMIENTO;INMUEBLES - GASTOS DE MANTENIMIENTO;1
2725;79;5024;COMPRA DE BIENES USADOS A CF;COMPRA DE BIENES USADOS A CF;1
2726;79;1059;INSTALACIONES - BIENES DE USO;INSTALACIONES - BIENES DE USO;1
2727;79;5025;INSTALACIONES - GASTOS DE MANTENIMIENTO;INSTALACIONES - GASTOS DE MANTENIMIENTO;1
2728;79;5004;SERVICIOS Y TASAS;SERVICIOS Y TASAS;1
2743;81;4000;VENTAS;VENTAS;1
2744;81;5000;COMPRAS;COMPRAS;1
2745;81;5001;COMISION TARJETAS DE CREDITO;COMISION TARJETAS DE CREDITO;1
2746;81;5002;COMBUSTIBLES Y LUBRICANTES;COMBUSTIBLES Y LUBRICANTES;1
2747;81;5003;FLETES Y CORREO;FLETES Y CORREO;1
2748;81;5005;LIBRERIA Y PAPELERIA;LIBRERIA Y PAPELERIA;1
2749;81;5006;HONORARIOS PROFESIONALES;HONORARIOS PROFESIONALES;1
2750;81;5007;ALQUILERES PAGADOS;ALQUILERES PAGADOS;1
2751;81;5008;SEGUROS PAGADOS;SEGUROS PAGADOS;1
2752;81;5010;GASTOS GENERALES;GASTOS GENERALES;1
2753;81;5011;SERVICISO INFORMATICOS;SERVICIOS INFORMATICOS;1
2754;81;5012;CANON;CANON;1
2755;81;5013;SERVICIOS JURIDICOS;SERVICIOS JURIDICOS;1
2756;81;5030;BANCO NACION - INTERES POR DESCUBIERTO;BANCO NACION - INTERES POR DESCUBIERTO;1
2757;81;5009;INTERESES BANCARIOS;INTERESES BANCARIOS;1
2758;81;5031;BANCO NACION - GASTOS DE MANTENIMIENTO DE CUENTA;BANCO NACION - GASTOS DE MANTENIMIENTO DE CUENTA;1
2759;81;5032;BANCO NACION - INTERESES POR PRESTAMOS;BANCO NACION - INTERESES POR PRESTAMOS;1
2760;81;5033;BANCO SANTANDER - INTERES POR DESCUBIERTO;BANCO SANTANDER - INTERES POR DESCUBIERTO;1
2761;81;5036;BANCO GALICIA - INTERES POR DESCUBIERTO;BANCO GALICIA - INTERES POR DESCUBIERTO;1
2762;81;5039;BBVA FRANCES - INTERES POR DESCUBIERTO;BBVA FRANCES - INTERES POR DESCUBIERTO;1
2763;81;5042;BANCO CREDICOOP - INTERES POR DESCUBIERTO;BANCO CREDICOOP - INTERES POR DESCUBIERTO;1
2764;81;5045;BANCO HSBC - INTERES POR DESCUBIERTO;BANCO HSBC - INTERES POR DESCUBIERTO;1
2765;81;5048;BANCO PATAGONIA - INTERES POR DESCUBIERTO;BANCO PATAGONIA - INTERES POR DESCUBIERTO;1
2766;81;5034;BANCO SANTANDER - GASTOS DE MANTENIMIENTO DE CUENTA;BANCO SANTANDER - GASTOS DE MANTENIMIENTO DE CUENTA;1
2767;81;5037;BANCO GALICIA - GASTOS DE MANTENIMIENTO DE CUENTA;BANCO GALICIA - GASTOS DE MANTENIMIENTO DE CUENTA;1
2768;81;5043;BANCO CREDICOOP - GASTOS DE MANTENIMIENTO DE CUENTA;BANCO CREDICOOP - GASTOS DE MANTENIMIENTO DE CUENTA;1
2769;81;5046;BANCO HSBC - GASTOS DE MANTENIMIENTO DE CUENTA;BANCO HSBC - GASTOS DE MANTENIMIENTO DE CUENTA;1
2770;81;5049;BANCO PATAGONIA - GASTOS DE MANTENIMIENTO DE CUENTA;BANCO PATAGONIA - GASTOS DE MANTENIMIENTO DE CUENTA;1
2771;81;5035;BANCO SANTANDER - INTERESES POR PRESTAMOS;BANCO SANTANDER - INTERESES POR PRESTAMOS;1
2772;81;5038;BANCO GALICIA - INTERESES POR PRESTAMOS;BANCO GALICIA - INTERESES POR PRESTAMOS;1
2773;81;5041;BBVA FRANCES - INTERESES POR PRESTAMOS;BBVA FRANCES - INTERESES POR PRESTAMOS;1
2774;81;5044;BANCO CREDICOOP- INTERESES POR PRESTAMOS;BANCO CREDICOOP- INTERESES POR PRESTAMOS;1
2775;81;5047;BANCO HSBC - INTERESES POR PRESTAMOS;BANCO HSBC - INTERESES POR PRESTAMOS;1
2776;81;5050;BANCO PATAGONIA- INTERESES POR PRESTAMOS;BANCO PATAGONIA- INTERESES POR PRESTAMOS;1
2777;81;1050;RODADOS - BIENES DE USO;RODADOS - BIENES DE USO;1
2778;81;1051;MUEBLES Y UTILES - BIENES DE USO;MUEBLES Y UTILES - BIENES DE USO;1
2779;81;1052;MAQUINARIA - BIENES DE USO;MAQUINARIA - BIENES DE USO;1
2780;81;1053;INMUEBLES - BIENES DE USO;INMUEBLES - BIENES DE USO;1
2781;81;5020;RODADOS - GASTOS DE MANTENIMIENTO;RODADOS - GASTOS DE MANTENIMIENTO;1
2782;81;5021;MUEBLES Y UTILES - GASTOS DE MANTENIMIENTO;MUEBLES Y UTILES - GASTOS DE MANTENIMIENTO;1
2783;81;5022;MAQUINARIA - GASTOS DE MANTENIMIENTO;MAQUINARIA - GASTOS DE MANTENIMIENTO;1
2784;81;5023;INMUEBLES - GASTOS DE MANTENIMIENTO;INMUEBLES - GASTOS DE MANTENIMIENTO;1
2785;81;5024;COMPRA DE BIENES USADOS A CF;COMPRA DE BIENES USADOS A CF;1
2786;81;1059;INSTALACIONES - BIENES DE USO;INSTALACIONES - BIENES DE USO;1
2787;81;5025;INSTALACIONES - GASTOS DE MANTENIMIENTO;INSTALACIONES - GASTOS DE MANTENIMIENTO;1
2788;81;5004;SERVICIOS Y TASAS;SERVICIOS Y TASAS;1
2789;77;4050;VENTA BIENES DE USO - RODADOS;VENTA BIENES DE USO - RODADOS;1
2804;83;4000;VENTAS;VENTAS;1
2805;83;5000;COMPRAS;COMPRAS;1
2806;83;5001;COMISION TARJETAS DE CREDITO;COMISION TARJETAS DE CREDITO;1
2807;83;5002;COMBUSTIBLES Y LUBRICANTES;COMBUSTIBLES Y LUBRICANTES;1
2808;83;5003;FLETES Y CORREO;FLETES Y CORREO;1
2809;83;5005;LIBRERIA Y PAPELERIA;LIBRERIA Y PAPELERIA;1
2810;83;5006;HONORARIOS PROFESIONALES;HONORARIOS PROFESIONALES;1
2811;83;5007;ALQUILERES PAGADOS;ALQUILERES PAGADOS;1
2812;83;5008;SEGUROS PAGADOS;SEGUROS PAGADOS;1
2813;83;5010;GASTOS GENERALES;GASTOS GENERALES;1
2814;83;5011;SERVICISO INFORMATICOS;SERVICIOS INFORMATICOS;1
2815;83;5012;CANON;CANON;1
2816;83;5013;SERVICIOS JURIDICOS;SERVICIOS JURIDICOS;1
2817;83;5030;BANCO NACION - INTERES POR DESCUBIERTO;BANCO NACION - INTERES POR DESCUBIERTO;1
2818;83;5009;INTERESES BANCARIOS;INTERESES BANCARIOS;1
2819;83;5031;BANCO NACION - GASTOS DE MANTENIMIENTO DE CUENTA;BANCO NACION - GASTOS DE MANTENIMIENTO DE CUENTA;1
2820;83;5032;BANCO NACION - INTERESES POR PRESTAMOS;BANCO NACION - INTERESES POR PRESTAMOS;1
2821;83;5033;BANCO SANTANDER - INTERES POR DESCUBIERTO;BANCO SANTANDER - INTERES POR DESCUBIERTO;1
2822;83;5036;BANCO GALICIA - INTERES POR DESCUBIERTO;BANCO GALICIA - INTERES POR DESCUBIERTO;1
2823;83;5039;BBVA FRANCES - INTERES POR DESCUBIERTO;BBVA FRANCES - INTERES POR DESCUBIERTO;1
2824;83;5042;BANCO CREDICOOP - INTERES POR DESCUBIERTO;BANCO CREDICOOP - INTERES POR DESCUBIERTO;1
2825;83;5045;BANCO HSBC - INTERES POR DESCUBIERTO;BANCO HSBC - INTERES POR DESCUBIERTO;1
2826;83;5048;BANCO PATAGONIA - INTERES POR DESCUBIERTO;BANCO PATAGONIA - INTERES POR DESCUBIERTO;1
2827;83;5034;BANCO SANTANDER - GASTOS DE MANTENIMIENTO DE CUENTA;BANCO SANTANDER - GASTOS DE MANTENIMIENTO DE CUENTA;1
2828;83;5037;BANCO GALICIA - GASTOS DE MANTENIMIENTO DE CUENTA;BANCO GALICIA - GASTOS DE MANTENIMIENTO DE CUENTA;1
2829;83;5043;BANCO CREDICOOP - GASTOS DE MANTENIMIENTO DE CUENTA;BANCO CREDICOOP - GASTOS DE MANTENIMIENTO DE CUENTA;1
2830;83;5046;BANCO HSBC - GASTOS DE MANTENIMIENTO DE CUENTA;BANCO HSBC - GASTOS DE MANTENIMIENTO DE CUENTA;1
2831;83;5049;BANCO PATAGONIA - GASTOS DE MANTENIMIENTO DE CUENTA;BANCO PATAGONIA - GASTOS DE MANTENIMIENTO DE CUENTA;1
2832;83;5035;BANCO SANTANDER - INTERESES POR PRESTAMOS;BANCO SANTANDER - INTERESES POR PRESTAMOS;1
2833;83;5038;BANCO GALICIA - INTERESES POR PRESTAMOS;BANCO GALICIA - INTERESES POR PRESTAMOS;1
2834;83;5041;BBVA FRANCES - INTERESES POR PRESTAMOS;BBVA FRANCES - INTERESES POR PRESTAMOS;1
2835;83;5044;BANCO CREDICOOP- INTERESES POR PRESTAMOS;BANCO CREDICOOP- INTERESES POR PRESTAMOS;1
2836;83;5047;BANCO HSBC - INTERESES POR PRESTAMOS;BANCO HSBC - INTERESES POR PRESTAMOS;1
2837;83;5050;BANCO PATAGONIA- INTERESES POR PRESTAMOS;BANCO PATAGONIA- INTERESES POR PRESTAMOS;1
2838;83;1050;RODADOS - BIENES DE USO;RODADOS - BIENES DE USO;1
2839;83;1051;MUEBLES Y UTILES - BIENES DE USO;MUEBLES Y UTILES - BIENES DE USO;1
2840;83;1052;MAQUINARIA - BIENES DE USO;MAQUINARIA - BIENES DE USO;1
2841;83;1053;INMUEBLES - BIENES DE USO;INMUEBLES - BIENES DE USO;1
2842;83;5020;RODADOS - GASTOS DE MANTENIMIENTO;RODADOS - GASTOS DE MANTENIMIENTO;1
2843;83;5021;MUEBLES Y UTILES - GASTOS DE MANTENIMIENTO;MUEBLES Y UTILES - GASTOS DE MANTENIMIENTO;1
2844;83;5022;MAQUINARIA - GASTOS DE MANTENIMIENTO;MAQUINARIA - GASTOS DE MANTENIMIENTO;1
2845;83;5023;INMUEBLES - GASTOS DE MANTENIMIENTO;INMUEBLES - GASTOS DE MANTENIMIENTO;1
2846;83;5024;COMPRA DE BIENES USADOS A CF;COMPRA DE BIENES USADOS A CF;1
2847;83;1059;INSTALACIONES - BIENES DE USO;INSTALACIONES - BIENES DE USO;1
2848;83;5025;INSTALACIONES - GASTOS DE MANTENIMIENTO;INSTALACIONES - GASTOS DE MANTENIMIENTO;1
2849;83;5004;SERVICIOS Y TASAS;SERVICIOS Y TASAS;1
2864;86;4000;VENTAS;VENTAS;1
2865;86;5000;COMPRAS;COMPRAS;1
2866;86;5001;COMISION TARJETAS DE CREDITO;COMISION TARJETAS DE CREDITO;1
2867;86;5002;COMBUSTIBLES Y LUBRICANTES;COMBUSTIBLES Y LUBRICANTES;1
2868;86;5003;FLETES Y CORREO;FLETES Y CORREO;1
2869;86;5005;LIBRERIA Y PAPELERIA;LIBRERIA Y PAPELERIA;1
2870;86;5006;HONORARIOS PROFESIONALES;HONORARIOS PROFESIONALES;1
2871;86;5007;ALQUILERES PAGADOS;ALQUILERES PAGADOS;1
2872;86;5008;SEGUROS PAGADOS;SEGUROS PAGADOS;1
2873;86;5010;GASTOS GENERALES;GASTOS GENERALES;1
2874;86;5011;SERVICISO INFORMATICOS;SERVICIOS INFORMATICOS;1
2875;86;5012;CANON;CANON;1
2876;86;5013;SERVICIOS JURIDICOS;SERVICIOS JURIDICOS;1
2877;86;5030;BANCO NACION - INTERES POR DESCUBIERTO;BANCO NACION - INTERES POR DESCUBIERTO;1
2878;86;5009;INTERESES BANCARIOS;INTERESES BANCARIOS;1
2879;86;5031;BANCO NACION - GASTOS DE MANTENIMIENTO DE CUENTA;BANCO NACION - GASTOS DE MANTENIMIENTO DE CUENTA;1
2880;86;5032;BANCO NACION - INTERESES POR PRESTAMOS;BANCO NACION - INTERESES POR PRESTAMOS;1
2881;86;5033;BANCO SANTANDER - INTERES POR DESCUBIERTO;BANCO SANTANDER - INTERES POR DESCUBIERTO;1
2882;86;5036;BANCO GALICIA - INTERES POR DESCUBIERTO;BANCO GALICIA - INTERES POR DESCUBIERTO;1
2883;86;5039;BBVA FRANCES - INTERES POR DESCUBIERTO;BBVA FRANCES - INTERES POR DESCUBIERTO;1
2884;86;5042;BANCO CREDICOOP - INTERES POR DESCUBIERTO;BANCO CREDICOOP - INTERES POR DESCUBIERTO;1
2885;86;5045;BANCO HSBC - INTERES POR DESCUBIERTO;BANCO HSBC - INTERES POR DESCUBIERTO;1
2886;86;5048;BANCO PATAGONIA - INTERES POR DESCUBIERTO;BANCO PATAGONIA - INTERES POR DESCUBIERTO;1
2887;86;5034;BANCO SANTANDER - GASTOS DE MANTENIMIENTO DE CUENTA;BANCO SANTANDER - GASTOS DE MANTENIMIENTO DE CUENTA;1
2888;86;5037;BANCO GALICIA - GASTOS DE MANTENIMIENTO DE CUENTA;BANCO GALICIA - GASTOS DE MANTENIMIENTO DE CUENTA;1
2889;86;5043;BANCO CREDICOOP - GASTOS DE MANTENIMIENTO DE CUENTA;BANCO CREDICOOP - GASTOS DE MANTENIMIENTO DE CUENTA;1
2890;86;5046;BANCO HSBC - GASTOS DE MANTENIMIENTO DE CUENTA;BANCO HSBC - GASTOS DE MANTENIMIENTO DE CUENTA;1
2891;86;5049;BANCO PATAGONIA - GASTOS DE MANTENIMIENTO DE CUENTA;BANCO PATAGONIA - GASTOS DE MANTENIMIENTO DE CUENTA;1
2892;86;5035;BANCO SANTANDER - INTERESES POR PRESTAMOS;BANCO SANTANDER - INTERESES POR PRESTAMOS;1
2893;86;5038;BANCO GALICIA - INTERESES POR PRESTAMOS;BANCO GALICIA - INTERESES POR PRESTAMOS;1
2894;86;5041;BBVA FRANCES - INTERESES POR PRESTAMOS;BBVA FRANCES - INTERESES POR PRESTAMOS;1
2895;86;5044;BANCO CREDICOOP- INTERESES POR PRESTAMOS;BANCO CREDICOOP- INTERESES POR PRESTAMOS;1
2896;86;5047;BANCO HSBC - INTERESES POR PRESTAMOS;BANCO HSBC - INTERESES POR PRESTAMOS;1
2897;86;5050;BANCO PATAGONIA- INTERESES POR PRESTAMOS;BANCO PATAGONIA- INTERESES POR PRESTAMOS;1
2898;86;1050;RODADOS - BIENES DE USO;RODADOS - BIENES DE USO;1
2899;86;1051;MUEBLES Y UTILES - BIENES DE USO;MUEBLES Y UTILES - BIENES DE USO;1
2900;86;1052;MAQUINARIA - BIENES DE USO;MAQUINARIA - BIENES DE USO;1
2901;86;1053;INMUEBLES - BIENES DE USO;INMUEBLES - BIENES DE USO;1
2902;86;5020;RODADOS - GASTOS DE MANTENIMIENTO;RODADOS - GASTOS DE MANTENIMIENTO;1
2903;86;5021;MUEBLES Y UTILES - GASTOS DE MANTENIMIENTO;MUEBLES Y UTILES - GASTOS DE MANTENIMIENTO;1
2904;86;5022;MAQUINARIA - GASTOS DE MANTENIMIENTO;MAQUINARIA - GASTOS DE MANTENIMIENTO;1
2905;86;5023;INMUEBLES - GASTOS DE MANTENIMIENTO;INMUEBLES - GASTOS DE MANTENIMIENTO;1
2906;86;5024;COMPRA DE BIENES USADOS A CF;COMPRA DE BIENES USADOS A CF;1
2907;86;1059;INSTALACIONES - BIENES DE USO;INSTALACIONES - BIENES DE USO;1
2908;86;5025;INSTALACIONES - GASTOS DE MANTENIMIENTO;INSTALACIONES - GASTOS DE MANTENIMIENTO;1
2909;86;5004;SERVICIOS Y TASAS;SERVICIOS Y TASAS;1
2924;90;4000;VENTAS;VENTAS;1
2925;90;5000;COMPRAS;COMPRAS;1
2926;90;5001;COMISION TARJETAS DE CREDITO;COMISION TARJETAS DE CREDITO;1
2927;90;5002;COMBUSTIBLES Y LUBRICANTES;COMBUSTIBLES Y LUBRICANTES;1
2928;90;5003;FLETES Y CORREO;FLETES Y CORREO;1
2929;90;5005;LIBRERIA Y PAPELERIA;LIBRERIA Y PAPELERIA;1
2930;90;5006;HONORARIOS PROFESIONALES;HONORARIOS PROFESIONALES;1
2931;90;5007;ALQUILERES PAGADOS;ALQUILERES PAGADOS;1
2932;90;5008;SEGUROS PAGADOS;SEGUROS PAGADOS;1
2933;90;5010;GASTOS GENERALES;GASTOS GENERALES;1
2934;90;5011;SERVICISO INFORMATICOS;SERVICIOS INFORMATICOS;1
2935;90;5012;CANON;CANON;1
2936;90;5013;SERVICIOS JURIDICOS;SERVICIOS JURIDICOS;1
2937;90;5030;BANCO NACION - INTERES POR DESCUBIERTO;BANCO NACION - INTERES POR DESCUBIERTO;1
2938;90;5009;INTERESES BANCARIOS;INTERESES BANCARIOS;1
2939;90;5031;BANCO NACION - GASTOS DE MANTENIMIENTO DE CUENTA;BANCO NACION - GASTOS DE MANTENIMIENTO DE CUENTA;1
2940;90;5032;BANCO NACION - INTERESES POR PRESTAMOS;BANCO NACION - INTERESES POR PRESTAMOS;1
2941;90;5033;BANCO SANTANDER - INTERES POR DESCUBIERTO;BANCO SANTANDER - INTERES POR DESCUBIERTO;1
2942;90;5036;BANCO GALICIA - INTERES POR DESCUBIERTO;BANCO GALICIA - INTERES POR DESCUBIERTO;1
2943;90;5039;BBVA FRANCES - INTERES POR DESCUBIERTO;BBVA FRANCES - INTERES POR DESCUBIERTO;1
2944;90;5042;BANCO CREDICOOP - INTERES POR DESCUBIERTO;BANCO CREDICOOP - INTERES POR DESCUBIERTO;1
2945;90;5045;BANCO HSBC - INTERES POR DESCUBIERTO;BANCO HSBC - INTERES POR DESCUBIERTO;1
2946;90;5048;BANCO PATAGONIA - INTERES POR DESCUBIERTO;BANCO PATAGONIA - INTERES POR DESCUBIERTO;1
2947;90;5034;BANCO SANTANDER - GASTOS DE MANTENIMIENTO DE CUENTA;BANCO SANTANDER - GASTOS DE MANTENIMIENTO DE CUENTA;1
2948;90;5037;BANCO GALICIA - GASTOS DE MANTENIMIENTO DE CUENTA;BANCO GALICIA - GASTOS DE MANTENIMIENTO DE CUENTA;1
2949;90;5043;BANCO CREDICOOP - GASTOS DE MANTENIMIENTO DE CUENTA;BANCO CREDICOOP - GASTOS DE MANTENIMIENTO DE CUENTA;1
2950;90;5046;BANCO HSBC - GASTOS DE MANTENIMIENTO DE CUENTA;BANCO HSBC - GASTOS DE MANTENIMIENTO DE CUENTA;1
2951;90;5049;BANCO PATAGONIA - GASTOS DE MANTENIMIENTO DE CUENTA;BANCO PATAGONIA - GASTOS DE MANTENIMIENTO DE CUENTA;1
2952;90;5035;BANCO SANTANDER - INTERESES POR PRESTAMOS;BANCO SANTANDER - INTERESES POR PRESTAMOS;1
2953;90;5038;BANCO GALICIA - INTERESES POR PRESTAMOS;BANCO GALICIA - INTERESES POR PRESTAMOS;1
2954;90;5041;BBVA FRANCES - INTERESES POR PRESTAMOS;BBVA FRANCES - INTERESES POR PRESTAMOS;1
2955;90;5044;BANCO CREDICOOP- INTERESES POR PRESTAMOS;BANCO CREDICOOP- INTERESES POR PRESTAMOS;1
2956;90;5047;BANCO HSBC - INTERESES POR PRESTAMOS;BANCO HSBC - INTERESES POR PRESTAMOS;1
2957;90;5050;BANCO PATAGONIA- INTERESES POR PRESTAMOS;BANCO PATAGONIA- INTERESES POR PRESTAMOS;1
2958;90;1050;RODADOS - BIENES DE USO;RODADOS - BIENES DE USO;1
2959;90;1051;MUEBLES Y UTILES - BIENES DE USO;MUEBLES Y UTILES - BIENES DE USO;1
2960;90;1052;MAQUINARIA - BIENES DE USO;MAQUINARIA - BIENES DE USO;1
2961;90;1053;INMUEBLES - BIENES DE USO;INMUEBLES - BIENES DE USO;1
2962;90;5020;RODADOS - GASTOS DE MANTENIMIENTO;RODADOS - GASTOS DE MANTENIMIENTO;1
2963;90;5021;MUEBLES Y UTILES - GASTOS DE MANTENIMIENTO;MUEBLES Y UTILES - GASTOS DE MANTENIMIENTO;1
2964;90;5022;MAQUINARIA - GASTOS DE MANTENIMIENTO;MAQUINARIA - GASTOS DE MANTENIMIENTO;1
2965;90;5023;INMUEBLES - GASTOS DE MANTENIMIENTO;INMUEBLES - GASTOS DE MANTENIMIENTO;1
2966;90;5024;COMPRA DE BIENES USADOS A CF;COMPRA DE BIENES USADOS A CF;1
2967;90;1059;INSTALACIONES - BIENES DE USO;INSTALACIONES - BIENES DE USO;1
2968;90;5025;INSTALACIONES - GASTOS DE MANTENIMIENTO;INSTALACIONES - GASTOS DE MANTENIMIENTO;1
2969;90;5004;SERVICIOS Y TASAS;SERVICIOS Y TASAS;1
2984;87;4000;VENTAS;VENTAS;1
2985;87;5000;COMPRAS;COMPRAS;1
2986;87;5001;COMISION TARJETAS DE CREDITO;COMISION TARJETAS DE CREDITO;1
2987;87;5002;COMBUSTIBLES Y LUBRICANTES;COMBUSTIBLES Y LUBRICANTES;1
2988;87;5003;FLETES Y CORREO;FLETES Y CORREO;1
2989;87;5005;LIBRERIA Y PAPELERIA;LIBRERIA Y PAPELERIA;1
2990;87;5006;HONORARIOS PROFESIONALES;HONORARIOS PROFESIONALES;1
2991;87;5007;ALQUILERES PAGADOS;ALQUILERES PAGADOS;1
2992;87;5008;SEGUROS PAGADOS;SEGUROS PAGADOS;1
2993;87;5010;GASTOS GENERALES;GASTOS GENERALES;1
2994;87;5011;SERVICISO INFORMATICOS;SERVICIOS INFORMATICOS;1
2995;87;5012;CANON;CANON;1
2996;87;5013;SERVICIOS JURIDICOS;SERVICIOS JURIDICOS;1
2997;87;5030;BANCO NACION - INTERES POR DESCUBIERTO;BANCO NACION - INTERES POR DESCUBIERTO;1
2998;87;5009;INTERESES BANCARIOS;INTERESES BANCARIOS;1
2999;87;5031;BANCO NACION - GASTOS DE MANTENIMIENTO DE CUENTA;BANCO NACION - GASTOS DE MANTENIMIENTO DE CUENTA;1
3000;87;5032;BANCO NACION - INTERESES POR PRESTAMOS;BANCO NACION - INTERESES POR PRESTAMOS;1
3001;87;5033;BANCO SANTANDER - INTERES POR DESCUBIERTO;BANCO SANTANDER - INTERES POR DESCUBIERTO;1
3002;87;5036;BANCO GALICIA - INTERES POR DESCUBIERTO;BANCO GALICIA - INTERES POR DESCUBIERTO;1
3003;87;5039;BBVA FRANCES - INTERES POR DESCUBIERTO;BBVA FRANCES - INTERES POR DESCUBIERTO;1
3004;87;5042;BANCO CREDICOOP - INTERES POR DESCUBIERTO;BANCO CREDICOOP - INTERES POR DESCUBIERTO;1
3005;87;5045;BANCO HSBC - INTERES POR DESCUBIERTO;BANCO HSBC - INTERES POR DESCUBIERTO;1
3006;87;5048;BANCO PATAGONIA - INTERES POR DESCUBIERTO;BANCO PATAGONIA - INTERES POR DESCUBIERTO;1
3007;87;5034;BANCO SANTANDER - GASTOS DE MANTENIMIENTO DE CUENTA;BANCO SANTANDER - GASTOS DE MANTENIMIENTO DE CUENTA;1
3008;87;5037;BANCO GALICIA - GASTOS DE MANTENIMIENTO DE CUENTA;BANCO GALICIA - GASTOS DE MANTENIMIENTO DE CUENTA;1
3009;87;5043;BANCO CREDICOOP - GASTOS DE MANTENIMIENTO DE CUENTA;BANCO CREDICOOP - GASTOS DE MANTENIMIENTO DE CUENTA;1
3010;87;5046;BANCO HSBC - GASTOS DE MANTENIMIENTO DE CUENTA;BANCO HSBC - GASTOS DE MANTENIMIENTO DE CUENTA;1
3011;87;5049;BANCO PATAGONIA - GASTOS DE MANTENIMIENTO DE CUENTA;BANCO PATAGONIA - GASTOS DE MANTENIMIENTO DE CUENTA;1
3012;87;5035;BANCO SANTANDER - INTERESES POR PRESTAMOS;BANCO SANTANDER - INTERESES POR PRESTAMOS;1
3013;87;5038;BANCO GALICIA - INTERESES POR PRESTAMOS;BANCO GALICIA - INTERESES POR PRESTAMOS;1
3014;87;5041;BBVA FRANCES - INTERESES POR PRESTAMOS;BBVA FRANCES - INTERESES POR PRESTAMOS;1
3015;87;5044;BANCO CREDICOOP- INTERESES POR PRESTAMOS;BANCO CREDICOOP- INTERESES POR PRESTAMOS;1
3016;87;5047;BANCO HSBC - INTERESES POR PRESTAMOS;BANCO HSBC - INTERESES POR PRESTAMOS;1
3017;87;5050;BANCO PATAGONIA- INTERESES POR PRESTAMOS;BANCO PATAGONIA- INTERESES POR PRESTAMOS;1
3018;87;1050;RODADOS - BIENES DE USO;RODADOS - BIENES DE USO;1
3019;87;1051;MUEBLES Y UTILES - BIENES DE USO;MUEBLES Y UTILES - BIENES DE USO;1
3020;87;1052;MAQUINARIA - BIENES DE USO;MAQUINARIA - BIENES DE USO;1
3021;87;1053;INMUEBLES - BIENES DE USO;INMUEBLES - BIENES DE USO;1
3022;87;5020;RODADOS - GASTOS DE MANTENIMIENTO;RODADOS - GASTOS DE MANTENIMIENTO;1
3023;87;5021;MUEBLES Y UTILES - GASTOS DE MANTENIMIENTO;MUEBLES Y UTILES - GASTOS DE MANTENIMIENTO;1
3024;87;5022;MAQUINARIA - GASTOS DE MANTENIMIENTO;MAQUINARIA - GASTOS DE MANTENIMIENTO;1
3025;87;5023;INMUEBLES - GASTOS DE MANTENIMIENTO;INMUEBLES - GASTOS DE MANTENIMIENTO;1
3026;87;5024;COMPRA DE BIENES USADOS A CF;COMPRA DE BIENES USADOS A CF;1
3027;87;1059;INSTALACIONES - BIENES DE USO;INSTALACIONES - BIENES DE USO;1
3028;87;5025;INSTALACIONES - GASTOS DE MANTENIMIENTO;INSTALACIONES - GASTOS DE MANTENIMIENTO;1
3029;87;5004;SERVICIOS Y TASAS;SERVICIOS Y TASAS;1
3044;89;4000;VENTAS;VENTAS;1
3045;89;5000;COMPRAS;COMPRAS;1
3046;89;5001;COMISION TARJETAS DE CREDITO;COMISION TARJETAS DE CREDITO;1
3047;89;5002;COMBUSTIBLES Y LUBRICANTES;COMBUSTIBLES Y LUBRICANTES;1
3048;89;5003;FLETES Y CORREO;FLETES Y CORREO;1
3049;89;5005;LIBRERIA Y PAPELERIA;LIBRERIA Y PAPELERIA;1
3050;89;5006;HONORARIOS PROFESIONALES;HONORARIOS PROFESIONALES;1
3051;89;5007;ALQUILERES PAGADOS;ALQUILERES PAGADOS;1
3052;89;5008;SEGUROS PAGADOS;SEGUROS PAGADOS;1
3053;89;5010;GASTOS GENERALES;GASTOS GENERALES;1
3054;89;5011;SERVICISO INFORMATICOS;SERVICIOS INFORMATICOS;1
3055;89;5012;CANON;CANON;1
3056;89;5013;SERVICIOS JURIDICOS;SERVICIOS JURIDICOS;1
3057;89;5030;BANCO NACION - INTERES POR DESCUBIERTO;BANCO NACION - INTERES POR DESCUBIERTO;1
3058;89;5009;INTERESES BANCARIOS;INTERESES BANCARIOS;1
3059;89;5031;BANCO NACION - GASTOS DE MANTENIMIENTO DE CUENTA;BANCO NACION - GASTOS DE MANTENIMIENTO DE CUENTA;1
3060;89;5032;BANCO NACION - INTERESES POR PRESTAMOS;BANCO NACION - INTERESES POR PRESTAMOS;1
3061;89;5033;BANCO SANTANDER - INTERES POR DESCUBIERTO;BANCO SANTANDER - INTERES POR DESCUBIERTO;1
3062;89;5036;BANCO GALICIA - INTERES POR DESCUBIERTO;BANCO GALICIA - INTERES POR DESCUBIERTO;1
3063;89;5039;BBVA FRANCES - INTERES POR DESCUBIERTO;BBVA FRANCES - INTERES POR DESCUBIERTO;1
3064;89;5042;BANCO CREDICOOP - INTERES POR DESCUBIERTO;BANCO CREDICOOP - INTERES POR DESCUBIERTO;1
3065;89;5045;BANCO HSBC - INTERES POR DESCUBIERTO;BANCO HSBC - INTERES POR DESCUBIERTO;1
3066;89;5048;BANCO PATAGONIA - INTERES POR DESCUBIERTO;BANCO PATAGONIA - INTERES POR DESCUBIERTO;1
3067;89;5034;BANCO SANTANDER - GASTOS DE MANTENIMIENTO DE CUENTA;BANCO SANTANDER - GASTOS DE MANTENIMIENTO DE CUENTA;1
3068;89;5037;BANCO GALICIA - GASTOS DE MANTENIMIENTO DE CUENTA;BANCO GALICIA - GASTOS DE MANTENIMIENTO DE CUENTA;1
3069;89;5043;BANCO CREDICOOP - GASTOS DE MANTENIMIENTO DE CUENTA;BANCO CREDICOOP - GASTOS DE MANTENIMIENTO DE CUENTA;1
3070;89;5046;BANCO HSBC - GASTOS DE MANTENIMIENTO DE CUENTA;BANCO HSBC - GASTOS DE MANTENIMIENTO DE CUENTA;1
3071;89;5049;BANCO PATAGONIA - GASTOS DE MANTENIMIENTO DE CUENTA;BANCO PATAGONIA - GASTOS DE MANTENIMIENTO DE CUENTA;1
3072;89;5035;BANCO SANTANDER - INTERESES POR PRESTAMOS;BANCO SANTANDER - INTERESES POR PRESTAMOS;1
3073;89;5038;BANCO GALICIA - INTERESES POR PRESTAMOS;BANCO GALICIA - INTERESES POR PRESTAMOS;1
3074;89;5041;BBVA FRANCES - INTERESES POR PRESTAMOS;BBVA FRANCES - INTERESES POR PRESTAMOS;1
3075;89;5044;BANCO CREDICOOP- INTERESES POR PRESTAMOS;BANCO CREDICOOP- INTERESES POR PRESTAMOS;1
3076;89;5047;BANCO HSBC - INTERESES POR PRESTAMOS;BANCO HSBC - INTERESES POR PRESTAMOS;1
3077;89;5050;BANCO PATAGONIA- INTERESES POR PRESTAMOS;BANCO PATAGONIA- INTERESES POR PRESTAMOS;1
3078;89;1050;RODADOS - BIENES DE USO;RODADOS - BIENES DE USO;1
3079;89;1051;MUEBLES Y UTILES - BIENES DE USO;MUEBLES Y UTILES - BIENES DE USO;1
3080;89;1052;MAQUINARIA - BIENES DE USO;MAQUINARIA - BIENES DE USO;1
3081;89;1053;INMUEBLES - BIENES DE USO;INMUEBLES - BIENES DE USO;1
3082;89;5020;RODADOS - GASTOS DE MANTENIMIENTO;RODADOS - GASTOS DE MANTENIMIENTO;1
3083;89;5021;MUEBLES Y UTILES - GASTOS DE MANTENIMIENTO;MUEBLES Y UTILES - GASTOS DE MANTENIMIENTO;1
3084;89;5022;MAQUINARIA - GASTOS DE MANTENIMIENTO;MAQUINARIA - GASTOS DE MANTENIMIENTO;1
3085;89;5023;INMUEBLES - GASTOS DE MANTENIMIENTO;INMUEBLES - GASTOS DE MANTENIMIENTO;1
3086;89;5024;COMPRA DE BIENES USADOS A CF;COMPRA DE BIENES USADOS A CF;1
3087;89;1059;INSTALACIONES - BIENES DE USO;INSTALACIONES - BIENES DE USO;1
3088;89;5025;INSTALACIONES - GASTOS DE MANTENIMIENTO;INSTALACIONES - GASTOS DE MANTENIMIENTO;1
3089;89;5004;SERVICIOS Y TASAS;SERVICIOS Y TASAS;1
3104;91;4000;VENTAS;VENTAS;1
3105;91;5000;COMPRAS;COMPRAS;1
3106;91;5001;COMISION TARJETAS DE CREDITO;COMISION TARJETAS DE CREDITO;1
3107;91;5002;COMBUSTIBLES Y LUBRICANTES;COMBUSTIBLES Y LUBRICANTES;1
3108;91;5003;FLETES Y CORREO;FLETES Y CORREO;1
3109;91;5005;LIBRERIA Y PAPELERIA;LIBRERIA Y PAPELERIA;1
3110;91;5006;HONORARIOS PROFESIONALES;HONORARIOS PROFESIONALES;1
3111;91;5007;ALQUILERES PAGADOS;ALQUILERES PAGADOS;1
3112;91;5008;SEGUROS PAGADOS;SEGUROS PAGADOS;1
3113;91;5010;GASTOS GENERALES;GASTOS GENERALES;1
3114;91;5011;SERVICISO INFORMATICOS;SERVICIOS INFORMATICOS;1
3115;91;5012;CANON;CANON;1
3116;91;5013;SERVICIOS JURIDICOS;SERVICIOS JURIDICOS;1
3117;91;5030;BANCO NACION - INTERES POR DESCUBIERTO;BANCO NACION - INTERES POR DESCUBIERTO;1
3118;91;5009;INTERESES BANCARIOS;INTERESES BANCARIOS;1
3119;91;5031;BANCO NACION - GASTOS DE MANTENIMIENTO DE CUENTA;BANCO NACION - GASTOS DE MANTENIMIENTO DE CUENTA;1
3120;91;5032;BANCO NACION - INTERESES POR PRESTAMOS;BANCO NACION - INTERESES POR PRESTAMOS;1
3121;91;5033;BANCO SANTANDER - INTERES POR DESCUBIERTO;BANCO SANTANDER - INTERES POR DESCUBIERTO;1
3122;91;5036;BANCO GALICIA - INTERES POR DESCUBIERTO;BANCO GALICIA - INTERES POR DESCUBIERTO;1
3123;91;5039;BBVA FRANCES - INTERES POR DESCUBIERTO;BBVA FRANCES - INTERES POR DESCUBIERTO;1
3124;91;5042;BANCO CREDICOOP - INTERES POR DESCUBIERTO;BANCO CREDICOOP - INTERES POR DESCUBIERTO;1
3125;91;5045;BANCO HSBC - INTERES POR DESCUBIERTO;BANCO HSBC - INTERES POR DESCUBIERTO;1
3126;91;5048;BANCO PATAGONIA - INTERES POR DESCUBIERTO;BANCO PATAGONIA - INTERES POR DESCUBIERTO;1
3127;91;5034;BANCO SANTANDER - GASTOS DE MANTENIMIENTO DE CUENTA;BANCO SANTANDER - GASTOS DE MANTENIMIENTO DE CUENTA;1
3128;91;5037;BANCO GALICIA - GASTOS DE MANTENIMIENTO DE CUENTA;BANCO GALICIA - GASTOS DE MANTENIMIENTO DE CUENTA;1
3129;91;5043;BANCO CREDICOOP - GASTOS DE MANTENIMIENTO DE CUENTA;BANCO CREDICOOP - GASTOS DE MANTENIMIENTO DE CUENTA;1
3130;91;5046;BANCO HSBC - GASTOS DE MANTENIMIENTO DE CUENTA;BANCO HSBC - GASTOS DE MANTENIMIENTO DE CUENTA;1
3131;91;5049;BANCO PATAGONIA - GASTOS DE MANTENIMIENTO DE CUENTA;BANCO PATAGONIA - GASTOS DE MANTENIMIENTO DE CUENTA;1
3132;91;5035;BANCO SANTANDER - INTERESES POR PRESTAMOS;BANCO SANTANDER - INTERESES POR PRESTAMOS;1
3133;91;5038;BANCO GALICIA - INTERESES POR PRESTAMOS;BANCO GALICIA - INTERESES POR PRESTAMOS;1
3134;91;5041;BBVA FRANCES - INTERESES POR PRESTAMOS;BBVA FRANCES - INTERESES POR PRESTAMOS;1
3135;91;5044;BANCO CREDICOOP- INTERESES POR PRESTAMOS;BANCO CREDICOOP- INTERESES POR PRESTAMOS;1
3136;91;5047;BANCO HSBC - INTERESES POR PRESTAMOS;BANCO HSBC - INTERESES POR PRESTAMOS;1
3137;91;5050;BANCO PATAGONIA- INTERESES POR PRESTAMOS;BANCO PATAGONIA- INTERESES POR PRESTAMOS;1
3138;91;1050;RODADOS - BIENES DE USO;RODADOS - BIENES DE USO;1
3139;91;1051;MUEBLES Y UTILES - BIENES DE USO;MUEBLES Y UTILES - BIENES DE USO;1
3140;91;1052;MAQUINARIA - BIENES DE USO;MAQUINARIA - BIENES DE USO;1
3141;91;1053;INMUEBLES - BIENES DE USO;INMUEBLES - BIENES DE USO;1
3142;91;5020;RODADOS - GASTOS DE MANTENIMIENTO;RODADOS - GASTOS DE MANTENIMIENTO;1
3143;91;5021;MUEBLES Y UTILES - GASTOS DE MANTENIMIENTO;MUEBLES Y UTILES - GASTOS DE MANTENIMIENTO;1
3144;91;5022;MAQUINARIA - GASTOS DE MANTENIMIENTO;MAQUINARIA - GASTOS DE MANTENIMIENTO;1
3145;91;5023;INMUEBLES - GASTOS DE MANTENIMIENTO;INMUEBLES - GASTOS DE MANTENIMIENTO;1
3146;91;5024;COMPRA DE BIENES USADOS A CF;COMPRA DE BIENES USADOS A CF;1
3147;91;1059;INSTALACIONES - BIENES DE USO;INSTALACIONES - BIENES DE USO;1
3148;91;5025;INSTALACIONES - GASTOS DE MANTENIMIENTO;INSTALACIONES - GASTOS DE MANTENIMIENTO;1
3149;91;5004;SERVICIOS Y TASAS;SERVICIOS Y TASAS;1
3150;91;5014;COMPRA COMBUSTIBLE MAYORISTA;COMPRA COMBUSTIBLE MAYORISTA;1
3165;93;4000;VENTAS;VENTAS;1
3166;93;5000;COMPRAS;COMPRAS;1
3167;93;5001;COMISION TARJETAS DE CREDITO;COMISION TARJETAS DE CREDITO;1
3168;93;5002;COMBUSTIBLES Y LUBRICANTES;COMBUSTIBLES Y LUBRICANTES;1
3169;93;5003;FLETES Y CORREO;FLETES Y CORREO;1
3170;93;5005;LIBRERIA Y PAPELERIA;LIBRERIA Y PAPELERIA;1
3171;93;5006;HONORARIOS PROFESIONALES;HONORARIOS PROFESIONALES;1
3172;93;5007;ALQUILERES PAGADOS;ALQUILERES PAGADOS;1
3173;93;5008;SEGUROS PAGADOS;SEGUROS PAGADOS;1
3174;93;5010;GASTOS GENERALES;GASTOS GENERALES;1
3175;93;5011;SERVICISO INFORMATICOS;SERVICIOS INFORMATICOS;1
3176;93;5012;CANON;CANON;1
3177;93;5013;SERVICIOS JURIDICOS;SERVICIOS JURIDICOS;1
3178;93;5030;BANCO NACION - INTERES POR DESCUBIERTO;BANCO NACION - INTERES POR DESCUBIERTO;1
3179;93;5009;INTERESES BANCARIOS;INTERESES BANCARIOS;1
3180;93;5031;BANCO NACION - GASTOS DE MANTENIMIENTO DE CUENTA;BANCO NACION - GASTOS DE MANTENIMIENTO DE CUENTA;1
3181;93;5032;BANCO NACION - INTERESES POR PRESTAMOS;BANCO NACION - INTERESES POR PRESTAMOS;1
3182;93;5033;BANCO SANTANDER - INTERES POR DESCUBIERTO;BANCO SANTANDER - INTERES POR DESCUBIERTO;1
3183;93;5036;BANCO GALICIA - INTERES POR DESCUBIERTO;BANCO GALICIA - INTERES POR DESCUBIERTO;1
3184;93;5039;BBVA FRANCES - INTERES POR DESCUBIERTO;BBVA FRANCES - INTERES POR DESCUBIERTO;1
3185;93;5042;BANCO CREDICOOP - INTERES POR DESCUBIERTO;BANCO CREDICOOP - INTERES POR DESCUBIERTO;1
3186;93;5045;BANCO HSBC - INTERES POR DESCUBIERTO;BANCO HSBC - INTERES POR DESCUBIERTO;1
3187;93;5048;BANCO PATAGONIA - INTERES POR DESCUBIERTO;BANCO PATAGONIA - INTERES POR DESCUBIERTO;1
3188;93;5034;BANCO SANTANDER - GASTOS DE MANTENIMIENTO DE CUENTA;BANCO SANTANDER - GASTOS DE MANTENIMIENTO DE CUENTA;1
3189;93;5037;BANCO GALICIA - GASTOS DE MANTENIMIENTO DE CUENTA;BANCO GALICIA - GASTOS DE MANTENIMIENTO DE CUENTA;1
3190;93;5043;BANCO CREDICOOP - GASTOS DE MANTENIMIENTO DE CUENTA;BANCO CREDICOOP - GASTOS DE MANTENIMIENTO DE CUENTA;1
3191;93;5046;BANCO HSBC - GASTOS DE MANTENIMIENTO DE CUENTA;BANCO HSBC - GASTOS DE MANTENIMIENTO DE CUENTA;1
3192;93;5049;BANCO PATAGONIA - GASTOS DE MANTENIMIENTO DE CUENTA;BANCO PATAGONIA - GASTOS DE MANTENIMIENTO DE CUENTA;1
3193;93;5035;BANCO SANTANDER - INTERESES POR PRESTAMOS;BANCO SANTANDER - INTERESES POR PRESTAMOS;1
3194;93;5038;BANCO GALICIA - INTERESES POR PRESTAMOS;BANCO GALICIA - INTERESES POR PRESTAMOS;1
3195;93;5041;BBVA FRANCES - INTERESES POR PRESTAMOS;BBVA FRANCES - INTERESES POR PRESTAMOS;1
3196;93;5044;BANCO CREDICOOP- INTERESES POR PRESTAMOS;BANCO CREDICOOP- INTERESES POR PRESTAMOS;1
3197;93;5047;BANCO HSBC - INTERESES POR PRESTAMOS;BANCO HSBC - INTERESES POR PRESTAMOS;1
3198;93;5050;BANCO PATAGONIA- INTERESES POR PRESTAMOS;BANCO PATAGONIA- INTERESES POR PRESTAMOS;1
3199;93;1050;RODADOS - BIENES DE USO;RODADOS - BIENES DE USO;1
3200;93;1051;MUEBLES Y UTILES - BIENES DE USO;MUEBLES Y UTILES - BIENES DE USO;1
3201;93;1052;MAQUINARIA - BIENES DE USO;MAQUINARIA - BIENES DE USO;1
3202;93;1053;INMUEBLES - BIENES DE USO;INMUEBLES - BIENES DE USO;1
3203;93;5020;RODADOS - GASTOS DE MANTENIMIENTO;RODADOS - GASTOS DE MANTENIMIENTO;1
3204;93;5021;MUEBLES Y UTILES - GASTOS DE MANTENIMIENTO;MUEBLES Y UTILES - GASTOS DE MANTENIMIENTO;1
3205;93;5022;MAQUINARIA - GASTOS DE MANTENIMIENTO;MAQUINARIA - GASTOS DE MANTENIMIENTO;1
3206;93;5023;INMUEBLES - GASTOS DE MANTENIMIENTO;INMUEBLES - GASTOS DE MANTENIMIENTO;1
3207;93;1058;COMPRA DE BIENES USADOS A CF;COMPRA DE BIENES USADOS A CF;1
3208;93;1059;INSTALACIONES - BIENES DE USO;INSTALACIONES - BIENES DE USO;1
3209;93;5025;INSTALACIONES - GASTOS DE MANTENIMIENTO;INSTALACIONES - GASTOS DE MANTENIMIENTO;1
3210;93;5004;SERVICIOS Y TASAS;SERVICIOS Y TASAS;1
3225;94;4000;VENTAS;VENTAS;1
3226;94;5000;COMPRAS;COMPRAS;1
3227;94;5001;COMISION TARJETAS DE CREDITO;COMISION TARJETAS DE CREDITO;1
3228;94;5002;COMBUSTIBLES Y LUBRICANTES;COMBUSTIBLES Y LUBRICANTES;1
3229;94;5003;FLETES Y CORREO;FLETES Y CORREO;1
3230;94;5005;LIBRERIA Y PAPELERIA;LIBRERIA Y PAPELERIA;1
3231;94;5006;HONORARIOS PROFESIONALES;HONORARIOS PROFESIONALES;1
3232;94;5007;ALQUILERES PAGADOS;ALQUILERES PAGADOS;1
3233;94;5008;SEGUROS PAGADOS;SEGUROS PAGADOS;1
3234;94;5010;GASTOS GENERALES;GASTOS GENERALES;1
3235;94;5011;SERVICISO INFORMATICOS;SERVICIOS INFORMATICOS;1
3236;94;5012;CANON;CANON;1
3237;94;5013;SERVICIOS JURIDICOS;SERVICIOS JURIDICOS;1
3238;94;5030;BANCO NACION - INTERES POR DESCUBIERTO;BANCO NACION - INTERES POR DESCUBIERTO;1
3239;94;5009;INTERESES BANCARIOS;INTERESES BANCARIOS;1
3240;94;5031;BANCO NACION - GASTOS DE MANTENIMIENTO DE CUENTA;BANCO NACION - GASTOS DE MANTENIMIENTO DE CUENTA;1
3241;94;5032;BANCO NACION - INTERESES POR PRESTAMOS;BANCO NACION - INTERESES POR PRESTAMOS;1
3242;94;5033;BANCO SANTANDER - INTERES POR DESCUBIERTO;BANCO SANTANDER - INTERES POR DESCUBIERTO;1
3243;94;5036;BANCO GALICIA - INTERES POR DESCUBIERTO;BANCO GALICIA - INTERES POR DESCUBIERTO;1
3244;94;5039;BBVA FRANCES - INTERES POR DESCUBIERTO;BBVA FRANCES - INTERES POR DESCUBIERTO;1
3245;94;5042;BANCO CREDICOOP - INTERES POR DESCUBIERTO;BANCO CREDICOOP - INTERES POR DESCUBIERTO;1
3246;94;5045;BANCO HSBC - INTERES POR DESCUBIERTO;BANCO HSBC - INTERES POR DESCUBIERTO;1
3247;94;5048;BANCO PATAGONIA - INTERES POR DESCUBIERTO;BANCO PATAGONIA - INTERES POR DESCUBIERTO;1
3248;94;5034;BANCO SANTANDER - GASTOS DE MANTENIMIENTO DE CUENTA;BANCO SANTANDER - GASTOS DE MANTENIMIENTO DE CUENTA;1
3249;94;5037;BANCO GALICIA - GASTOS DE MANTENIMIENTO DE CUENTA;BANCO GALICIA - GASTOS DE MANTENIMIENTO DE CUENTA;1
3250;94;5043;BANCO CREDICOOP - GASTOS DE MANTENIMIENTO DE CUENTA;BANCO CREDICOOP - GASTOS DE MANTENIMIENTO DE CUENTA;1
3251;94;5046;BANCO HSBC - GASTOS DE MANTENIMIENTO DE CUENTA;BANCO HSBC - GASTOS DE MANTENIMIENTO DE CUENTA;1
3252;94;5049;BANCO PATAGONIA - GASTOS DE MANTENIMIENTO DE CUENTA;BANCO PATAGONIA - GASTOS DE MANTENIMIENTO DE CUENTA;1
3253;94;5035;BANCO SANTANDER - INTERESES POR PRESTAMOS;BANCO SANTANDER - INTERESES POR PRESTAMOS;1
3254;94;5038;BANCO GALICIA - INTERESES POR PRESTAMOS;BANCO GALICIA - INTERESES POR PRESTAMOS;1
3255;94;5041;BBVA FRANCES - INTERESES POR PRESTAMOS;BBVA FRANCES - INTERESES POR PRESTAMOS;1
3256;94;5044;BANCO CREDICOOP- INTERESES POR PRESTAMOS;BANCO CREDICOOP- INTERESES POR PRESTAMOS;1
3257;94;5047;BANCO HSBC - INTERESES POR PRESTAMOS;BANCO HSBC - INTERESES POR PRESTAMOS;1
3258;94;5050;BANCO PATAGONIA- INTERESES POR PRESTAMOS;BANCO PATAGONIA- INTERESES POR PRESTAMOS;1
3259;94;1050;RODADOS - BIENES DE USO;RODADOS - BIENES DE USO;1
3260;94;1051;MUEBLES Y UTILES - BIENES DE USO;MUEBLES Y UTILES - BIENES DE USO;1
3261;94;1052;MAQUINARIA - BIENES DE USO;MAQUINARIA - BIENES DE USO;1
3262;94;1053;INMUEBLES - BIENES DE USO;INMUEBLES - BIENES DE USO;1
3263;94;5020;RODADOS - GASTOS DE MANTENIMIENTO;RODADOS - GASTOS DE MANTENIMIENTO;1
3264;94;5021;MUEBLES Y UTILES - GASTOS DE MANTENIMIENTO;MUEBLES Y UTILES - GASTOS DE MANTENIMIENTO;1
3265;94;5022;MAQUINARIA - GASTOS DE MANTENIMIENTO;MAQUINARIA - GASTOS DE MANTENIMIENTO;1
3266;94;5023;INMUEBLES - GASTOS DE MANTENIMIENTO;INMUEBLES - GASTOS DE MANTENIMIENTO;1
3267;94;5024;COMPRA DE BIENES USADOS A CF;COMPRA DE BIENES USADOS A CF;1
3268;94;1059;INSTALACIONES - BIENES DE USO;INSTALACIONES - BIENES DE USO;1
3269;94;5025;INSTALACIONES - GASTOS DE MANTENIMIENTO;INSTALACIONES - GASTOS DE MANTENIMIENTO;1
3270;94;5004;SERVICIOS Y TASAS;SERVICIOS Y TASAS;1
3285;95;4000;VENTAS;VENTAS;1
3286;95;5000;COMPRAS;COMPRAS;1
3287;95;5001;COMISION TARJETAS DE CREDITO;COMISION TARJETAS DE CREDITO;1
3288;95;5002;COMBUSTIBLES Y LUBRICANTES;COMBUSTIBLES Y LUBRICANTES;1
3289;95;5003;FLETES Y CORREO;FLETES Y CORREO;1
3290;95;5005;LIBRERIA Y PAPELERIA;LIBRERIA Y PAPELERIA;1
3291;95;5006;HONORARIOS PROFESIONALES;HONORARIOS PROFESIONALES;1
3292;95;5007;ALQUILERES PAGADOS;ALQUILERES PAGADOS;1
3293;95;5008;SEGUROS PAGADOS;SEGUROS PAGADOS;1
3294;95;5010;GASTOS GENERALES;GASTOS GENERALES;1
3295;95;5011;SERVICISO INFORMATICOS;SERVICIOS INFORMATICOS;1
3296;95;5012;CANON;CANON;1
3297;95;5013;SERVICIOS JURIDICOS;SERVICIOS JURIDICOS;1
3298;95;5030;BANCO NACION - INTERES POR DESCUBIERTO;BANCO NACION - INTERES POR DESCUBIERTO;1
3299;95;5009;INTERESES BANCARIOS;INTERESES BANCARIOS;1
3300;95;5031;BANCO NACION - GASTOS DE MANTENIMIENTO DE CUENTA;BANCO NACION - GASTOS DE MANTENIMIENTO DE CUENTA;1
3301;95;5032;BANCO NACION - INTERESES POR PRESTAMOS;BANCO NACION - INTERESES POR PRESTAMOS;1
3302;95;5033;BANCO SANTANDER - INTERES POR DESCUBIERTO;BANCO SANTANDER - INTERES POR DESCUBIERTO;1
3303;95;5036;BANCO GALICIA - INTERES POR DESCUBIERTO;BANCO GALICIA - INTERES POR DESCUBIERTO;1
3304;95;5039;BBVA FRANCES - INTERES POR DESCUBIERTO;BBVA FRANCES - INTERES POR DESCUBIERTO;1
3305;95;5042;BANCO CREDICOOP - INTERES POR DESCUBIERTO;BANCO CREDICOOP - INTERES POR DESCUBIERTO;1
3306;95;5045;BANCO HSBC - INTERES POR DESCUBIERTO;BANCO HSBC - INTERES POR DESCUBIERTO;1
3307;95;5048;BANCO PATAGONIA - INTERES POR DESCUBIERTO;BANCO PATAGONIA - INTERES POR DESCUBIERTO;1
3308;95;5034;BANCO SANTANDER - GASTOS DE MANTENIMIENTO DE CUENTA;BANCO SANTANDER - GASTOS DE MANTENIMIENTO DE CUENTA;1
3309;95;5037;BANCO GALICIA - GASTOS DE MANTENIMIENTO DE CUENTA;BANCO GALICIA - GASTOS DE MANTENIMIENTO DE CUENTA;1
3310;95;5043;BANCO CREDICOOP - GASTOS DE MANTENIMIENTO DE CUENTA;BANCO CREDICOOP - GASTOS DE MANTENIMIENTO DE CUENTA;1
3311;95;5046;BANCO HSBC - GASTOS DE MANTENIMIENTO DE CUENTA;BANCO HSBC - GASTOS DE MANTENIMIENTO DE CUENTA;1
3312;95;5049;BANCO PATAGONIA - GASTOS DE MANTENIMIENTO DE CUENTA;BANCO PATAGONIA - GASTOS DE MANTENIMIENTO DE CUENTA;1
3313;95;5035;BANCO SANTANDER - INTERESES POR PRESTAMOS;BANCO SANTANDER - INTERESES POR PRESTAMOS;1
3314;95;5038;BANCO GALICIA - INTERESES POR PRESTAMOS;BANCO GALICIA - INTERESES POR PRESTAMOS;1
3315;95;5041;BBVA FRANCES - INTERESES POR PRESTAMOS;BBVA FRANCES - INTERESES POR PRESTAMOS;1
3316;95;5044;BANCO CREDICOOP- INTERESES POR PRESTAMOS;BANCO CREDICOOP- INTERESES POR PRESTAMOS;1
3317;95;5047;BANCO HSBC - INTERESES POR PRESTAMOS;BANCO HSBC - INTERESES POR PRESTAMOS;1
3318;95;5050;BANCO PATAGONIA- INTERESES POR PRESTAMOS;BANCO PATAGONIA- INTERESES POR PRESTAMOS;1
3319;95;1050;RODADOS - BIENES DE USO;RODADOS - BIENES DE USO;1
3320;95;1051;MUEBLES Y UTILES - BIENES DE USO;MUEBLES Y UTILES - BIENES DE USO;1
3321;95;1052;MAQUINARIA - BIENES DE USO;MAQUINARIA - BIENES DE USO;1
3322;95;1053;INMUEBLES - BIENES DE USO;INMUEBLES - BIENES DE USO;1
3323;95;5020;RODADOS - GASTOS DE MANTENIMIENTO;RODADOS - GASTOS DE MANTENIMIENTO;1
3324;95;5021;MUEBLES Y UTILES - GASTOS DE MANTENIMIENTO;MUEBLES Y UTILES - GASTOS DE MANTENIMIENTO;1
3325;95;5022;MAQUINARIA - GASTOS DE MANTENIMIENTO;MAQUINARIA - GASTOS DE MANTENIMIENTO;1
3326;95;5023;INMUEBLES - GASTOS DE MANTENIMIENTO;INMUEBLES - GASTOS DE MANTENIMIENTO;1
3327;95;5024;COMPRA DE BIENES USADOS A CF;COMPRA DE BIENES USADOS A CF;1
3328;95;1059;INSTALACIONES - BIENES DE USO;INSTALACIONES - BIENES DE USO;1
3329;95;5025;INSTALACIONES - GASTOS DE MANTENIMIENTO;INSTALACIONES - GASTOS DE MANTENIMIENTO;1
3330;95;5004;SERVICIOS Y TASAS;SERVICIOS Y TASAS;1
3345;99;4000;VENTAS;VENTAS;1
3346;99;5000;COMPRAS;COMPRAS;1
3347;99;5001;COMISION TARJETAS DE CREDITO;COMISION TARJETAS DE CREDITO;1
3348;99;5002;COMBUSTIBLES Y LUBRICANTES;COMBUSTIBLES Y LUBRICANTES;1
3349;99;5003;FLETES Y CORREO;FLETES Y CORREO;1
3350;99;5005;LIBRERIA Y PAPELERIA;LIBRERIA Y PAPELERIA;1
3351;99;5006;HONORARIOS PROFESIONALES;HONORARIOS PROFESIONALES;1
3352;99;5007;ALQUILERES PAGADOS;ALQUILERES PAGADOS;1
3353;99;5008;SEGUROS PAGADOS;SEGUROS PAGADOS;1
3354;99;5010;GASTOS GENERALES;GASTOS GENERALES;1
3355;99;5011;SERVICISO INFORMATICOS;SERVICIOS INFORMATICOS;1
3356;99;5012;CANON;CANON;1
3357;99;5013;SERVICIOS JURIDICOS;SERVICIOS JURIDICOS;1
3358;99;5030;BANCO NACION - INTERES POR DESCUBIERTO;BANCO NACION - INTERES POR DESCUBIERTO;1
3359;99;5009;INTERESES BANCARIOS;INTERESES BANCARIOS;1
3360;99;5031;BANCO NACION - GASTOS DE MANTENIMIENTO DE CUENTA;BANCO NACION - GASTOS DE MANTENIMIENTO DE CUENTA;1
3361;99;5032;BANCO NACION - INTERESES POR PRESTAMOS;BANCO NACION - INTERESES POR PRESTAMOS;1
3362;99;5033;BANCO SANTANDER - INTERES POR DESCUBIERTO;BANCO SANTANDER - INTERES POR DESCUBIERTO;1
3363;99;5036;BANCO GALICIA - INTERES POR DESCUBIERTO;BANCO GALICIA - INTERES POR DESCUBIERTO;1
3364;99;5039;BBVA FRANCES - INTERES POR DESCUBIERTO;BBVA FRANCES - INTERES POR DESCUBIERTO;1
3365;99;5042;BANCO CREDICOOP - INTERES POR DESCUBIERTO;BANCO CREDICOOP - INTERES POR DESCUBIERTO;1
3366;99;5045;BANCO HSBC - INTERES POR DESCUBIERTO;BANCO HSBC - INTERES POR DESCUBIERTO;1
3367;99;5048;BANCO PATAGONIA - INTERES POR DESCUBIERTO;BANCO PATAGONIA - INTERES POR DESCUBIERTO;1
3368;99;5034;BANCO SANTANDER - GASTOS DE MANTENIMIENTO DE CUENTA;BANCO SANTANDER - GASTOS DE MANTENIMIENTO DE CUENTA;1
3369;99;5037;BANCO GALICIA - GASTOS DE MANTENIMIENTO DE CUENTA;BANCO GALICIA - GASTOS DE MANTENIMIENTO DE CUENTA;1
3370;99;5043;BANCO CREDICOOP - GASTOS DE MANTENIMIENTO DE CUENTA;BANCO CREDICOOP - GASTOS DE MANTENIMIENTO DE CUENTA;1
3371;99;5046;BANCO HSBC - GASTOS DE MANTENIMIENTO DE CUENTA;BANCO HSBC - GASTOS DE MANTENIMIENTO DE CUENTA;1
3372;99;5049;BANCO PATAGONIA - GASTOS DE MANTENIMIENTO DE CUENTA;BANCO PATAGONIA - GASTOS DE MANTENIMIENTO DE CUENTA;1
3373;99;5035;BANCO SANTANDER - INTERESES POR PRESTAMOS;BANCO SANTANDER - INTERESES POR PRESTAMOS;1
3374;99;5038;BANCO GALICIA - INTERESES POR PRESTAMOS;BANCO GALICIA - INTERESES POR PRESTAMOS;1
3375;99;5041;BBVA FRANCES - INTERESES POR PRESTAMOS;BBVA FRANCES - INTERESES POR PRESTAMOS;1
3376;99;5044;BANCO CREDICOOP- INTERESES POR PRESTAMOS;BANCO CREDICOOP- INTERESES POR PRESTAMOS;1
3377;99;5047;BANCO HSBC - INTERESES POR PRESTAMOS;BANCO HSBC - INTERESES POR PRESTAMOS;1
3378;99;5050;BANCO PATAGONIA- INTERESES POR PRESTAMOS;BANCO PATAGONIA- INTERESES POR PRESTAMOS;1
3379;99;1050;RODADOS - BIENES DE USO;RODADOS - BIENES DE USO;1
3380;99;1051;MUEBLES Y UTILES - BIENES DE USO;MUEBLES Y UTILES - BIENES DE USO;1
3381;99;1052;MAQUINARIA - BIENES DE USO;MAQUINARIA - BIENES DE USO;1
3382;99;1053;INMUEBLES - BIENES DE USO;INMUEBLES - BIENES DE USO;1
3383;99;5020;RODADOS - GASTOS DE MANTENIMIENTO;RODADOS - GASTOS DE MANTENIMIENTO;1
3384;99;5021;MUEBLES Y UTILES - GASTOS DE MANTENIMIENTO;MUEBLES Y UTILES - GASTOS DE MANTENIMIENTO;1
3385;99;5022;MAQUINARIA - GASTOS DE MANTENIMIENTO;MAQUINARIA - GASTOS DE MANTENIMIENTO;1
3386;99;5023;INMUEBLES - GASTOS DE MANTENIMIENTO;INMUEBLES - GASTOS DE MANTENIMIENTO;1
3387;99;5024;COMPRA DE BIENES USADOS A CF;COMPRA DE BIENES USADOS A CF;1
3388;99;1059;INSTALACIONES - BIENES DE USO;INSTALACIONES - BIENES DE USO;1
3389;99;5025;INSTALACIONES - GASTOS DE MANTENIMIENTO;INSTALACIONES - GASTOS DE MANTENIMIENTO;1
3390;99;5004;SERVICIOS Y TASAS;SERVICIOS Y TASAS;1
3405;98;4000;VENTAS;VENTAS;1
3406;98;5000;COMPRAS;COMPRAS;1
3407;98;5001;COMISION TARJETAS DE CREDITO;COMISION TARJETAS DE CREDITO;1
3408;98;5002;COMBUSTIBLES Y LUBRICANTES;COMBUSTIBLES Y LUBRICANTES;1
3409;98;5003;FLETES Y CORREO;FLETES Y CORREO;1
3410;98;5005;LIBRERIA Y PAPELERIA;LIBRERIA Y PAPELERIA;1
3411;98;5006;HONORARIOS PROFESIONALES;HONORARIOS PROFESIONALES;1
3412;98;5007;ALQUILERES PAGADOS;ALQUILERES PAGADOS;1
3413;98;5008;SEGUROS PAGADOS;SEGUROS PAGADOS;1
3414;98;5010;GASTOS GENERALES;GASTOS GENERALES;1
3415;98;5011;SERVICISO INFORMATICOS;SERVICIOS INFORMATICOS;1
3416;98;5012;CANON;CANON;1
3417;98;5013;SERVICIOS JURIDICOS;SERVICIOS JURIDICOS;1
3418;98;5030;BANCO NACION - INTERES POR DESCUBIERTO;BANCO NACION - INTERES POR DESCUBIERTO;1
3419;98;5009;INTERESES BANCARIOS;INTERESES BANCARIOS;1
3420;98;5031;BANCO NACION - GASTOS DE MANTENIMIENTO DE CUENTA;BANCO NACION - GASTOS DE MANTENIMIENTO DE CUENTA;1
3421;98;5032;BANCO NACION - INTERESES POR PRESTAMOS;BANCO NACION - INTERESES POR PRESTAMOS;1
3422;98;5033;BANCO SANTANDER - INTERES POR DESCUBIERTO;BANCO SANTANDER - INTERES POR DESCUBIERTO;1
3423;98;5036;BANCO GALICIA - INTERES POR DESCUBIERTO;BANCO GALICIA - INTERES POR DESCUBIERTO;1
3424;98;5039;BBVA FRANCES - INTERES POR DESCUBIERTO;BBVA FRANCES - INTERES POR DESCUBIERTO;1
3425;98;5042;BANCO CREDICOOP - INTERES POR DESCUBIERTO;BANCO CREDICOOP - INTERES POR DESCUBIERTO;1
3426;98;5045;BANCO HSBC - INTERES POR DESCUBIERTO;BANCO HSBC - INTERES POR DESCUBIERTO;1
3427;98;5048;BANCO PATAGONIA - INTERES POR DESCUBIERTO;BANCO PATAGONIA - INTERES POR DESCUBIERTO;1
3428;98;5034;BANCO SANTANDER - GASTOS DE MANTENIMIENTO DE CUENTA;BANCO SANTANDER - GASTOS DE MANTENIMIENTO DE CUENTA;1
3429;98;5037;BANCO GALICIA - GASTOS DE MANTENIMIENTO DE CUENTA;BANCO GALICIA - GASTOS DE MANTENIMIENTO DE CUENTA;1
3430;98;5043;BANCO CREDICOOP - GASTOS DE MANTENIMIENTO DE CUENTA;BANCO CREDICOOP - GASTOS DE MANTENIMIENTO DE CUENTA;1
3431;98;5046;BANCO HSBC - GASTOS DE MANTENIMIENTO DE CUENTA;BANCO HSBC - GASTOS DE MANTENIMIENTO DE CUENTA;1
3432;98;5049;BANCO PATAGONIA - GASTOS DE MANTENIMIENTO DE CUENTA;BANCO PATAGONIA - GASTOS DE MANTENIMIENTO DE CUENTA;1
3433;98;5035;BANCO SANTANDER - INTERESES POR PRESTAMOS;BANCO SANTANDER - INTERESES POR PRESTAMOS;1
3434;98;5038;BANCO GALICIA - INTERESES POR PRESTAMOS;BANCO GALICIA - INTERESES POR PRESTAMOS;1
3435;98;5041;BBVA FRANCES - INTERESES POR PRESTAMOS;BBVA FRANCES - INTERESES POR PRESTAMOS;1
3436;98;5044;BANCO CREDICOOP- INTERESES POR PRESTAMOS;BANCO CREDICOOP- INTERESES POR PRESTAMOS;1
3437;98;5047;BANCO HSBC - INTERESES POR PRESTAMOS;BANCO HSBC - INTERESES POR PRESTAMOS;1
3438;98;5050;BANCO PATAGONIA- INTERESES POR PRESTAMOS;BANCO PATAGONIA- INTERESES POR PRESTAMOS;1
3439;98;1050;RODADOS - BIENES DE USO;RODADOS - BIENES DE USO;1
3440;98;1051;MUEBLES Y UTILES - BIENES DE USO;MUEBLES Y UTILES - BIENES DE USO;1
3441;98;1052;MAQUINARIA - BIENES DE USO;MAQUINARIA - BIENES DE USO;1
3442;98;1053;INMUEBLES - BIENES DE USO;INMUEBLES - BIENES DE USO;1
3443;98;5020;RODADOS - GASTOS DE MANTENIMIENTO;RODADOS - GASTOS DE MANTENIMIENTO;1
3444;98;5021;MUEBLES Y UTILES - GASTOS DE MANTENIMIENTO;MUEBLES Y UTILES - GASTOS DE MANTENIMIENTO;1
3445;98;5022;MAQUINARIA - GASTOS DE MANTENIMIENTO;MAQUINARIA - GASTOS DE MANTENIMIENTO;1
3446;98;5023;INMUEBLES - GASTOS DE MANTENIMIENTO;INMUEBLES - GASTOS DE MANTENIMIENTO;1
3447;98;1058;COMPRA DE BIENES USADOS A CF;COMPRA DE BIENES USADOS A CF;1
3448;98;1059;INSTALACIONES - BIENES DE USO;INSTALACIONES - BIENES DE USO;1
3449;98;5025;INSTALACIONES - GASTOS DE MANTENIMIENTO;INSTALACIONES - GASTOS DE MANTENIMIENTO;1
3450;98;5004;SERVICIOS Y TASAS;SERVICIOS Y TASAS;1
3465;97;4000;VENTAS;VENTAS;1
3466;97;5000;COMPRAS;COMPRAS;1
3467;97;5001;COMISION TARJETAS DE CREDITO;COMISION TARJETAS DE CREDITO;1
3468;97;5002;COMBUSTIBLES Y LUBRICANTES;COMBUSTIBLES Y LUBRICANTES;1
3469;97;5003;FLETES Y CORREO;FLETES Y CORREO;1
3470;97;5005;LIBRERIA Y PAPELERIA;LIBRERIA Y PAPELERIA;1
3471;97;5006;HONORARIOS PROFESIONALES;HONORARIOS PROFESIONALES;1
3472;97;5007;ALQUILERES PAGADOS;ALQUILERES PAGADOS;1
3473;97;5008;SEGUROS PAGADOS;SEGUROS PAGADOS;1
3474;97;5010;GASTOS GENERALES;GASTOS GENERALES;1
3475;97;5011;SERVICISO INFORMATICOS;SERVICIOS INFORMATICOS;1
3476;97;5012;CANON;CANON;1
3477;97;5013;SERVICIOS JURIDICOS;SERVICIOS JURIDICOS;1
3478;97;5030;BANCO NACION - INTERES POR DESCUBIERTO;BANCO NACION - INTERES POR DESCUBIERTO;1
3479;97;5009;INTERESES BANCARIOS;INTERESES BANCARIOS;1
3480;97;5031;BANCO NACION - GASTOS DE MANTENIMIENTO DE CUENTA;BANCO NACION - GASTOS DE MANTENIMIENTO DE CUENTA;1
3481;97;5032;BANCO NACION - INTERESES POR PRESTAMOS;BANCO NACION - INTERESES POR PRESTAMOS;1
3482;97;5033;BANCO SANTANDER - INTERES POR DESCUBIERTO;BANCO SANTANDER - INTERES POR DESCUBIERTO;1
3483;97;5036;BANCO GALICIA - INTERES POR DESCUBIERTO;BANCO GALICIA - INTERES POR DESCUBIERTO;1
3484;97;5039;BBVA FRANCES - INTERES POR DESCUBIERTO;BBVA FRANCES - INTERES POR DESCUBIERTO;1
3485;97;5042;BANCO CREDICOOP - INTERES POR DESCUBIERTO;BANCO CREDICOOP - INTERES POR DESCUBIERTO;1
3486;97;5045;BANCO HSBC - INTERES POR DESCUBIERTO;BANCO HSBC - INTERES POR DESCUBIERTO;1
3487;97;5048;BANCO PATAGONIA - INTERES POR DESCUBIERTO;BANCO PATAGONIA - INTERES POR DESCUBIERTO;1
3488;97;5034;BANCO SANTANDER - GASTOS DE MANTENIMIENTO DE CUENTA;BANCO SANTANDER - GASTOS DE MANTENIMIENTO DE CUENTA;1
3489;97;5037;BANCO GALICIA - GASTOS DE MANTENIMIENTO DE CUENTA;BANCO GALICIA - GASTOS DE MANTENIMIENTO DE CUENTA;1
3490;97;5043;BANCO CREDICOOP - GASTOS DE MANTENIMIENTO DE CUENTA;BANCO CREDICOOP - GASTOS DE MANTENIMIENTO DE CUENTA;1
3491;97;5046;BANCO HSBC - GASTOS DE MANTENIMIENTO DE CUENTA;BANCO HSBC - GASTOS DE MANTENIMIENTO DE CUENTA;1
3492;97;5049;BANCO PATAGONIA - GASTOS DE MANTENIMIENTO DE CUENTA;BANCO PATAGONIA - GASTOS DE MANTENIMIENTO DE CUENTA;1
3493;97;5035;BANCO SANTANDER - INTERESES POR PRESTAMOS;BANCO SANTANDER - INTERESES POR PRESTAMOS;1
3494;97;5038;BANCO GALICIA - INTERESES POR PRESTAMOS;BANCO GALICIA - INTERESES POR PRESTAMOS;1
3495;97;5041;BBVA FRANCES - INTERESES POR PRESTAMOS;BBVA FRANCES - INTERESES POR PRESTAMOS;1
3496;97;5044;BANCO CREDICOOP- INTERESES POR PRESTAMOS;BANCO CREDICOOP- INTERESES POR PRESTAMOS;1
3497;97;5047;BANCO HSBC - INTERESES POR PRESTAMOS;BANCO HSBC - INTERESES POR PRESTAMOS;1
3498;97;5050;BANCO PATAGONIA- INTERESES POR PRESTAMOS;BANCO PATAGONIA- INTERESES POR PRESTAMOS;1
3499;97;1050;RODADOS - BIENES DE USO;RODADOS - BIENES DE USO;1
3500;97;1051;MUEBLES Y UTILES - BIENES DE USO;MUEBLES Y UTILES - BIENES DE USO;1
3501;97;1052;MAQUINARIA - BIENES DE USO;MAQUINARIA - BIENES DE USO;1
3502;97;1053;INMUEBLES - BIENES DE USO;INMUEBLES - BIENES DE USO;1
3503;97;5020;RODADOS - GASTOS DE MANTENIMIENTO;RODADOS - GASTOS DE MANTENIMIENTO;1
3504;97;5021;MUEBLES Y UTILES - GASTOS DE MANTENIMIENTO;MUEBLES Y UTILES - GASTOS DE MANTENIMIENTO;1
3505;97;5022;MAQUINARIA - GASTOS DE MANTENIMIENTO;MAQUINARIA - GASTOS DE MANTENIMIENTO;1
3506;97;5023;INMUEBLES - GASTOS DE MANTENIMIENTO;INMUEBLES - GASTOS DE MANTENIMIENTO;1
3507;97;5024;COMPRA DE BIENES USADOS A CF;COMPRA DE BIENES USADOS A CF;1
3508;97;1059;INSTALACIONES - BIENES DE USO;INSTALACIONES - BIENES DE USO;1
3509;97;5025;INSTALACIONES - GASTOS DE MANTENIMIENTO;INSTALACIONES - GASTOS DE MANTENIMIENTO;1
3510;97;5004;SERVICIOS Y TASAS;SERVICIOS Y TASAS;1
3525;100;4000;VENTAS;VENTAS;1
3526;100;5000;COMPRAS;COMPRAS;1
3527;100;5001;COMISION TARJETAS DE CREDITO;COMISION TARJETAS DE CREDITO;1
3528;100;5002;COMBUSTIBLES Y LUBRICANTES;COMBUSTIBLES Y LUBRICANTES;1
3529;100;5003;FLETES Y CORREO;FLETES Y CORREO;1
3530;100;5005;LIBRERIA Y PAPELERIA;LIBRERIA Y PAPELERIA;1
3531;100;5006;HONORARIOS PROFESIONALES;HONORARIOS PROFESIONALES;1
3532;100;5007;ALQUILERES PAGADOS;ALQUILERES PAGADOS;1
3533;100;5008;SEGUROS PAGADOS;SEGUROS PAGADOS;1
3534;100;5010;GASTOS GENERALES;GASTOS GENERALES;1
3535;100;5011;SERVICISO INFORMATICOS;SERVICIOS INFORMATICOS;1
3536;100;5012;CANON;CANON;1
3537;100;5013;SERVICIOS JURIDICOS;SERVICIOS JURIDICOS;1
3538;100;5030;BANCO NACION - INTERES POR DESCUBIERTO;BANCO NACION - INTERES POR DESCUBIERTO;1
3539;100;5009;INTERESES BANCARIOS;INTERESES BANCARIOS;1
3540;100;5031;BANCO NACION - GASTOS DE MANTENIMIENTO DE CUENTA;BANCO NACION - GASTOS DE MANTENIMIENTO DE CUENTA;1
3541;100;5032;BANCO NACION - INTERESES POR PRESTAMOS;BANCO NACION - INTERESES POR PRESTAMOS;1
3542;100;5033;BANCO SANTANDER - INTERES POR DESCUBIERTO;BANCO SANTANDER - INTERES POR DESCUBIERTO;1
3543;100;5036;BANCO GALICIA - INTERES POR DESCUBIERTO;BANCO GALICIA - INTERES POR DESCUBIERTO;1
3544;100;5039;BBVA FRANCES - INTERES POR DESCUBIERTO;BBVA FRANCES - INTERES POR DESCUBIERTO;1
3545;100;5042;BANCO CREDICOOP - INTERES POR DESCUBIERTO;BANCO CREDICOOP - INTERES POR DESCUBIERTO;1
3546;100;5045;BANCO HSBC - INTERES POR DESCUBIERTO;BANCO HSBC - INTERES POR DESCUBIERTO;1
3547;100;5048;BANCO PATAGONIA - INTERES POR DESCUBIERTO;BANCO PATAGONIA - INTERES POR DESCUBIERTO;1
3548;100;5034;BANCO SANTANDER - GASTOS DE MANTENIMIENTO DE CUENTA;BANCO SANTANDER - GASTOS DE MANTENIMIENTO DE CUENTA;1
3549;100;5037;BANCO GALICIA - GASTOS DE MANTENIMIENTO DE CUENTA;BANCO GALICIA - GASTOS DE MANTENIMIENTO DE CUENTA;1
3550;100;5043;BANCO CREDICOOP - GASTOS DE MANTENIMIENTO DE CUENTA;BANCO CREDICOOP - GASTOS DE MANTENIMIENTO DE CUENTA;1
3551;100;5046;BANCO HSBC - GASTOS DE MANTENIMIENTO DE CUENTA;BANCO HSBC - GASTOS DE MANTENIMIENTO DE CUENTA;1
3552;100;5049;BANCO PATAGONIA - GASTOS DE MANTENIMIENTO DE CUENTA;BANCO PATAGONIA - GASTOS DE MANTENIMIENTO DE CUENTA;1
3553;100;5035;BANCO SANTANDER - INTERESES POR PRESTAMOS;BANCO SANTANDER - INTERESES POR PRESTAMOS;1
3554;100;5038;BANCO GALICIA - INTERESES POR PRESTAMOS;BANCO GALICIA - INTERESES POR PRESTAMOS;1
3555;100;5041;BBVA FRANCES - INTERESES POR PRESTAMOS;BBVA FRANCES - INTERESES POR PRESTAMOS;1
3556;100;5044;BANCO CREDICOOP- INTERESES POR PRESTAMOS;BANCO CREDICOOP- INTERESES POR PRESTAMOS;1
3557;100;5047;BANCO HSBC - INTERESES POR PRESTAMOS;BANCO HSBC - INTERESES POR PRESTAMOS;1
3558;100;5050;BANCO PATAGONIA- INTERESES POR PRESTAMOS;BANCO PATAGONIA- INTERESES POR PRESTAMOS;1
3559;100;1050;RODADOS - BIENES DE USO;RODADOS - BIENES DE USO;1
3560;100;1051;MUEBLES Y UTILES - BIENES DE USO;MUEBLES Y UTILES - BIENES DE USO;1
3561;100;1052;MAQUINARIA - BIENES DE USO;MAQUINARIA - BIENES DE USO;1
3562;100;1053;INMUEBLES - BIENES DE USO;INMUEBLES - BIENES DE USO;1
3563;100;5020;RODADOS - GASTOS DE MANTENIMIENTO;RODADOS - GASTOS DE MANTENIMIENTO;1
3564;100;5021;MUEBLES Y UTILES - GASTOS DE MANTENIMIENTO;MUEBLES Y UTILES - GASTOS DE MANTENIMIENTO;1
3565;100;5022;MAQUINARIA - GASTOS DE MANTENIMIENTO;MAQUINARIA - GASTOS DE MANTENIMIENTO;1
3566;100;5023;INMUEBLES - GASTOS DE MANTENIMIENTO;INMUEBLES - GASTOS DE MANTENIMIENTO;1
3567;100;5024;COMPRA DE BIENES USADOS A CF;COMPRA DE BIENES USADOS A CF;1
3568;100;1059;INSTALACIONES - BIENES DE USO;INSTALACIONES - BIENES DE USO;1
3569;100;5025;INSTALACIONES - GASTOS DE MANTENIMIENTO;INSTALACIONES - GASTOS DE MANTENIMIENTO;1
3570;100;5004;SERVICIOS Y TASAS;SERVICIOS Y TASAS;1
3585;101;4000;VENTAS;VENTAS;1
3586;101;5000;COMPRAS;COMPRAS;1
3587;101;5001;COMISION TARJETAS DE CREDITO;COMISION TARJETAS DE CREDITO;1
3588;101;5002;COMBUSTIBLES Y LUBRICANTES;COMBUSTIBLES Y LUBRICANTES;1
3589;101;5003;FLETES Y CORREO;FLETES Y CORREO;1
3590;101;5005;LIBRERIA Y PAPELERIA;LIBRERIA Y PAPELERIA;1
3591;101;5006;HONORARIOS PROFESIONALES;HONORARIOS PROFESIONALES;1
3592;101;5007;ALQUILERES PAGADOS;ALQUILERES PAGADOS;1
3593;101;5008;SEGUROS PAGADOS;SEGUROS PAGADOS;1
3594;101;5010;GASTOS GENERALES;GASTOS GENERALES;1
3595;101;5011;SERVICISO INFORMATICOS;SERVICIOS INFORMATICOS;1
3596;101;5012;CANON;CANON;1
3597;101;5013;SERVICIOS JURIDICOS;SERVICIOS JURIDICOS;1
3598;101;5030;BANCO NACION - INTERES POR DESCUBIERTO;BANCO NACION - INTERES POR DESCUBIERTO;1
3599;101;5009;INTERESES BANCARIOS;INTERESES BANCARIOS;1
3600;101;5031;BANCO NACION - GASTOS DE MANTENIMIENTO DE CUENTA;BANCO NACION - GASTOS DE MANTENIMIENTO DE CUENTA;1
3601;101;5032;BANCO NACION - INTERESES POR PRESTAMOS;BANCO NACION - INTERESES POR PRESTAMOS;1
3602;101;5033;BANCO SANTANDER - INTERES POR DESCUBIERTO;BANCO SANTANDER - INTERES POR DESCUBIERTO;1
3603;101;5036;BANCO GALICIA - INTERES POR DESCUBIERTO;BANCO GALICIA - INTERES POR DESCUBIERTO;1
3604;101;5039;BBVA FRANCES - INTERES POR DESCUBIERTO;BBVA FRANCES - INTERES POR DESCUBIERTO;1
3605;101;5042;BANCO CREDICOOP - INTERES POR DESCUBIERTO;BANCO CREDICOOP - INTERES POR DESCUBIERTO;1
3606;101;5045;BANCO HSBC - INTERES POR DESCUBIERTO;BANCO HSBC - INTERES POR DESCUBIERTO;1
3607;101;5048;BANCO PATAGONIA - INTERES POR DESCUBIERTO;BANCO PATAGONIA - INTERES POR DESCUBIERTO;1
3608;101;5034;BANCO SANTANDER - GASTOS DE MANTENIMIENTO DE CUENTA;BANCO SANTANDER - GASTOS DE MANTENIMIENTO DE CUENTA;1
3609;101;5037;BANCO GALICIA - GASTOS DE MANTENIMIENTO DE CUENTA;BANCO GALICIA - GASTOS DE MANTENIMIENTO DE CUENTA;1
3610;101;5043;BANCO CREDICOOP - GASTOS DE MANTENIMIENTO DE CUENTA;BANCO CREDICOOP - GASTOS DE MANTENIMIENTO DE CUENTA;1
3611;101;5046;BANCO HSBC - GASTOS DE MANTENIMIENTO DE CUENTA;BANCO HSBC - GASTOS DE MANTENIMIENTO DE CUENTA;1
3612;101;5049;BANCO PATAGONIA - GASTOS DE MANTENIMIENTO DE CUENTA;BANCO PATAGONIA - GASTOS DE MANTENIMIENTO DE CUENTA;1
3613;101;5035;BANCO SANTANDER - INTERESES POR PRESTAMOS;BANCO SANTANDER - INTERESES POR PRESTAMOS;1
3614;101;5038;BANCO GALICIA - INTERESES POR PRESTAMOS;BANCO GALICIA - INTERESES POR PRESTAMOS;1
3615;101;5041;BBVA FRANCES - INTERESES POR PRESTAMOS;BBVA FRANCES - INTERESES POR PRESTAMOS;1
3616;101;5044;BANCO CREDICOOP- INTERESES POR PRESTAMOS;BANCO CREDICOOP- INTERESES POR PRESTAMOS;1
3617;101;5047;BANCO HSBC - INTERESES POR PRESTAMOS;BANCO HSBC - INTERESES POR PRESTAMOS;1
3618;101;5050;BANCO PATAGONIA- INTERESES POR PRESTAMOS;BANCO PATAGONIA- INTERESES POR PRESTAMOS;1
3619;101;1050;RODADOS - BIENES DE USO;RODADOS - BIENES DE USO;1
3620;101;1051;MUEBLES Y UTILES - BIENES DE USO;MUEBLES Y UTILES - BIENES DE USO;1
3621;101;1052;MAQUINARIA - BIENES DE USO;MAQUINARIA - BIENES DE USO;1
3622;101;1053;INMUEBLES - BIENES DE USO;INMUEBLES - BIENES DE USO;1
3623;101;5020;RODADOS - GASTOS DE MANTENIMIENTO;RODADOS - GASTOS DE MANTENIMIENTO;1
3624;101;5021;MUEBLES Y UTILES - GASTOS DE MANTENIMIENTO;MUEBLES Y UTILES - GASTOS DE MANTENIMIENTO;1
3625;101;5022;MAQUINARIA - GASTOS DE MANTENIMIENTO;MAQUINARIA - GASTOS DE MANTENIMIENTO;1
3626;101;5023;INMUEBLES - GASTOS DE MANTENIMIENTO;INMUEBLES - GASTOS DE MANTENIMIENTO;1
3627;101;5024;COMPRA DE BIENES USADOS A CF;COMPRA DE BIENES USADOS A CF;1
3628;101;1059;INSTALACIONES - BIENES DE USO;INSTALACIONES - BIENES DE USO;1
3629;101;5025;INSTALACIONES - GASTOS DE MANTENIMIENTO;INSTALACIONES - GASTOS DE MANTENIMIENTO;1
3630;101;5004;SERVICIOS Y TASAS;SERVICIOS Y TASAS;1
3645;106;4000;VENTAS;VENTAS;1
3646;106;5000;COMPRAS;COMPRAS;1
3647;106;5001;COMISION TARJETAS DE CREDITO;COMISION TARJETAS DE CREDITO;1
3648;106;5002;COMBUSTIBLES Y LUBRICANTES;COMBUSTIBLES Y LUBRICANTES;1
3649;106;5003;FLETES Y CORREO;FLETES Y CORREO;1
3650;106;5005;LIBRERIA Y PAPELERIA;LIBRERIA Y PAPELERIA;1
3651;106;5006;HONORARIOS PROFESIONALES;HONORARIOS PROFESIONALES;1
3652;106;5007;ALQUILERES PAGADOS;ALQUILERES PAGADOS;1
3653;106;5008;SEGUROS PAGADOS;SEGUROS PAGADOS;1
3654;106;5010;GASTOS GENERALES;GASTOS GENERALES;1
3655;106;5011;SERVICISO INFORMATICOS;SERVICIOS INFORMATICOS;1
3656;106;5012;CANON;CANON;1
3657;106;5013;SERVICIOS JURIDICOS;SERVICIOS JURIDICOS;1
3658;106;5030;BANCO NACION - INTERES POR DESCUBIERTO;BANCO NACION - INTERES POR DESCUBIERTO;1
3659;106;5009;INTERESES BANCARIOS;INTERESES BANCARIOS;1
3660;106;5031;BANCO NACION - GASTOS DE MANTENIMIENTO DE CUENTA;BANCO NACION - GASTOS DE MANTENIMIENTO DE CUENTA;1
3661;106;5032;BANCO NACION - INTERESES POR PRESTAMOS;BANCO NACION - INTERESES POR PRESTAMOS;1
3662;106;5033;BANCO SANTANDER - INTERES POR DESCUBIERTO;BANCO SANTANDER - INTERES POR DESCUBIERTO;1
3663;106;5036;BANCO GALICIA - INTERES POR DESCUBIERTO;BANCO GALICIA - INTERES POR DESCUBIERTO;1
3664;106;5039;BBVA FRANCES - INTERES POR DESCUBIERTO;BBVA FRANCES - INTERES POR DESCUBIERTO;1
3665;106;5042;BANCO CREDICOOP - INTERES POR DESCUBIERTO;BANCO CREDICOOP - INTERES POR DESCUBIERTO;1
3666;106;5045;BANCO HSBC - INTERES POR DESCUBIERTO;BANCO HSBC - INTERES POR DESCUBIERTO;1
3667;106;5048;BANCO PATAGONIA - INTERES POR DESCUBIERTO;BANCO PATAGONIA - INTERES POR DESCUBIERTO;1
3668;106;5034;BANCO SANTANDER - GASTOS DE MANTENIMIENTO DE CUENTA;BANCO SANTANDER - GASTOS DE MANTENIMIENTO DE CUENTA;1
3669;106;5037;BANCO GALICIA - GASTOS DE MANTENIMIENTO DE CUENTA;BANCO GALICIA - GASTOS DE MANTENIMIENTO DE CUENTA;1
3670;106;5043;BANCO CREDICOOP - GASTOS DE MANTENIMIENTO DE CUENTA;BANCO CREDICOOP - GASTOS DE MANTENIMIENTO DE CUENTA;1
3671;106;5046;BANCO HSBC - GASTOS DE MANTENIMIENTO DE CUENTA;BANCO HSBC - GASTOS DE MANTENIMIENTO DE CUENTA;1
3672;106;5049;BANCO PATAGONIA - GASTOS DE MANTENIMIENTO DE CUENTA;BANCO PATAGONIA - GASTOS DE MANTENIMIENTO DE CUENTA;1
3673;106;5035;BANCO SANTANDER - INTERESES POR PRESTAMOS;BANCO SANTANDER - INTERESES POR PRESTAMOS;1
3674;106;5038;BANCO GALICIA - INTERESES POR PRESTAMOS;BANCO GALICIA - INTERESES POR PRESTAMOS;1
3675;106;5041;BBVA FRANCES - INTERESES POR PRESTAMOS;BBVA FRANCES - INTERESES POR PRESTAMOS;1
3676;106;5044;BANCO CREDICOOP- INTERESES POR PRESTAMOS;BANCO CREDICOOP- INTERESES POR PRESTAMOS;1
3677;106;5047;BANCO HSBC - INTERESES POR PRESTAMOS;BANCO HSBC - INTERESES POR PRESTAMOS;1
3678;106;5050;BANCO PATAGONIA- INTERESES POR PRESTAMOS;BANCO PATAGONIA- INTERESES POR PRESTAMOS;1
3679;106;1050;RODADOS - BIENES DE USO;RODADOS - BIENES DE USO;1
3680;106;1051;MUEBLES Y UTILES - BIENES DE USO;MUEBLES Y UTILES - BIENES DE USO;1
3681;106;1052;MAQUINARIA - BIENES DE USO;MAQUINARIA - BIENES DE USO;1
3682;106;1053;INMUEBLES - BIENES DE USO;INMUEBLES - BIENES DE USO;1
3683;106;5020;RODADOS - GASTOS DE MANTENIMIENTO;RODADOS - GASTOS DE MANTENIMIENTO;1
3684;106;5021;MUEBLES Y UTILES - GASTOS DE MANTENIMIENTO;MUEBLES Y UTILES - GASTOS DE MANTENIMIENTO;1
3685;106;5022;MAQUINARIA - GASTOS DE MANTENIMIENTO;MAQUINARIA - GASTOS DE MANTENIMIENTO;1
3686;106;5023;INMUEBLES - GASTOS DE MANTENIMIENTO;INMUEBLES - GASTOS DE MANTENIMIENTO;1
3687;106;5024;COMPRA DE BIENES USADOS A CF;COMPRA DE BIENES USADOS A CF;1
3688;106;1059;INSTALACIONES - BIENES DE USO;INSTALACIONES - BIENES DE USO;1
3689;106;5025;INSTALACIONES - GASTOS DE MANTENIMIENTO;INSTALACIONES - GASTOS DE MANTENIMIENTO;1
3690;106;5004;SERVICIOS Y TASAS;SERVICIOS Y TASAS;1
3705;102;4000;VENTAS;VENTAS;1
3706;102;5000;COMPRAS;COMPRAS;1
3707;102;5001;COMISION TARJETAS DE CREDITO;COMISION TARJETAS DE CREDITO;1
3708;102;5002;COMBUSTIBLES Y LUBRICANTES;COMBUSTIBLES Y LUBRICANTES;1
3709;102;5003;FLETES Y CORREO;FLETES Y CORREO;1
3710;102;5005;LIBRERIA Y PAPELERIA;LIBRERIA Y PAPELERIA;1
3711;102;5006;HONORARIOS PROFESIONALES;HONORARIOS PROFESIONALES;1
3712;102;5007;ALQUILERES PAGADOS;ALQUILERES PAGADOS;1
3713;102;5008;SEGUROS PAGADOS;SEGUROS PAGADOS;1
3714;102;5010;GASTOS GENERALES;GASTOS GENERALES;1
3715;102;5011;SERVICISO INFORMATICOS;SERVICIOS INFORMATICOS;1
3716;102;5012;CANON;CANON;1
3717;102;5013;SERVICIOS JURIDICOS;SERVICIOS JURIDICOS;1
3718;102;5030;BANCO NACION - INTERES POR DESCUBIERTO;BANCO NACION - INTERES POR DESCUBIERTO;1
3719;102;5009;INTERESES BANCARIOS;INTERESES BANCARIOS;1
3720;102;5031;BANCO NACION - GASTOS DE MANTENIMIENTO DE CUENTA;BANCO NACION - GASTOS DE MANTENIMIENTO DE CUENTA;1
3721;102;5032;BANCO NACION - INTERESES POR PRESTAMOS;BANCO NACION - INTERESES POR PRESTAMOS;1
3722;102;5033;BANCO SANTANDER - INTERES POR DESCUBIERTO;BANCO SANTANDER - INTERES POR DESCUBIERTO;1
3723;102;5036;BANCO GALICIA - INTERES POR DESCUBIERTO;BANCO GALICIA - INTERES POR DESCUBIERTO;1
3724;102;5039;BBVA FRANCES - INTERES POR DESCUBIERTO;BBVA FRANCES - INTERES POR DESCUBIERTO;1
3725;102;5042;BANCO CREDICOOP - INTERES POR DESCUBIERTO;BANCO CREDICOOP - INTERES POR DESCUBIERTO;1
3726;102;5045;BANCO HSBC - INTERES POR DESCUBIERTO;BANCO HSBC - INTERES POR DESCUBIERTO;1
3727;102;5048;BANCO PATAGONIA - INTERES POR DESCUBIERTO;BANCO PATAGONIA - INTERES POR DESCUBIERTO;1
3728;102;5034;BANCO SANTANDER - GASTOS DE MANTENIMIENTO DE CUENTA;BANCO SANTANDER - GASTOS DE MANTENIMIENTO DE CUENTA;1
3729;102;5037;BANCO GALICIA - GASTOS DE MANTENIMIENTO DE CUENTA;BANCO GALICIA - GASTOS DE MANTENIMIENTO DE CUENTA;1
3730;102;5043;BANCO CREDICOOP - GASTOS DE MANTENIMIENTO DE CUENTA;BANCO CREDICOOP - GASTOS DE MANTENIMIENTO DE CUENTA;1
3731;102;5046;BANCO HSBC - GASTOS DE MANTENIMIENTO DE CUENTA;BANCO HSBC - GASTOS DE MANTENIMIENTO DE CUENTA;1
3732;102;5049;BANCO PATAGONIA - GASTOS DE MANTENIMIENTO DE CUENTA;BANCO PATAGONIA - GASTOS DE MANTENIMIENTO DE CUENTA;1
3733;102;5035;BANCO SANTANDER - INTERESES POR PRESTAMOS;BANCO SANTANDER - INTERESES POR PRESTAMOS;1
3734;102;5038;BANCO GALICIA - INTERESES POR PRESTAMOS;BANCO GALICIA - INTERESES POR PRESTAMOS;1
3735;102;5041;BBVA FRANCES - INTERESES POR PRESTAMOS;BBVA FRANCES - INTERESES POR PRESTAMOS;1
3736;102;5044;BANCO CREDICOOP- INTERESES POR PRESTAMOS;BANCO CREDICOOP- INTERESES POR PRESTAMOS;1
3737;102;5047;BANCO HSBC - INTERESES POR PRESTAMOS;BANCO HSBC - INTERESES POR PRESTAMOS;1
3738;102;5050;BANCO PATAGONIA- INTERESES POR PRESTAMOS;BANCO PATAGONIA- INTERESES POR PRESTAMOS;1
3739;102;1050;RODADOS - BIENES DE USO;RODADOS - BIENES DE USO;1
3740;102;1051;MUEBLES Y UTILES - BIENES DE USO;MUEBLES Y UTILES - BIENES DE USO;1
3741;102;1052;MAQUINARIA - BIENES DE USO;MAQUINARIA - BIENES DE USO;1
3742;102;1053;INMUEBLES - BIENES DE USO;INMUEBLES - BIENES DE USO;1
3743;102;5020;RODADOS - GASTOS DE MANTENIMIENTO;RODADOS - GASTOS DE MANTENIMIENTO;1
3744;102;5021;MUEBLES Y UTILES - GASTOS DE MANTENIMIENTO;MUEBLES Y UTILES - GASTOS DE MANTENIMIENTO;1
3745;102;5022;MAQUINARIA - GASTOS DE MANTENIMIENTO;MAQUINARIA - GASTOS DE MANTENIMIENTO;1
3746;102;5023;INMUEBLES - GASTOS DE MANTENIMIENTO;INMUEBLES - GASTOS DE MANTENIMIENTO;1
3747;102;5024;COMPRA DE BIENES USADOS A CF;COMPRA DE BIENES USADOS A CF;1
3748;102;1059;INSTALACIONES - BIENES DE USO;INSTALACIONES - BIENES DE USO;1
3749;102;5025;INSTALACIONES - GASTOS DE MANTENIMIENTO;INSTALACIONES - GASTOS DE MANTENIMIENTO;1
3750;102;5004;SERVICIOS Y TASAS;SERVICIOS Y TASAS;1
3765;104;4000;VENTAS;VENTAS;1
3766;104;5000;COMPRAS;COMPRAS;1
3767;104;5001;COMISION TARJETAS DE CREDITO;COMISION TARJETAS DE CREDITO;1
3768;104;5002;COMBUSTIBLES Y LUBRICANTES;COMBUSTIBLES Y LUBRICANTES;1
3769;104;5003;FLETES Y CORREO;FLETES Y CORREO;1
3770;104;5005;LIBRERIA Y PAPELERIA;LIBRERIA Y PAPELERIA;1
3771;104;5006;HONORARIOS PROFESIONALES;HONORARIOS PROFESIONALES;1
3772;104;5007;ALQUILERES PAGADOS;ALQUILERES PAGADOS;1
3773;104;5008;SEGUROS PAGADOS;SEGUROS PAGADOS;1
3774;104;5010;GASTOS GENERALES;GASTOS GENERALES;1
3775;104;5011;SERVICISO INFORMATICOS;SERVICIOS INFORMATICOS;1
3776;104;5012;CANON;CANON;1
3777;104;5013;SERVICIOS JURIDICOS;SERVICIOS JURIDICOS;1
3778;104;5030;BANCO NACION - INTERES POR DESCUBIERTO;BANCO NACION - INTERES POR DESCUBIERTO;1
3779;104;5009;INTERESES BANCARIOS;INTERESES BANCARIOS;1
3780;104;5031;BANCO NACION - GASTOS DE MANTENIMIENTO DE CUENTA;BANCO NACION - GASTOS DE MANTENIMIENTO DE CUENTA;1
3781;104;5032;BANCO NACION - INTERESES POR PRESTAMOS;BANCO NACION - INTERESES POR PRESTAMOS;1
3782;104;5033;BANCO SANTANDER - INTERES POR DESCUBIERTO;BANCO SANTANDER - INTERES POR DESCUBIERTO;1
3783;104;5036;BANCO GALICIA - INTERES POR DESCUBIERTO;BANCO GALICIA - INTERES POR DESCUBIERTO;1
3784;104;5039;BBVA FRANCES - INTERES POR DESCUBIERTO;BBVA FRANCES - INTERES POR DESCUBIERTO;1
3785;104;5042;BANCO CREDICOOP - INTERES POR DESCUBIERTO;BANCO CREDICOOP - INTERES POR DESCUBIERTO;1
3786;104;5045;BANCO HSBC - INTERES POR DESCUBIERTO;BANCO HSBC - INTERES POR DESCUBIERTO;1
3787;104;5048;BANCO PATAGONIA - INTERES POR DESCUBIERTO;BANCO PATAGONIA - INTERES POR DESCUBIERTO;1
3788;104;5034;BANCO SANTANDER - GASTOS DE MANTENIMIENTO DE CUENTA;BANCO SANTANDER - GASTOS DE MANTENIMIENTO DE CUENTA;1
3789;104;5037;BANCO GALICIA - GASTOS DE MANTENIMIENTO DE CUENTA;BANCO GALICIA - GASTOS DE MANTENIMIENTO DE CUENTA;1
3790;104;5043;BANCO CREDICOOP - GASTOS DE MANTENIMIENTO DE CUENTA;BANCO CREDICOOP - GASTOS DE MANTENIMIENTO DE CUENTA;1
3791;104;5046;BANCO HSBC - GASTOS DE MANTENIMIENTO DE CUENTA;BANCO HSBC - GASTOS DE MANTENIMIENTO DE CUENTA;1
3792;104;5049;BANCO PATAGONIA - GASTOS DE MANTENIMIENTO DE CUENTA;BANCO PATAGONIA - GASTOS DE MANTENIMIENTO DE CUENTA;1
3793;104;5035;BANCO SANTANDER - INTERESES POR PRESTAMOS;BANCO SANTANDER - INTERESES POR PRESTAMOS;1
3794;104;5038;BANCO GALICIA - INTERESES POR PRESTAMOS;BANCO GALICIA - INTERESES POR PRESTAMOS;1
3795;104;5041;BBVA FRANCES - INTERESES POR PRESTAMOS;BBVA FRANCES - INTERESES POR PRESTAMOS;1
3796;104;5044;BANCO CREDICOOP- INTERESES POR PRESTAMOS;BANCO CREDICOOP- INTERESES POR PRESTAMOS;1
3797;104;5047;BANCO HSBC - INTERESES POR PRESTAMOS;BANCO HSBC - INTERESES POR PRESTAMOS;1
3798;104;5050;BANCO PATAGONIA- INTERESES POR PRESTAMOS;BANCO PATAGONIA- INTERESES POR PRESTAMOS;1
3799;104;1050;RODADOS - BIENES DE USO;RODADOS - BIENES DE USO;1
3800;104;1051;MUEBLES Y UTILES - BIENES DE USO;MUEBLES Y UTILES - BIENES DE USO;1
3801;104;1052;MAQUINARIA - BIENES DE USO;MAQUINARIA - BIENES DE USO;1
3802;104;1053;INMUEBLES - BIENES DE USO;INMUEBLES - BIENES DE USO;1
3803;104;5020;RODADOS - GASTOS DE MANTENIMIENTO;RODADOS - GASTOS DE MANTENIMIENTO;1
3804;104;5021;MUEBLES Y UTILES - GASTOS DE MANTENIMIENTO;MUEBLES Y UTILES - GASTOS DE MANTENIMIENTO;1
3805;104;5022;MAQUINARIA - GASTOS DE MANTENIMIENTO;MAQUINARIA - GASTOS DE MANTENIMIENTO;1
3806;104;5023;INMUEBLES - GASTOS DE MANTENIMIENTO;INMUEBLES - GASTOS DE MANTENIMIENTO;1
3807;104;5024;COMPRA DE BIENES USADOS A CF;COMPRA DE BIENES USADOS A CF;1
3808;104;1059;INSTALACIONES - BIENES DE USO;INSTALACIONES - BIENES DE USO;1
3809;104;5025;INSTALACIONES - GASTOS DE MANTENIMIENTO;INSTALACIONES - GASTOS DE MANTENIMIENTO;1
3810;104;5004;SERVICIOS Y TASAS;SERVICIOS Y TASAS;1
3825;107;4000;VENTAS;VENTAS;1
3826;107;5000;COMPRAS;COMPRAS;1
3827;107;5001;COMISION TARJETAS DE CREDITO;COMISION TARJETAS DE CREDITO;1
3828;107;5002;COMBUSTIBLES Y LUBRICANTES;COMBUSTIBLES Y LUBRICANTES;1
3829;107;5003;FLETES Y CORREO;FLETES Y CORREO;1
3830;107;5005;LIBRERIA Y PAPELERIA;LIBRERIA Y PAPELERIA;1
3831;107;5006;HONORARIOS PROFESIONALES;HONORARIOS PROFESIONALES;1
3832;107;5007;ALQUILERES PAGADOS;ALQUILERES PAGADOS;1
3833;107;5008;SEGUROS PAGADOS;SEGUROS PAGADOS;1
3834;107;5010;GASTOS GENERALES;GASTOS GENERALES;1
3835;107;5011;SERVICISO INFORMATICOS;SERVICIOS INFORMATICOS;1
3836;107;5012;CANON;CANON;1
3837;107;5013;SERVICIOS JURIDICOS;SERVICIOS JURIDICOS;1
3838;107;5030;BANCO NACION - INTERES POR DESCUBIERTO;BANCO NACION - INTERES POR DESCUBIERTO;1
3839;107;5009;INTERESES BANCARIOS;INTERESES BANCARIOS;1
3840;107;5031;BANCO NACION - GASTOS DE MANTENIMIENTO DE CUENTA;BANCO NACION - GASTOS DE MANTENIMIENTO DE CUENTA;1
3841;107;5032;BANCO NACION - INTERESES POR PRESTAMOS;BANCO NACION - INTERESES POR PRESTAMOS;1
3842;107;5033;BANCO SANTANDER - INTERES POR DESCUBIERTO;BANCO SANTANDER - INTERES POR DESCUBIERTO;1
3843;107;5036;BANCO GALICIA - INTERES POR DESCUBIERTO;BANCO GALICIA - INTERES POR DESCUBIERTO;1
3844;107;5039;BBVA FRANCES - INTERES POR DESCUBIERTO;BBVA FRANCES - INTERES POR DESCUBIERTO;1
3845;107;5042;BANCO CREDICOOP - INTERES POR DESCUBIERTO;BANCO CREDICOOP - INTERES POR DESCUBIERTO;1
3846;107;5045;BANCO HSBC - INTERES POR DESCUBIERTO;BANCO HSBC - INTERES POR DESCUBIERTO;1
3847;107;5048;BANCO PATAGONIA - INTERES POR DESCUBIERTO;BANCO PATAGONIA - INTERES POR DESCUBIERTO;1
3848;107;5034;BANCO SANTANDER - GASTOS DE MANTENIMIENTO DE CUENTA;BANCO SANTANDER - GASTOS DE MANTENIMIENTO DE CUENTA;1
3849;107;5037;BANCO GALICIA - GASTOS DE MANTENIMIENTO DE CUENTA;BANCO GALICIA - GASTOS DE MANTENIMIENTO DE CUENTA;1
3850;107;5043;BANCO CREDICOOP - GASTOS DE MANTENIMIENTO DE CUENTA;BANCO CREDICOOP - GASTOS DE MANTENIMIENTO DE CUENTA;1
3851;107;5046;BANCO HSBC - GASTOS DE MANTENIMIENTO DE CUENTA;BANCO HSBC - GASTOS DE MANTENIMIENTO DE CUENTA;1
3852;107;5049;BANCO PATAGONIA - GASTOS DE MANTENIMIENTO DE CUENTA;BANCO PATAGONIA - GASTOS DE MANTENIMIENTO DE CUENTA;1
3853;107;5035;BANCO SANTANDER - INTERESES POR PRESTAMOS;BANCO SANTANDER - INTERESES POR PRESTAMOS;1
3854;107;5038;BANCO GALICIA - INTERESES POR PRESTAMOS;BANCO GALICIA - INTERESES POR PRESTAMOS;1
3855;107;5041;BBVA FRANCES - INTERESES POR PRESTAMOS;BBVA FRANCES - INTERESES POR PRESTAMOS;1
3856;107;5044;BANCO CREDICOOP- INTERESES POR PRESTAMOS;BANCO CREDICOOP- INTERESES POR PRESTAMOS;1
3857;107;5047;BANCO HSBC - INTERESES POR PRESTAMOS;BANCO HSBC - INTERESES POR PRESTAMOS;1
3858;107;5050;BANCO PATAGONIA- INTERESES POR PRESTAMOS;BANCO PATAGONIA- INTERESES POR PRESTAMOS;1
3859;107;1050;RODADOS - BIENES DE USO;RODADOS - BIENES DE USO;1
3860;107;1051;MUEBLES Y UTILES - BIENES DE USO;MUEBLES Y UTILES - BIENES DE USO;1
3861;107;1052;MAQUINARIA - BIENES DE USO;MAQUINARIA - BIENES DE USO;1
3862;107;1053;INMUEBLES - BIENES DE USO;INMUEBLES - BIENES DE USO;1
3863;107;5020;RODADOS - GASTOS DE MANTENIMIENTO;RODADOS - GASTOS DE MANTENIMIENTO;1
3864;107;5021;MUEBLES Y UTILES - GASTOS DE MANTENIMIENTO;MUEBLES Y UTILES - GASTOS DE MANTENIMIENTO;1
3865;107;5022;MAQUINARIA - GASTOS DE MANTENIMIENTO;MAQUINARIA - GASTOS DE MANTENIMIENTO;1
3867;107;5024;COMPRA DE BIENES USADOS A CF;COMPRA DE BIENES USADOS A CF;1
3868;107;1059;INSTALACIONES - BIENES DE USO;INSTALACIONES - BIENES DE USO;1
3869;107;5025;INSTALACIONES - GASTOS DE MANTENIMIENTO;INSTALACIONES - GASTOS DE MANTENIMIENTO;1
3870;107;5004;SERVICIOS Y TASAS;SERVICIOS Y TASAS;1
3885;109;4000;VENTAS;VENTAS;1
3886;109;5000;COMPRAS;COMPRAS;1
3887;109;5001;COMISION TARJETAS DE CREDITO;COMISION TARJETAS DE CREDITO;1
3888;109;5002;COMBUSTIBLES Y LUBRICANTES;COMBUSTIBLES Y LUBRICANTES;1
3889;109;5003;FLETES Y CORREO;FLETES Y CORREO;1
3890;109;5005;LIBRERIA Y PAPELERIA;LIBRERIA Y PAPELERIA;1
3891;109;5006;HONORARIOS PROFESIONALES;HONORARIOS PROFESIONALES;1
3892;109;5007;ALQUILERES PAGADOS;ALQUILERES PAGADOS;1
3893;109;5008;SEGUROS PAGADOS;SEGUROS PAGADOS;1
3894;109;5010;GASTOS GENERALES;GASTOS GENERALES;1
3895;109;5011;SERVICISO INFORMATICOS;SERVICIOS INFORMATICOS;1
3896;109;5012;CANON;CANON;1
3897;109;5013;SERVICIOS JURIDICOS;SERVICIOS JURIDICOS;1
3898;109;5030;BANCO NACION - INTERES POR DESCUBIERTO;BANCO NACION - INTERES POR DESCUBIERTO;1
3899;109;5009;INTERESES BANCARIOS;INTERESES BANCARIOS;1
3900;109;5031;BANCO NACION - GASTOS DE MANTENIMIENTO DE CUENTA;BANCO NACION - GASTOS DE MANTENIMIENTO DE CUENTA;1
3901;109;5032;BANCO NACION - INTERESES POR PRESTAMOS;BANCO NACION - INTERESES POR PRESTAMOS;1
3902;109;5033;BANCO SANTANDER - INTERES POR DESCUBIERTO;BANCO SANTANDER - INTERES POR DESCUBIERTO;1
3903;109;5036;BANCO GALICIA - INTERES POR DESCUBIERTO;BANCO GALICIA - INTERES POR DESCUBIERTO;1
3904;109;5039;BBVA FRANCES - INTERES POR DESCUBIERTO;BBVA FRANCES - INTERES POR DESCUBIERTO;1
3905;109;5042;BANCO CREDICOOP - INTERES POR DESCUBIERTO;BANCO CREDICOOP - INTERES POR DESCUBIERTO;1
3906;109;5045;BANCO HSBC - INTERES POR DESCUBIERTO;BANCO HSBC - INTERES POR DESCUBIERTO;1
3907;109;5048;BANCO PATAGONIA - INTERES POR DESCUBIERTO;BANCO PATAGONIA - INTERES POR DESCUBIERTO;1
3908;109;5034;BANCO SANTANDER - GASTOS DE MANTENIMIENTO DE CUENTA;BANCO SANTANDER - GASTOS DE MANTENIMIENTO DE CUENTA;1
3909;109;5037;BANCO GALICIA - GASTOS DE MANTENIMIENTO DE CUENTA;BANCO GALICIA - GASTOS DE MANTENIMIENTO DE CUENTA;1
3910;109;5043;BANCO CREDICOOP - GASTOS DE MANTENIMIENTO DE CUENTA;BANCO CREDICOOP - GASTOS DE MANTENIMIENTO DE CUENTA;1
3911;109;5046;BANCO HSBC - GASTOS DE MANTENIMIENTO DE CUENTA;BANCO HSBC - GASTOS DE MANTENIMIENTO DE CUENTA;1
3912;109;5049;BANCO PATAGONIA - GASTOS DE MANTENIMIENTO DE CUENTA;BANCO PATAGONIA - GASTOS DE MANTENIMIENTO DE CUENTA;1
3913;109;5035;BANCO SANTANDER - INTERESES POR PRESTAMOS;BANCO SANTANDER - INTERESES POR PRESTAMOS;1
3914;109;5038;BANCO GALICIA - INTERESES POR PRESTAMOS;BANCO GALICIA - INTERESES POR PRESTAMOS;1
3915;109;5041;BBVA FRANCES - INTERESES POR PRESTAMOS;BBVA FRANCES - INTERESES POR PRESTAMOS;1
3916;109;5044;BANCO CREDICOOP- INTERESES POR PRESTAMOS;BANCO CREDICOOP- INTERESES POR PRESTAMOS;1
3917;109;5047;BANCO HSBC - INTERESES POR PRESTAMOS;BANCO HSBC - INTERESES POR PRESTAMOS;1
3918;109;5050;BANCO PATAGONIA- INTERESES POR PRESTAMOS;BANCO PATAGONIA- INTERESES POR PRESTAMOS;1
3919;109;1050;RODADOS - BIENES DE USO;RODADOS - BIENES DE USO;1
3920;109;1051;MUEBLES Y UTILES - BIENES DE USO;MUEBLES Y UTILES - BIENES DE USO;1
3921;109;1052;MAQUINARIA - BIENES DE USO;MAQUINARIA - BIENES DE USO;1
3922;109;1053;INMUEBLES - BIENES DE USO;INMUEBLES - BIENES DE USO;1
3923;109;5020;RODADOS - GASTOS DE MANTENIMIENTO;RODADOS - GASTOS DE MANTENIMIENTO;1
3924;109;5021;MUEBLES Y UTILES - GASTOS DE MANTENIMIENTO;MUEBLES Y UTILES - GASTOS DE MANTENIMIENTO;1
3925;109;5023;MAQUINARIA - GASTOS DE MANTENIMIENTO;MAQUINARIA - GASTOS DE MANTENIMIENTO;1
3926;109;5023;INMUEBLES - GASTOS DE MANTENIMIENTO;INMUEBLES - GASTOS DE MANTENIMIENTO;1
3927;109;5024;COMPRA DE BIENES USADOS A CF;COMPRA DE BIENES USADOS A CF;1
3928;109;1059;INSTALACIONES - BIENES DE USO;INSTALACIONES - BIENES DE USO;1
3929;109;5025;INSTALACIONES - GASTOS DE MANTENIMIENTO;INSTALACIONES - GASTOS DE MANTENIMIENTO;1
3930;109;5004;SERVICIOS Y TASAS;SERVICIOS Y TASAS;1
3945;110;4000;VENTAS;VENTAS;1
3946;110;5000;COMPRAS;COMPRAS;1
3947;110;5001;COMISION TARJETAS DE CREDITO;COMISION TARJETAS DE CREDITO;1
3948;110;5002;COMBUSTIBLES Y LUBRICANTES;COMBUSTIBLES Y LUBRICANTES;1
3949;110;5003;FLETES Y CORREO;FLETES Y CORREO;1
3950;110;5005;LIBRERIA Y PAPELERIA;LIBRERIA Y PAPELERIA;1
3951;110;5006;HONORARIOS PROFESIONALES;HONORARIOS PROFESIONALES;1
3952;110;5007;ALQUILERES PAGADOS;ALQUILERES PAGADOS;1
3953;110;5008;SEGUROS PAGADOS;SEGUROS PAGADOS;1
3954;110;5010;GASTOS GENERALES;GASTOS GENERALES;1
3955;110;5011;SERVICISO INFORMATICOS;SERVICIOS INFORMATICOS;1
3956;110;5012;CANON;CANON;1
3957;110;5013;SERVICIOS JURIDICOS;SERVICIOS JURIDICOS;1
3958;110;5030;BANCO NACION - INTERES POR DESCUBIERTO;BANCO NACION - INTERES POR DESCUBIERTO;1
3959;110;5009;INTERESES BANCARIOS;INTERESES BANCARIOS;1
3960;110;5031;BANCO NACION - GASTOS DE MANTENIMIENTO DE CUENTA;BANCO NACION - GASTOS DE MANTENIMIENTO DE CUENTA;1
3961;110;5032;BANCO NACION - INTERESES POR PRESTAMOS;BANCO NACION - INTERESES POR PRESTAMOS;1
3962;110;5033;BANCO SANTANDER - INTERES POR DESCUBIERTO;BANCO SANTANDER - INTERES POR DESCUBIERTO;1
3963;110;5036;BANCO GALICIA - INTERES POR DESCUBIERTO;BANCO GALICIA - INTERES POR DESCUBIERTO;1
3964;110;5039;BBVA FRANCES - INTERES POR DESCUBIERTO;BBVA FRANCES - INTERES POR DESCUBIERTO;1
3965;110;5042;BANCO CREDICOOP - INTERES POR DESCUBIERTO;BANCO CREDICOOP - INTERES POR DESCUBIERTO;1
3966;110;5045;BANCO HSBC - INTERES POR DESCUBIERTO;BANCO HSBC - INTERES POR DESCUBIERTO;1
3967;110;5048;BANCO PATAGONIA - INTERES POR DESCUBIERTO;BANCO PATAGONIA - INTERES POR DESCUBIERTO;1
3968;110;5034;BANCO SANTANDER - GASTOS DE MANTENIMIENTO DE CUENTA;BANCO SANTANDER - GASTOS DE MANTENIMIENTO DE CUENTA;1
3969;110;5037;BANCO GALICIA - GASTOS DE MANTENIMIENTO DE CUENTA;BANCO GALICIA - GASTOS DE MANTENIMIENTO DE CUENTA;1
3970;110;5043;BANCO CREDICOOP - GASTOS DE MANTENIMIENTO DE CUENTA;BANCO CREDICOOP - GASTOS DE MANTENIMIENTO DE CUENTA;1
3971;110;5046;BANCO HSBC - GASTOS DE MANTENIMIENTO DE CUENTA;BANCO HSBC - GASTOS DE MANTENIMIENTO DE CUENTA;1
3972;110;5049;BANCO PATAGONIA - GASTOS DE MANTENIMIENTO DE CUENTA;BANCO PATAGONIA - GASTOS DE MANTENIMIENTO DE CUENTA;1
3973;110;5035;BANCO SANTANDER - INTERESES POR PRESTAMOS;BANCO SANTANDER - INTERESES POR PRESTAMOS;1
3974;110;5038;BANCO GALICIA - INTERESES POR PRESTAMOS;BANCO GALICIA - INTERESES POR PRESTAMOS;1
3975;110;5041;BBVA FRANCES - INTERESES POR PRESTAMOS;BBVA FRANCES - INTERESES POR PRESTAMOS;1
3976;110;5044;BANCO CREDICOOP- INTERESES POR PRESTAMOS;BANCO CREDICOOP- INTERESES POR PRESTAMOS;1
3977;110;5047;BANCO HSBC - INTERESES POR PRESTAMOS;BANCO HSBC - INTERESES POR PRESTAMOS;1
3978;110;5050;BANCO PATAGONIA- INTERESES POR PRESTAMOS;BANCO PATAGONIA- INTERESES POR PRESTAMOS;1
3979;110;1050;RODADOS - BIENES DE USO;RODADOS - BIENES DE USO;1
3980;110;1051;MUEBLES Y UTILES - BIENES DE USO;MUEBLES Y UTILES - BIENES DE USO;1
3981;110;1052;MAQUINARIA - BIENES DE USO;MAQUINARIA - BIENES DE USO;1
3982;110;1053;INMUEBLES - BIENES DE USO;INMUEBLES - BIENES DE USO;1
3983;110;5020;RODADOS - GASTOS DE MANTENIMIENTO;RODADOS - GASTOS DE MANTENIMIENTO;1
3984;110;5021;MUEBLES Y UTILES - GASTOS DE MANTENIMIENTO;MUEBLES Y UTILES - GASTOS DE MANTENIMIENTO;1
3985;110;5022;MAQUINARIA - GASTOS DE MANTENIMIENTO;MAQUINARIA - GASTOS DE MANTENIMIENTO;1
3986;110;5023;INMUEBLES - GASTOS DE MANTENIMIENTO;INMUEBLES - GASTOS DE MANTENIMIENTO;1
3987;110;5024;COMPRA DE BIENES USADOS A CF;COMPRA DE BIENES USADOS A CF;1
3988;110;1059;INSTALACIONES - BIENES DE USO;INSTALACIONES - BIENES DE USO;1
3989;110;5025;INSTALACIONES - GASTOS DE MANTENIMIENTO;INSTALACIONES - GASTOS DE MANTENIMIENTO;1
3990;110;5004;SERVICIOS Y TASAS;SERVICIOS Y TASAS;1
4005;108;4000;VENTAS;VENTAS;1
4006;108;5000;COMPRAS;COMPRAS;1
4007;108;5001;COMISION TARJETAS DE CREDITO;COMISION TARJETAS DE CREDITO;1
4008;108;5002;COMBUSTIBLES Y LUBRICANTES;COMBUSTIBLES Y LUBRICANTES;1
4009;108;5003;FLETES Y CORREO;FLETES Y CORREO;1
4010;108;5005;LIBRERIA Y PAPELERIA;LIBRERIA Y PAPELERIA;1
4011;108;5006;HONORARIOS PROFESIONALES;HONORARIOS PROFESIONALES;1
4012;108;5007;ALQUILERES PAGADOS;ALQUILERES PAGADOS;1
4013;108;5008;SEGUROS PAGADOS;SEGUROS PAGADOS;1
4014;108;5010;GASTOS GENERALES;GASTOS GENERALES;1
4015;108;5011;SERVICISO INFORMATICOS;SERVICIOS INFORMATICOS;1
4016;108;5012;CANON;CANON;1
4017;108;5013;SERVICIOS JURIDICOS;SERVICIOS JURIDICOS;1
4018;108;5030;BANCO NACION - INTERES POR DESCUBIERTO;BANCO NACION - INTERES POR DESCUBIERTO;1
4019;108;5009;INTERESES BANCARIOS;INTERESES BANCARIOS;1
4020;108;5031;BANCO NACION - GASTOS DE MANTENIMIENTO DE CUENTA;BANCO NACION - GASTOS DE MANTENIMIENTO DE CUENTA;1
4021;108;5032;BANCO NACION - INTERESES POR PRESTAMOS;BANCO NACION - INTERESES POR PRESTAMOS;1
4022;108;5033;BANCO SANTANDER - INTERES POR DESCUBIERTO;BANCO SANTANDER - INTERES POR DESCUBIERTO;1
4023;108;5036;BANCO GALICIA - INTERES POR DESCUBIERTO;BANCO GALICIA - INTERES POR DESCUBIERTO;1
4024;108;5039;BBVA FRANCES - INTERES POR DESCUBIERTO;BBVA FRANCES - INTERES POR DESCUBIERTO;1
4025;108;5042;BANCO CREDICOOP - INTERES POR DESCUBIERTO;BANCO CREDICOOP - INTERES POR DESCUBIERTO;1
4026;108;5045;BANCO HSBC - INTERES POR DESCUBIERTO;BANCO HSBC - INTERES POR DESCUBIERTO;1
4027;108;5048;BANCO PATAGONIA - INTERES POR DESCUBIERTO;BANCO PATAGONIA - INTERES POR DESCUBIERTO;1
4028;108;5034;BANCO SANTANDER - GASTOS DE MANTENIMIENTO DE CUENTA;BANCO SANTANDER - GASTOS DE MANTENIMIENTO DE CUENTA;1
4029;108;5037;BANCO GALICIA - GASTOS DE MANTENIMIENTO DE CUENTA;BANCO GALICIA - GASTOS DE MANTENIMIENTO DE CUENTA;1
4030;108;5043;BANCO CREDICOOP - GASTOS DE MANTENIMIENTO DE CUENTA;BANCO CREDICOOP - GASTOS DE MANTENIMIENTO DE CUENTA;1
4031;108;5046;BANCO HSBC - GASTOS DE MANTENIMIENTO DE CUENTA;BANCO HSBC - GASTOS DE MANTENIMIENTO DE CUENTA;1
4032;108;5049;BANCO PATAGONIA - GASTOS DE MANTENIMIENTO DE CUENTA;BANCO PATAGONIA - GASTOS DE MANTENIMIENTO DE CUENTA;1
4033;108;5035;BANCO SANTANDER - INTERESES POR PRESTAMOS;BANCO SANTANDER - INTERESES POR PRESTAMOS;1
4034;108;5038;BANCO GALICIA - INTERESES POR PRESTAMOS;BANCO GALICIA - INTERESES POR PRESTAMOS;1
4035;108;5041;BBVA FRANCES - INTERESES POR PRESTAMOS;BBVA FRANCES - INTERESES POR PRESTAMOS;1
4036;108;5044;BANCO CREDICOOP- INTERESES POR PRESTAMOS;BANCO CREDICOOP- INTERESES POR PRESTAMOS;1
4037;108;5047;BANCO HSBC - INTERESES POR PRESTAMOS;BANCO HSBC - INTERESES POR PRESTAMOS;1
4038;108;5050;BANCO PATAGONIA- INTERESES POR PRESTAMOS;BANCO PATAGONIA- INTERESES POR PRESTAMOS;1
4039;108;1050;RODADOS - BIENES DE USO;RODADOS - BIENES DE USO;1
4040;108;1051;MUEBLES Y UTILES - BIENES DE USO;MUEBLES Y UTILES - BIENES DE USO;1
4041;108;1052;MAQUINARIA - BIENES DE USO;MAQUINARIA - BIENES DE USO;1
4042;108;1053;INMUEBLES - BIENES DE USO;INMUEBLES - BIENES DE USO;1
4043;108;5020;RODADOS - GASTOS DE MANTENIMIENTO;RODADOS - GASTOS DE MANTENIMIENTO;1
4044;108;5021;MUEBLES Y UTILES - GASTOS DE MANTENIMIENTO;MUEBLES Y UTILES - GASTOS DE MANTENIMIENTO;1
4045;108;5022;MAQUINARIA - GASTOS DE MANTENIMIENTO;MAQUINARIA - GASTOS DE MANTENIMIENTO;1
4046;108;5023;INMUEBLES - GASTOS DE MANTENIMIENTO;INMUEBLES - GASTOS DE MANTENIMIENTO;1
4047;108;5024;COMPRA DE BIENES USADOS A CF;COMPRA DE BIENES USADOS A CF;1
4048;108;1059;INSTALACIONES - BIENES DE USO;INSTALACIONES - BIENES DE USO;1
4049;108;5025;INSTALACIONES - GASTOS DE MANTENIMIENTO;INSTALACIONES - GASTOS DE MANTENIMIENTO;1
4050;108;5004;SERVICIOS Y TASAS;SERVICIOS Y TASAS;1
4065;92;4000;VENTAS;VENTAS;1
4066;92;5000;COMPRAS;COMPRAS;1
4067;92;5001;COMISION TARJETAS DE CREDITO;COMISION TARJETAS DE CREDITO;1
4068;92;5002;COMBUSTIBLES Y LUBRICANTES;COMBUSTIBLES Y LUBRICANTES;1
4069;92;5003;FLETES Y CORREO;FLETES Y CORREO;1
4070;92;5005;LIBRERIA Y PAPELERIA;LIBRERIA Y PAPELERIA;1
4071;92;5006;HONORARIOS PROFESIONALES;HONORARIOS PROFESIONALES;1
4072;92;5007;ALQUILERES PAGADOS;ALQUILERES PAGADOS;1
4073;92;5008;SEGUROS PAGADOS;SEGUROS PAGADOS;1
4074;92;5010;GASTOS GENERALES;GASTOS GENERALES;1
4075;92;5011;SERVICISO INFORMATICOS;SERVICIOS INFORMATICOS;1
4076;92;5012;CANON;CANON;1
4077;92;5013;SERVICIOS JURIDICOS;SERVICIOS JURIDICOS;1
4078;92;5030;BANCO NACION - INTERES POR DESCUBIERTO;BANCO NACION - INTERES POR DESCUBIERTO;1
4079;92;5009;INTERESES BANCARIOS;INTERESES BANCARIOS;1
4080;92;5031;BANCO NACION - GASTOS DE MANTENIMIENTO DE CUENTA;BANCO NACION - GASTOS DE MANTENIMIENTO DE CUENTA;1
4081;92;5032;BANCO NACION - INTERESES POR PRESTAMOS;BANCO NACION - INTERESES POR PRESTAMOS;1
4082;92;5033;BANCO SANTANDER - INTERES POR DESCUBIERTO;BANCO SANTANDER - INTERES POR DESCUBIERTO;1
4083;92;5036;BANCO GALICIA - INTERES POR DESCUBIERTO;BANCO GALICIA - INTERES POR DESCUBIERTO;1
4084;92;5039;BBVA FRANCES - INTERES POR DESCUBIERTO;BBVA FRANCES - INTERES POR DESCUBIERTO;1
4085;92;5042;BANCO CREDICOOP - INTERES POR DESCUBIERTO;BANCO CREDICOOP - INTERES POR DESCUBIERTO;1
4086;92;5045;BANCO HSBC - INTERES POR DESCUBIERTO;BANCO HSBC - INTERES POR DESCUBIERTO;1
4087;92;5048;BANCO PATAGONIA - INTERES POR DESCUBIERTO;BANCO PATAGONIA - INTERES POR DESCUBIERTO;1
4088;92;5034;BANCO SANTANDER - GASTOS DE MANTENIMIENTO DE CUENTA;BANCO SANTANDER - GASTOS DE MANTENIMIENTO DE CUENTA;1
4089;92;5037;BANCO GALICIA - GASTOS DE MANTENIMIENTO DE CUENTA;BANCO GALICIA - GASTOS DE MANTENIMIENTO DE CUENTA;1
4090;92;5043;BANCO CREDICOOP - GASTOS DE MANTENIMIENTO DE CUENTA;BANCO CREDICOOP - GASTOS DE MANTENIMIENTO DE CUENTA;1
4091;92;5046;BANCO HSBC - GASTOS DE MANTENIMIENTO DE CUENTA;BANCO HSBC - GASTOS DE MANTENIMIENTO DE CUENTA;1
4092;92;5049;BANCO PATAGONIA - GASTOS DE MANTENIMIENTO DE CUENTA;BANCO PATAGONIA - GASTOS DE MANTENIMIENTO DE CUENTA;1
4093;92;5035;BANCO SANTANDER - INTERESES POR PRESTAMOS;BANCO SANTANDER - INTERESES POR PRESTAMOS;1
4094;92;5038;BANCO GALICIA - INTERESES POR PRESTAMOS;BANCO GALICIA - INTERESES POR PRESTAMOS;1
4095;92;5041;BBVA FRANCES - INTERESES POR PRESTAMOS;BBVA FRANCES - INTERESES POR PRESTAMOS;1
4096;92;5044;BANCO CREDICOOP- INTERESES POR PRESTAMOS;BANCO CREDICOOP- INTERESES POR PRESTAMOS;1
4097;92;5047;BANCO HSBC - INTERESES POR PRESTAMOS;BANCO HSBC - INTERESES POR PRESTAMOS;1
4098;92;5050;BANCO PATAGONIA- INTERESES POR PRESTAMOS;BANCO PATAGONIA- INTERESES POR PRESTAMOS;1
4099;92;1050;RODADOS - BIENES DE USO;RODADOS - BIENES DE USO;1
4100;92;1051;MUEBLES Y UTILES - BIENES DE USO;MUEBLES Y UTILES - BIENES DE USO;1
4101;92;1052;MAQUINARIA - BIENES DE USO;MAQUINARIA - BIENES DE USO;1
4102;92;1053;INMUEBLES - BIENES DE USO;INMUEBLES - BIENES DE USO;1
4103;92;5020;RODADOS - GASTOS DE MANTENIMIENTO;RODADOS - GASTOS DE MANTENIMIENTO;1
4104;92;5021;MUEBLES Y UTILES - GASTOS DE MANTENIMIENTO;MUEBLES Y UTILES - GASTOS DE MANTENIMIENTO;1
4105;92;5022;MAQUINARIA - GASTOS DE MANTENIMIENTO;MAQUINARIA - GASTOS DE MANTENIMIENTO;1
4106;92;5023;INMUEBLES - GASTOS DE MANTENIMIENTO;INMUEBLES - GASTOS DE MANTENIMIENTO;1
4107;92;5024;COMPRA DE BIENES USADOS A CF;COMPRA DE BIENES USADOS A CF;1
4108;92;1059;INSTALACIONES - BIENES DE USO;INSTALACIONES - BIENES DE USO;1
4109;92;5025;INSTALACIONES - GASTOS DE MANTENIMIENTO;INSTALACIONES - GASTOS DE MANTENIMIENTO;1
4110;92;5004;SERVICIOS Y TASAS;SERVICIOS Y TASAS;1
4125;111;4000;VENTAS;VENTAS;1
4126;111;5000;COMPRAS;COMPRAS;1
4127;111;5001;COMISION TARJETAS DE CREDITO;COMISION TARJETAS DE CREDITO;1
4128;111;5002;COMBUSTIBLES Y LUBRICANTES;COMBUSTIBLES Y LUBRICANTES;1
4129;111;5003;FLETES Y CORREO;FLETES Y CORREO;1
4130;111;5005;LIBRERIA Y PAPELERIA;LIBRERIA Y PAPELERIA;1
4131;111;5006;HONORARIOS PROFESIONALES;HONORARIOS PROFESIONALES;1
4132;111;5007;ALQUILERES PAGADOS;ALQUILERES PAGADOS;1
4133;111;5008;SEGUROS PAGADOS;SEGUROS PAGADOS;1
4134;111;5010;GASTOS GENERALES;GASTOS GENERALES;1
4135;111;5011;SERVICISO INFORMATICOS;SERVICIOS INFORMATICOS;1
4136;111;5012;CANON;CANON;1
4137;111;5013;SERVICIOS JURIDICOS;SERVICIOS JURIDICOS;1
4138;111;5030;BANCO NACION - INTERES POR DESCUBIERTO;BANCO NACION - INTERES POR DESCUBIERTO;1
4139;111;5009;INTERESES BANCARIOS;INTERESES BANCARIOS;1
4140;111;5031;BANCO NACION - GASTOS DE MANTENIMIENTO DE CUENTA;BANCO NACION - GASTOS DE MANTENIMIENTO DE CUENTA;1
4141;111;5032;BANCO NACION - INTERESES POR PRESTAMOS;BANCO NACION - INTERESES POR PRESTAMOS;1
4142;111;5033;BANCO SANTANDER - INTERES POR DESCUBIERTO;BANCO SANTANDER - INTERES POR DESCUBIERTO;1
4143;111;5036;BANCO GALICIA - INTERES POR DESCUBIERTO;BANCO GALICIA - INTERES POR DESCUBIERTO;1
4144;111;5039;BBVA FRANCES - INTERES POR DESCUBIERTO;BBVA FRANCES - INTERES POR DESCUBIERTO;1
4145;111;5042;BANCO CREDICOOP - INTERES POR DESCUBIERTO;BANCO CREDICOOP - INTERES POR DESCUBIERTO;1
4146;111;5045;BANCO HSBC - INTERES POR DESCUBIERTO;BANCO HSBC - INTERES POR DESCUBIERTO;1
4147;111;5048;BANCO PATAGONIA - INTERES POR DESCUBIERTO;BANCO PATAGONIA - INTERES POR DESCUBIERTO;1
4148;111;5034;BANCO SANTANDER - GASTOS DE MANTENIMIENTO DE CUENTA;BANCO SANTANDER - GASTOS DE MANTENIMIENTO DE CUENTA;1
4149;111;5037;BANCO GALICIA - GASTOS DE MANTENIMIENTO DE CUENTA;BANCO GALICIA - GASTOS DE MANTENIMIENTO DE CUENTA;1
4150;111;5043;BANCO CREDICOOP - GASTOS DE MANTENIMIENTO DE CUENTA;BANCO CREDICOOP - GASTOS DE MANTENIMIENTO DE CUENTA;1
4151;111;5046;BANCO HSBC - GASTOS DE MANTENIMIENTO DE CUENTA;BANCO HSBC - GASTOS DE MANTENIMIENTO DE CUENTA;1
4152;111;5049;BANCO PATAGONIA - GASTOS DE MANTENIMIENTO DE CUENTA;BANCO PATAGONIA - GASTOS DE MANTENIMIENTO DE CUENTA;1
4153;111;5035;BANCO SANTANDER - INTERESES POR PRESTAMOS;BANCO SANTANDER - INTERESES POR PRESTAMOS;1
4154;111;5038;BANCO GALICIA - INTERESES POR PRESTAMOS;BANCO GALICIA - INTERESES POR PRESTAMOS;1
4155;111;5041;BBVA FRANCES - INTERESES POR PRESTAMOS;BBVA FRANCES - INTERESES POR PRESTAMOS;1
4156;111;5044;BANCO CREDICOOP- INTERESES POR PRESTAMOS;BANCO CREDICOOP- INTERESES POR PRESTAMOS;1
4157;111;5047;BANCO HSBC - INTERESES POR PRESTAMOS;BANCO HSBC - INTERESES POR PRESTAMOS;1
4158;111;5050;BANCO PATAGONIA- INTERESES POR PRESTAMOS;BANCO PATAGONIA- INTERESES POR PRESTAMOS;1
4159;111;1050;RODADOS - BIENES DE USO;RODADOS - BIENES DE USO;1
4160;111;1051;MUEBLES Y UTILES - BIENES DE USO;MUEBLES Y UTILES - BIENES DE USO;1
4161;111;1052;MAQUINARIA - BIENES DE USO;MAQUINARIA - BIENES DE USO;1
4162;111;1053;INMUEBLES - BIENES DE USO;INMUEBLES - BIENES DE USO;1
4163;111;5020;RODADOS - GASTOS DE MANTENIMIENTO;RODADOS - GASTOS DE MANTENIMIENTO;1
4164;111;5021;MUEBLES Y UTILES - GASTOS DE MANTENIMIENTO;MUEBLES Y UTILES - GASTOS DE MANTENIMIENTO;1
4165;111;5022;MAQUINARIA - GASTOS DE MANTENIMIENTO;MAQUINARIA - GASTOS DE MANTENIMIENTO;1
4166;111;5023;INMUEBLES - GASTOS DE MANTENIMIENTO;INMUEBLES - GASTOS DE MANTENIMIENTO;1
4167;111;5024;COMPRA DE BIENES USADOS A CF;COMPRA DE BIENES USADOS A CF;1
4168;111;1059;INSTALACIONES - BIENES DE USO;INSTALACIONES - BIENES DE USO;1
4169;111;5025;INSTALACIONES - GASTOS DE MANTENIMIENTO;INSTALACIONES - GASTOS DE MANTENIMIENTO;1
4170;111;5004;SERVICIOS Y TASAS;SERVICIOS Y TASAS;1
4185;53;4000;VENTAS;VENTAS;1
4186;53;5000;COMPRAS;COMPRAS;1
4187;53;5001;COMISION TARJETAS DE CREDITO;COMISION TARJETAS DE CREDITO;1
4188;53;5002;COMBUSTIBLES Y LUBRICANTES;COMBUSTIBLES Y LUBRICANTES;1
4189;53;5003;FLETES Y CORREO;FLETES Y CORREO;1
4190;53;5005;LIBRERIA Y PAPELERIA;LIBRERIA Y PAPELERIA;1
4191;53;5006;HONORARIOS PROFESIONALES;HONORARIOS PROFESIONALES;1
4192;53;5007;ALQUILERES PAGADOS;ALQUILERES PAGADOS;1
4193;53;5008;SEGUROS PAGADOS;SEGUROS PAGADOS;1
4194;53;5010;GASTOS GENERALES;GASTOS GENERALES;1
4195;53;5011;SERVICISO INFORMATICOS;SERVICIOS INFORMATICOS;1
4196;53;5012;CANON;CANON;1
4197;53;5013;SERVICIOS JURIDICOS;SERVICIOS JURIDICOS;1
4198;53;5030;BANCO NACION - INTERES POR DESCUBIERTO;BANCO NACION - INTERES POR DESCUBIERTO;1
4199;53;5009;INTERESES BANCARIOS;INTERESES BANCARIOS;1
4200;53;5031;BANCO NACION - GASTOS DE MANTENIMIENTO DE CUENTA;BANCO NACION - GASTOS DE MANTENIMIENTO DE CUENTA;1
4201;53;5032;BANCO NACION - INTERESES POR PRESTAMOS;BANCO NACION - INTERESES POR PRESTAMOS;1
4202;53;5033;BANCO SANTANDER - INTERES POR DESCUBIERTO;BANCO SANTANDER - INTERES POR DESCUBIERTO;1
4203;53;5036;BANCO GALICIA - INTERES POR DESCUBIERTO;BANCO GALICIA - INTERES POR DESCUBIERTO;1
4204;53;5039;BBVA FRANCES - INTERES POR DESCUBIERTO;BBVA FRANCES - INTERES POR DESCUBIERTO;1
4205;53;5042;BANCO CREDICOOP - INTERES POR DESCUBIERTO;BANCO CREDICOOP - INTERES POR DESCUBIERTO;1
4206;53;5045;BANCO HSBC - INTERES POR DESCUBIERTO;BANCO HSBC - INTERES POR DESCUBIERTO;1
4207;53;5048;BANCO PATAGONIA - INTERES POR DESCUBIERTO;BANCO PATAGONIA - INTERES POR DESCUBIERTO;1
4208;53;5034;BANCO SANTANDER - GASTOS DE MANTENIMIENTO DE CUENTA;BANCO SANTANDER - GASTOS DE MANTENIMIENTO DE CUENTA;1
4209;53;5037;BANCO GALICIA - GASTOS DE MANTENIMIENTO DE CUENTA;BANCO GALICIA - GASTOS DE MANTENIMIENTO DE CUENTA;1
4210;53;5043;BANCO CREDICOOP - GASTOS DE MANTENIMIENTO DE CUENTA;BANCO CREDICOOP - GASTOS DE MANTENIMIENTO DE CUENTA;1
4211;53;5046;BANCO HSBC - GASTOS DE MANTENIMIENTO DE CUENTA;BANCO HSBC - GASTOS DE MANTENIMIENTO DE CUENTA;1
4212;53;5049;BANCO PATAGONIA - GASTOS DE MANTENIMIENTO DE CUENTA;BANCO PATAGONIA - GASTOS DE MANTENIMIENTO DE CUENTA;1
4213;53;5035;BANCO SANTANDER - INTERESES POR PRESTAMOS;BANCO SANTANDER - INTERESES POR PRESTAMOS;1
4214;53;5038;BANCO GALICIA - INTERESES POR PRESTAMOS;BANCO GALICIA - INTERESES POR PRESTAMOS;1
4215;53;5041;BBVA FRANCES - INTERESES POR PRESTAMOS;BBVA FRANCES - INTERESES POR PRESTAMOS;1
4216;53;5044;BANCO CREDICOOP- INTERESES POR PRESTAMOS;BANCO CREDICOOP- INTERESES POR PRESTAMOS;1
4217;53;5047;BANCO HSBC - INTERESES POR PRESTAMOS;BANCO HSBC - INTERESES POR PRESTAMOS;1
4218;53;5050;BANCO PATAGONIA- INTERESES POR PRESTAMOS;BANCO PATAGONIA- INTERESES POR PRESTAMOS;1
4219;53;1050;RODADOS - BIENES DE USO;RODADOS - BIENES DE USO;1
4220;53;1051;MUEBLES Y UTILES - BIENES DE USO;MUEBLES Y UTILES - BIENES DE USO;1
4221;53;1052;MAQUINARIA - BIENES DE USO;MAQUINARIA - BIENES DE USO;1
4222;53;1053;INMUEBLES - BIENES DE USO;INMUEBLES - BIENES DE USO;1
4223;53;5020;RODADOS - GASTOS DE MANTENIMIENTO;RODADOS - GASTOS DE MANTENIMIENTO;1
4224;53;5021;MUEBLES Y UTILES - GASTOS DE MANTENIMIENTO;MUEBLES Y UTILES - GASTOS DE MANTENIMIENTO;1
4225;53;5022;MAQUINARIA - GASTOS DE MANTENIMIENTO;MAQUINARIA - GASTOS DE MANTENIMIENTO;1
4226;53;5023;INMUEBLES - GASTOS DE MANTENIMIENTO;INMUEBLES - GASTOS DE MANTENIMIENTO;1
4227;53;5024;COMPRA DE BIENES USADOS A CF;COMPRA DE BIENES USADOS A CF;1
4228;53;1059;INSTALACIONES - BIENES DE USO;INSTALACIONES - BIENES DE USO;1
4229;53;5025;INSTALACIONES - GASTOS DE MANTENIMIENTO;INSTALACIONES - GASTOS DE MANTENIMIENTO;1
4230;53;5004;SERVICIOS Y TASAS;SERVICIOS Y TASAS;1
4231;32;5040;BBVA FRANCES- GASTOS DE MANT.;BBVA FRANCES- GASTOS DE MANT;1
4247;113;4000;VENTAS;VENTAS;1
4248;113;5000;COMPRAS;COMPRAS;1
4249;113;5001;COMISION TARJETAS DE CREDITO;COMISION TARJETAS DE CREDITO;1
4250;113;5002;COMBUSTIBLES Y LUBRICANTES;COMBUSTIBLES Y LUBRICANTES;1
4251;113;5003;FLETES Y CORREO;FLETES Y CORREO;1
4252;113;5005;LIBRERIA Y PAPELERIA;LIBRERIA Y PAPELERIA;1
4253;113;5006;HONORARIOS PROFESIONALES;HONORARIOS PROFESIONALES;1
4254;113;5007;ALQUILERES PAGADOS;ALQUILERES PAGADOS;1
4255;113;5008;SEGUROS PAGADOS;SEGUROS PAGADOS;1
4256;113;5010;GASTOS GENERALES;GASTOS GENERALES;1
4257;113;5011;SERVICISO INFORMATICOS;SERVICIOS INFORMATICOS;1
4258;113;5012;CANON;CANON;1
4259;113;5013;SERVICIOS JURIDICOS;SERVICIOS JURIDICOS;1
4260;113;5030;BANCO NACION - INTERES POR DESCUBIERTO;BANCO NACION - INTERES POR DESCUBIERTO;1
4261;113;5009;INTERESES BANCARIOS;INTERESES BANCARIOS;1
4262;113;5031;BANCO NACION - GASTOS DE MANTENIMIENTO DE CUENTA;BANCO NACION - GASTOS DE MANTENIMIENTO DE CUENTA;1
4263;113;5032;BANCO NACION - INTERESES POR PRESTAMOS;BANCO NACION - INTERESES POR PRESTAMOS;1
4264;113;5033;BANCO SANTANDER - INTERES POR DESCUBIERTO;BANCO SANTANDER - INTERES POR DESCUBIERTO;1
4265;113;5036;BANCO GALICIA - INTERES POR DESCUBIERTO;BANCO GALICIA - INTERES POR DESCUBIERTO;1
4266;113;5039;BBVA FRANCES - INTERES POR DESCUBIERTO;BBVA FRANCES - INTERES POR DESCUBIERTO;1
4267;113;5042;BANCO CREDICOOP - INTERES POR DESCUBIERTO;BANCO CREDICOOP - INTERES POR DESCUBIERTO;1
4268;113;5045;BANCO HSBC - INTERES POR DESCUBIERTO;BANCO HSBC - INTERES POR DESCUBIERTO;1
4269;113;5048;BANCO PATAGONIA - INTERES POR DESCUBIERTO;BANCO PATAGONIA - INTERES POR DESCUBIERTO;1
4270;113;5034;BANCO SANTANDER - GASTOS DE MANTENIMIENTO DE CUENTA;BANCO SANTANDER - GASTOS DE MANTENIMIENTO DE CUENTA;1
4271;113;5037;BANCO GALICIA - GASTOS DE MANTENIMIENTO DE CUENTA;BANCO GALICIA - GASTOS DE MANTENIMIENTO DE CUENTA;1
4272;113;5043;BANCO CREDICOOP - GASTOS DE MANTENIMIENTO DE CUENTA;BANCO CREDICOOP - GASTOS DE MANTENIMIENTO DE CUENTA;1
4273;113;5046;BANCO HSBC - GASTOS DE MANTENIMIENTO DE CUENTA;BANCO HSBC - GASTOS DE MANTENIMIENTO DE CUENTA;1
4274;113;5049;BANCO PATAGONIA - GASTOS DE MANTENIMIENTO DE CUENTA;BANCO PATAGONIA - GASTOS DE MANTENIMIENTO DE CUENTA;1
4275;113;5035;BANCO SANTANDER - INTERESES POR PRESTAMOS;BANCO SANTANDER - INTERESES POR PRESTAMOS;1
4276;113;5038;BANCO GALICIA - INTERESES POR PRESTAMOS;BANCO GALICIA - INTERESES POR PRESTAMOS;1
4277;113;5041;BBVA FRANCES - INTERESES POR PRESTAMOS;BBVA FRANCES - INTERESES POR PRESTAMOS;1
4278;113;5044;BANCO CREDICOOP- INTERESES POR PRESTAMOS;BANCO CREDICOOP- INTERESES POR PRESTAMOS;1
4279;113;5047;BANCO HSBC - INTERESES POR PRESTAMOS;BANCO HSBC - INTERESES POR PRESTAMOS;1
4280;113;5050;BANCO PATAGONIA- INTERESES POR PRESTAMOS;BANCO PATAGONIA- INTERESES POR PRESTAMOS;1
4281;113;1050;RODADOS - BIENES DE USO;RODADOS - BIENES DE USO;1
4282;113;1051;MUEBLES Y UTILES - BIENES DE USO;MUEBLES Y UTILES - BIENES DE USO;1
4283;113;1052;MAQUINARIA - BIENES DE USO;MAQUINARIA - BIENES DE USO;1
4284;113;1053;INMUEBLES - BIENES DE USO;INMUEBLES - BIENES DE USO;1
4285;113;5020;RODADOS - GASTOS DE MANTENIMIENTO;RODADOS - GASTOS DE MANTENIMIENTO;1
4286;113;5021;MUEBLES Y UTILES - GASTOS DE MANTENIMIENTO;MUEBLES Y UTILES - GASTOS DE MANTENIMIENTO;1
4287;113;5022;MAQUINARIA - GASTOS DE MANTENIMIENTO;MAQUINARIA - GASTOS DE MANTENIMIENTO;1
4288;113;5023;INMUEBLES - GASTOS DE MANTENIMIENTO;INMUEBLES - GASTOS DE MANTENIMIENTO;1
4289;113;5024;COMPRA DE BIENES USADOS A CF;COMPRA DE BIENES USADOS A CF;1
4290;113;1059;INSTALACIONES - BIENES DE USO;INSTALACIONES - BIENES DE USO;1
4291;113;5025;INSTALACIONES - GASTOS DE MANTENIMIENTO;INSTALACIONES - GASTOS DE MANTENIMIENTO;1
4292;113;5004;SERVICIOS Y TASAS;SERVICIOS Y TASAS;1
4293;4;5051;BANCO HIPOTECARIO - COMISIONES CUENTA;BANCO HIPOTECARIO - COMISIONES CUENTA;1
4294;4;5040;BBVA FRANCES - COMISIONES BANCARIAS;BBVA FRANCES - COMISIONES BANCARIAS;1
4295;23;5004;SERVICIOS Y TASAS;SERVICIOS Y TASAS;1
4310;114;4000;VENTAS;VENTAS;1
4311;114;5000;COMPRAS;COMPRAS;1
4312;114;5001;COMISION TARJETAS DE CREDITO;COMISION TARJETAS DE CREDITO;1
4313;114;5002;COMBUSTIBLES Y LUBRICANTES;COMBUSTIBLES Y LUBRICANTES;1
4314;114;5003;FLETES Y CORREO;FLETES Y CORREO;1
4315;114;5005;LIBRERIA Y PAPELERIA;LIBRERIA Y PAPELERIA;1
4316;114;5006;HONORARIOS PROFESIONALES;HONORARIOS PROFESIONALES;1
4317;114;5007;ALQUILERES PAGADOS;ALQUILERES PAGADOS;1
4318;114;5008;SEGUROS PAGADOS;SEGUROS PAGADOS;1
4319;114;5010;GASTOS GENERALES;GASTOS GENERALES;1
4320;114;5011;SERVICISO INFORMATICOS;SERVICIOS INFORMATICOS;1
4321;114;5012;CANON;CANON;1
4322;114;5013;SERVICIOS JURIDICOS;SERVICIOS JURIDICOS;1
4323;114;5030;BANCO NACION - INTERES POR DESCUBIERTO;BANCO NACION - INTERES POR DESCUBIERTO;1
4324;114;5009;INTERESES BANCARIOS;INTERESES BANCARIOS;1
4325;114;5031;BANCO NACION - GASTOS DE MANTENIMIENTO DE CUENTA;BANCO NACION - GASTOS DE MANTENIMIENTO DE CUENTA;1
4326;114;5032;BANCO NACION - INTERESES POR PRESTAMOS;BANCO NACION - INTERESES POR PRESTAMOS;1
4327;114;5033;BANCO SANTANDER - INTERES POR DESCUBIERTO;BANCO SANTANDER - INTERES POR DESCUBIERTO;1
4328;114;5036;BANCO GALICIA - INTERES POR DESCUBIERTO;BANCO GALICIA - INTERES POR DESCUBIERTO;1
4329;114;5039;BBVA FRANCES - INTERES POR DESCUBIERTO;BBVA FRANCES - INTERES POR DESCUBIERTO;1
4330;114;5042;BANCO CREDICOOP - INTERES POR DESCUBIERTO;BANCO CREDICOOP - INTERES POR DESCUBIERTO;1
4331;114;5045;BANCO HSBC - INTERES POR DESCUBIERTO;BANCO HSBC - INTERES POR DESCUBIERTO;1
4332;114;5048;BANCO PATAGONIA - INTERES POR DESCUBIERTO;BANCO PATAGONIA - INTERES POR DESCUBIERTO;1
4333;114;5034;BANCO SANTANDER - GASTOS DE MANTENIMIENTO DE CUENTA;BANCO SANTANDER - GASTOS DE MANTENIMIENTO DE CUENTA;1
4334;114;5037;BANCO GALICIA - GASTOS DE MANTENIMIENTO DE CUENTA;BANCO GALICIA - GASTOS DE MANTENIMIENTO DE CUENTA;1
4335;114;5043;BANCO CREDICOOP - GASTOS DE MANTENIMIENTO DE CUENTA;BANCO CREDICOOP - GASTOS DE MANTENIMIENTO DE CUENTA;1
4336;114;5046;BANCO HSBC - GASTOS DE MANTENIMIENTO DE CUENTA;BANCO HSBC - GASTOS DE MANTENIMIENTO DE CUENTA;1
4337;114;5049;BANCO PATAGONIA - GASTOS DE MANTENIMIENTO DE CUENTA;BANCO PATAGONIA - GASTOS DE MANTENIMIENTO DE CUENTA;1
4338;114;5035;BANCO SANTANDER - INTERESES POR PRESTAMOS;BANCO SANTANDER - INTERESES POR PRESTAMOS;1
4339;114;5038;BANCO GALICIA - INTERESES POR PRESTAMOS;BANCO GALICIA - INTERESES POR PRESTAMOS;1
4340;114;5041;BBVA FRANCES - INTERESES POR PRESTAMOS;BBVA FRANCES - INTERESES POR PRESTAMOS;1
4341;114;5044;BANCO CREDICOOP- INTERESES POR PRESTAMOS;BANCO CREDICOOP- INTERESES POR PRESTAMOS;1
4342;114;5047;BANCO HSBC - INTERESES POR PRESTAMOS;BANCO HSBC - INTERESES POR PRESTAMOS;1
4343;114;5050;BANCO PATAGONIA- INTERESES POR PRESTAMOS;BANCO PATAGONIA- INTERESES POR PRESTAMOS;1
4344;114;1050;RODADOS - BIENES DE USO;RODADOS - BIENES DE USO;1
4345;114;1051;MUEBLES Y UTILES - BIENES DE USO;MUEBLES Y UTILES - BIENES DE USO;1
4346;114;1052;MAQUINARIA - BIENES DE USO;MAQUINARIA - BIENES DE USO;1
4347;114;1053;INMUEBLES - BIENES DE USO;INMUEBLES - BIENES DE USO;1
4348;114;5020;RODADOS - GASTOS DE MANTENIMIENTO;RODADOS - GASTOS DE MANTENIMIENTO;1
4349;114;5021;MUEBLES Y UTILES - GASTOS DE MANTENIMIENTO;MUEBLES Y UTILES - GASTOS DE MANTENIMIENTO;1
4350;114;5022;MAQUINARIA - GASTOS DE MANTENIMIENTO;MAQUINARIA - GASTOS DE MANTENIMIENTO;1
4351;114;5023;INMUEBLES - GASTOS DE MANTENIMIENTO;INMUEBLES - GASTOS DE MANTENIMIENTO;1
4352;114;5024;COMPRA DE BIENES USADOS A CF;COMPRA DE BIENES USADOS A CF;1
4353;114;1059;INSTALACIONES - BIENES DE USO;INSTALACIONES - BIENES DE USO;1
4354;114;5025;INSTALACIONES - GASTOS DE MANTENIMIENTO;INSTALACIONES - GASTOS DE MANTENIMIENTO;1
4355;114;5004;SERVICIOS Y TASAS;SERVICIOS Y TASAS;1
4356;114;5051;BANCO HIPOTECARIO - COMISIONES CUENTA;BANCO HIPOTECARIO - COMISIONES CUENTA;1
4357;114;5040;BBVA FRANCES - COMISIONES BANCARIAS;BBVA FRANCES - COMISIONES BANCARIAS;1
4372;63;4000;VENTAS;VENTAS;1
4373;63;5000;COMPRAS;COMPRAS;1
4374;63;5001;COMISION TARJETAS DE CREDITO;COMISION TARJETAS DE CREDITO;1
4375;63;5002;COMBUSTIBLES Y LUBRICANTES;COMBUSTIBLES Y LUBRICANTES;1
4376;63;5003;FLETES Y CORREO;FLETES Y CORREO;1
4377;63;5005;LIBRERIA Y PAPELERIA;LIBRERIA Y PAPELERIA;1
4378;63;5006;HONORARIOS PROFESIONALES;HONORARIOS PROFESIONALES;1
4379;63;5007;ALQUILERES PAGADOS;ALQUILERES PAGADOS;1
4380;63;5008;SEGUROS PAGADOS;SEGUROS PAGADOS;1
4381;63;5010;GASTOS GENERALES;GASTOS GENERALES;1
4382;63;5011;SERVICISO INFORMATICOS;SERVICIOS INFORMATICOS;1
4383;63;5012;CANON;CANON;1
4384;63;5013;SERVICIOS JURIDICOS;SERVICIOS JURIDICOS;1
4385;63;5030;BANCO NACION - INTERES POR DESCUBIERTO;BANCO NACION - INTERES POR DESCUBIERTO;1
4386;63;5009;INTERESES BANCARIOS;INTERESES BANCARIOS;1
4387;63;5031;BANCO NACION - GASTOS DE MANTENIMIENTO DE CUENTA;BANCO NACION - GASTOS DE MANTENIMIENTO DE CUENTA;1
4388;63;5032;BANCO NACION - INTERESES POR PRESTAMOS;BANCO NACION - INTERESES POR PRESTAMOS;1
4389;63;5033;BANCO SANTANDER - INTERES POR DESCUBIERTO;BANCO SANTANDER - INTERES POR DESCUBIERTO;1
4390;63;5036;BANCO GALICIA - INTERES POR DESCUBIERTO;BANCO GALICIA - INTERES POR DESCUBIERTO;1
4391;63;5039;BBVA FRANCES - INTERES POR DESCUBIERTO;BBVA FRANCES - INTERES POR DESCUBIERTO;1
4392;63;5042;BANCO CREDICOOP - INTERES POR DESCUBIERTO;BANCO CREDICOOP - INTERES POR DESCUBIERTO;1
4393;63;5045;BANCO HSBC - INTERES POR DESCUBIERTO;BANCO HSBC - INTERES POR DESCUBIERTO;1
4394;63;5048;BANCO PATAGONIA - INTERES POR DESCUBIERTO;BANCO PATAGONIA - INTERES POR DESCUBIERTO;1
4395;63;5034;BANCO SANTANDER - GASTOS DE MANTENIMIENTO DE CUENTA;BANCO SANTANDER - GASTOS DE MANTENIMIENTO DE CUENTA;1
4396;63;5037;BANCO GALICIA - GASTOS DE MANTENIMIENTO DE CUENTA;BANCO GALICIA - GASTOS DE MANTENIMIENTO DE CUENTA;1
4397;63;5043;BANCO CREDICOOP - GASTOS DE MANTENIMIENTO DE CUENTA;BANCO CREDICOOP - GASTOS DE MANTENIMIENTO DE CUENTA;1
4398;63;5046;BANCO HSBC - GASTOS DE MANTENIMIENTO DE CUENTA;BANCO HSBC - GASTOS DE MANTENIMIENTO DE CUENTA;1
4399;63;5049;BANCO PATAGONIA - GASTOS DE MANTENIMIENTO DE CUENTA;BANCO PATAGONIA - GASTOS DE MANTENIMIENTO DE CUENTA;1
4400;63;5035;BANCO SANTANDER - INTERESES POR PRESTAMOS;BANCO SANTANDER - INTERESES POR PRESTAMOS;1
4401;63;5038;BANCO GALICIA - INTERESES POR PRESTAMOS;BANCO GALICIA - INTERESES POR PRESTAMOS;1
4402;63;5041;BBVA FRANCES - INTERESES POR PRESTAMOS;BBVA FRANCES - INTERESES POR PRESTAMOS;1
4403;63;5044;BANCO CREDICOOP- INTERESES POR PRESTAMOS;BANCO CREDICOOP- INTERESES POR PRESTAMOS;1
4404;63;5047;BANCO HSBC - INTERESES POR PRESTAMOS;BANCO HSBC - INTERESES POR PRESTAMOS;1
4405;63;5050;BANCO PATAGONIA- INTERESES POR PRESTAMOS;BANCO PATAGONIA- INTERESES POR PRESTAMOS;1
4406;63;1050;RODADOS - BIENES DE USO;RODADOS - BIENES DE USO;1
4407;63;1051;MUEBLES Y UTILES - BIENES DE USO;MUEBLES Y UTILES - BIENES DE USO;1
4408;63;1052;MAQUINARIA - BIENES DE USO;MAQUINARIA - BIENES DE USO;1
4409;63;1053;INMUEBLES - BIENES DE USO;INMUEBLES - BIENES DE USO;1
4410;63;5020;RODADOS - GASTOS DE MANTENIMIENTO;RODADOS - GASTOS DE MANTENIMIENTO;1
4411;63;5021;MUEBLES Y UTILES - GASTOS DE MANTENIMIENTO;MUEBLES Y UTILES - GASTOS DE MANTENIMIENTO;1
4412;63;5022;MAQUINARIA - GASTOS DE MANTENIMIENTO;MAQUINARIA - GASTOS DE MANTENIMIENTO;1
4413;63;5023;INMUEBLES - GASTOS DE MANTENIMIENTO;INMUEBLES - GASTOS DE MANTENIMIENTO;1
4414;63;5024;COMPRA DE BIENES USADOS A CF;COMPRA DE BIENES USADOS A CF;1
4415;63;1059;INSTALACIONES - BIENES DE USO;INSTALACIONES - BIENES DE USO;1
4416;63;5025;INSTALACIONES - GASTOS DE MANTENIMIENTO;INSTALACIONES - GASTOS DE MANTENIMIENTO;1
4417;63;5004;SERVICIOS Y TASAS;SERVICIOS Y TASAS;1
4418;63;5051;BANCO HIPOTECARIO - COMISIONES CUENTA;BANCO HIPOTECARIO - COMISIONES CUENTA;1
4419;63;5040;BBVA FRANCES - COMISIONES BANCARIAS;BBVA FRANCES - COMISIONES BANCARIAS;1
4434;116;4000;VENTAS;VENTAS;1
4435;116;5000;COMPRAS;COMPRAS;1
4436;116;5001;COMISION TARJETAS DE CREDITO;COMISION TARJETAS DE CREDITO;1
4437;116;5002;COMBUSTIBLES Y LUBRICANTES;COMBUSTIBLES Y LUBRICANTES;1
4438;116;5003;FLETES Y CORREO;FLETES Y CORREO;1
4439;116;5005;LIBRERIA Y PAPELERIA;LIBRERIA Y PAPELERIA;1
4440;116;5006;HONORARIOS PROFESIONALES;HONORARIOS PROFESIONALES;1
4441;116;5007;ALQUILERES PAGADOS;ALQUILERES PAGADOS;1
4442;116;5008;SEGUROS PAGADOS;SEGUROS PAGADOS;1
4443;116;5010;GASTOS GENERALES;GASTOS GENERALES;1
4444;116;5011;SERVICISO INFORMATICOS;SERVICIOS INFORMATICOS;1
4445;116;5012;CANON;CANON;1
4446;116;5013;SERVICIOS JURIDICOS;SERVICIOS JURIDICOS;1
4447;116;5030;BANCO NACION - INTERES POR DESCUBIERTO;BANCO NACION - INTERES POR DESCUBIERTO;1
4448;116;5009;INTERESES BANCARIOS;INTERESES BANCARIOS;1
4449;116;5031;BANCO NACION - GASTOS DE MANTENIMIENTO DE CUENTA;BANCO NACION - GASTOS DE MANTENIMIENTO DE CUENTA;1
4450;116;5032;BANCO NACION - INTERESES POR PRESTAMOS;BANCO NACION - INTERESES POR PRESTAMOS;1
4451;116;5033;BANCO SANTANDER - INTERES POR DESCUBIERTO;BANCO SANTANDER - INTERES POR DESCUBIERTO;1
4452;116;5036;BANCO GALICIA - INTERES POR DESCUBIERTO;BANCO GALICIA - INTERES POR DESCUBIERTO;1
4453;116;5039;BBVA FRANCES - INTERES POR DESCUBIERTO;BBVA FRANCES - INTERES POR DESCUBIERTO;1
4454;116;5042;BANCO CREDICOOP - INTERES POR DESCUBIERTO;BANCO CREDICOOP - INTERES POR DESCUBIERTO;1
4455;116;5045;BANCO HSBC - INTERES POR DESCUBIERTO;BANCO HSBC - INTERES POR DESCUBIERTO;1
4456;116;5048;BANCO PATAGONIA - INTERES POR DESCUBIERTO;BANCO PATAGONIA - INTERES POR DESCUBIERTO;1
4457;116;5034;BANCO SANTANDER - GASTOS DE MANTENIMIENTO DE CUENTA;BANCO SANTANDER - GASTOS DE MANTENIMIENTO DE CUENTA;1
4458;116;5037;BANCO GALICIA - GASTOS DE MANTENIMIENTO DE CUENTA;BANCO GALICIA - GASTOS DE MANTENIMIENTO DE CUENTA;1
4459;116;5043;BANCO CREDICOOP - GASTOS DE MANTENIMIENTO DE CUENTA;BANCO CREDICOOP - GASTOS DE MANTENIMIENTO DE CUENTA;1
4460;116;5046;BANCO HSBC - GASTOS DE MANTENIMIENTO DE CUENTA;BANCO HSBC - GASTOS DE MANTENIMIENTO DE CUENTA;1
4461;116;5049;BANCO PATAGONIA - GASTOS DE MANTENIMIENTO DE CUENTA;BANCO PATAGONIA - GASTOS DE MANTENIMIENTO DE CUENTA;1
4462;116;5035;BANCO SANTANDER - INTERESES POR PRESTAMOS;BANCO SANTANDER - INTERESES POR PRESTAMOS;1
4463;116;5038;BANCO GALICIA - INTERESES POR PRESTAMOS;BANCO GALICIA - INTERESES POR PRESTAMOS;1
4464;116;5041;BBVA FRANCES - INTERESES POR PRESTAMOS;BBVA FRANCES - INTERESES POR PRESTAMOS;1
4465;116;5044;BANCO CREDICOOP- INTERESES POR PRESTAMOS;BANCO CREDICOOP- INTERESES POR PRESTAMOS;1
4466;116;5047;BANCO HSBC - INTERESES POR PRESTAMOS;BANCO HSBC - INTERESES POR PRESTAMOS;1
4467;116;5050;BANCO PATAGONIA- INTERESES POR PRESTAMOS;BANCO PATAGONIA- INTERESES POR PRESTAMOS;1
4468;116;1050;RODADOS - BIENES DE USO;RODADOS - BIENES DE USO;1
4469;116;1051;MUEBLES Y UTILES - BIENES DE USO;MUEBLES Y UTILES - BIENES DE USO;1
4470;116;1052;MAQUINARIA - BIENES DE USO;MAQUINARIA - BIENES DE USO;1
4471;116;1053;INMUEBLES - BIENES DE USO;INMUEBLES - BIENES DE USO;1
4472;116;5020;RODADOS - GASTOS DE MANTENIMIENTO;RODADOS - GASTOS DE MANTENIMIENTO;1
4473;116;5021;MUEBLES Y UTILES - GASTOS DE MANTENIMIENTO;MUEBLES Y UTILES - GASTOS DE MANTENIMIENTO;1
4474;116;5022;MAQUINARIA - GASTOS DE MANTENIMIENTO;MAQUINARIA - GASTOS DE MANTENIMIENTO;1
4475;116;5023;INMUEBLES - GASTOS DE MANTENIMIENTO;INMUEBLES - GASTOS DE MANTENIMIENTO;1
4476;116;5024;COMPRA DE BIENES USADOS A CF;COMPRA DE BIENES USADOS A CF;1
4477;116;1059;INSTALACIONES - BIENES DE USO;INSTALACIONES - BIENES DE USO;1
4478;116;5025;INSTALACIONES - GASTOS DE MANTENIMIENTO;INSTALACIONES - GASTOS DE MANTENIMIENTO;1
4479;116;5004;SERVICIOS Y TASAS;SERVICIOS Y TASAS;1
4480;116;5051;BANCO HIPOTECARIO - COMISIONES CUENTA;BANCO HIPOTECARIO - COMISIONES CUENTA;1
4481;116;5040;BBVA FRANCES - COMISIONES BANCARIAS;BBVA FRANCES - COMISIONES BANCARIAS;1
4496;117;4000;VENTAS;VENTAS;1
4497;117;5000;COMPRAS;COMPRAS;1
4498;117;5001;COMISION TARJETAS DE CREDITO;COMISION TARJETAS DE CREDITO;1
4499;117;5002;COMBUSTIBLES Y LUBRICANTES;COMBUSTIBLES Y LUBRICANTES;1
4500;117;5003;FLETES Y CORREO;FLETES Y CORREO;1
4501;117;5005;LIBRERIA Y PAPELERIA;LIBRERIA Y PAPELERIA;1
4502;117;5006;HONORARIOS PROFESIONALES;HONORARIOS PROFESIONALES;1
4503;117;5007;ALQUILERES PAGADOS;ALQUILERES PAGADOS;1
4504;117;5008;SEGUROS PAGADOS;SEGUROS PAGADOS;1
4505;117;5010;GASTOS GENERALES;GASTOS GENERALES;1
4506;117;5011;SERVICISO INFORMATICOS;SERVICIOS INFORMATICOS;1
4507;117;5012;CANON;CANON;1
4508;117;5013;SERVICIOS JURIDICOS;SERVICIOS JURIDICOS;1
4509;117;5030;BANCO NACION - INTERES POR DESCUBIERTO;BANCO NACION - INTERES POR DESCUBIERTO;1
4510;117;5009;INTERESES BANCARIOS;INTERESES BANCARIOS;1
4511;117;5031;BANCO NACION - GASTOS DE MANTENIMIENTO DE CUENTA;BANCO NACION - GASTOS DE MANTENIMIENTO DE CUENTA;1
4512;117;5032;BANCO NACION - INTERESES POR PRESTAMOS;BANCO NACION - INTERESES POR PRESTAMOS;1
4513;117;5033;BANCO SANTANDER - INTERES POR DESCUBIERTO;BANCO SANTANDER - INTERES POR DESCUBIERTO;1
4514;117;5036;BANCO GALICIA - INTERES POR DESCUBIERTO;BANCO GALICIA - INTERES POR DESCUBIERTO;1
4515;117;5039;BBVA FRANCES - INTERES POR DESCUBIERTO;BBVA FRANCES - INTERES POR DESCUBIERTO;1
4516;117;5042;BANCO CREDICOOP - INTERES POR DESCUBIERTO;BANCO CREDICOOP - INTERES POR DESCUBIERTO;1
4517;117;5045;BANCO HSBC - INTERES POR DESCUBIERTO;BANCO HSBC - INTERES POR DESCUBIERTO;1
4518;117;5048;BANCO PATAGONIA - INTERES POR DESCUBIERTO;BANCO PATAGONIA - INTERES POR DESCUBIERTO;1
4519;117;5034;BANCO SANTANDER - GASTOS DE MANTENIMIENTO DE CUENTA;BANCO SANTANDER - GASTOS DE MANTENIMIENTO DE CUENTA;1
4520;117;5037;BANCO GALICIA - GASTOS DE MANTENIMIENTO DE CUENTA;BANCO GALICIA - GASTOS DE MANTENIMIENTO DE CUENTA;1
4521;117;5043;BANCO CREDICOOP - GASTOS DE MANTENIMIENTO DE CUENTA;BANCO CREDICOOP - GASTOS DE MANTENIMIENTO DE CUENTA;1
4522;117;5046;BANCO HSBC - GASTOS DE MANTENIMIENTO DE CUENTA;BANCO HSBC - GASTOS DE MANTENIMIENTO DE CUENTA;1
4523;117;5049;BANCO PATAGONIA - GASTOS DE MANTENIMIENTO DE CUENTA;BANCO PATAGONIA - GASTOS DE MANTENIMIENTO DE CUENTA;1
4524;117;5035;BANCO SANTANDER - INTERESES POR PRESTAMOS;BANCO SANTANDER - INTERESES POR PRESTAMOS;1
4525;117;5038;BANCO GALICIA - INTERESES POR PRESTAMOS;BANCO GALICIA - INTERESES POR PRESTAMOS;1
4526;117;5041;BBVA FRANCES - INTERESES POR PRESTAMOS;BBVA FRANCES - INTERESES POR PRESTAMOS;1
4527;117;5044;BANCO CREDICOOP- INTERESES POR PRESTAMOS;BANCO CREDICOOP- INTERESES POR PRESTAMOS;1
4528;117;5047;BANCO HSBC - INTERESES POR PRESTAMOS;BANCO HSBC - INTERESES POR PRESTAMOS;1
4529;117;5050;BANCO PATAGONIA- INTERESES POR PRESTAMOS;BANCO PATAGONIA- INTERESES POR PRESTAMOS;1
4530;117;1050;RODADOS - BIENES DE USO;RODADOS - BIENES DE USO;1
4531;117;1051;MUEBLES Y UTILES - BIENES DE USO;MUEBLES Y UTILES - BIENES DE USO;1
4532;117;1052;MAQUINARIA - BIENES DE USO;MAQUINARIA - BIENES DE USO;1
4533;117;1053;INMUEBLES - BIENES DE USO;INMUEBLES - BIENES DE USO;1
4534;117;5020;RODADOS - GASTOS DE MANTENIMIENTO;RODADOS - GASTOS DE MANTENIMIENTO;1
4535;117;5021;MUEBLES Y UTILES - GASTOS DE MANTENIMIENTO;MUEBLES Y UTILES - GASTOS DE MANTENIMIENTO;1
4536;117;5022;MAQUINARIA - GASTOS DE MANTENIMIENTO;MAQUINARIA - GASTOS DE MANTENIMIENTO;1
4537;117;5023;INMUEBLES - GASTOS DE MANTENIMIENTO;INMUEBLES - GASTOS DE MANTENIMIENTO;1
4538;117;5024;COMPRA DE BIENES USADOS A CF;COMPRA DE BIENES USADOS A CF;1
4539;117;1059;INSTALACIONES - BIENES DE USO;INSTALACIONES - BIENES DE USO;1
4540;117;5025;INSTALACIONES - GASTOS DE MANTENIMIENTO;INSTALACIONES - GASTOS DE MANTENIMIENTO;1
4541;117;5004;SERVICIOS Y TASAS;SERVICIOS Y TASAS;1
4542;117;5051;BANCO HIPOTECARIO - COMISIONES CUENTA;BANCO HIPOTECARIO - COMISIONES CUENTA;1
4543;117;5040;BBVA FRANCES - COMISIONES BANCARIAS;BBVA FRANCES - COMISIONES BANCARIAS;1
4559;118;4000;VENTAS;VENTAS;1
4560;118;5000;COMPRAS;COMPRAS;1
4561;118;5001;COMISION TARJETAS DE CREDITO;COMISION TARJETAS DE CREDITO;1
4562;118;5002;COMBUSTIBLES Y LUBRICANTES;COMBUSTIBLES Y LUBRICANTES;1
4563;118;5003;FLETES Y CORREO;FLETES Y CORREO;1
4564;118;5005;LIBRERIA Y PAPELERIA;LIBRERIA Y PAPELERIA;1
4565;118;5006;HONORARIOS PROFESIONALES;HONORARIOS PROFESIONALES;1
4566;118;5007;ALQUILERES PAGADOS;ALQUILERES PAGADOS;1
4567;118;5008;SEGUROS PAGADOS;SEGUROS PAGADOS;1
4568;118;5010;GASTOS GENERALES;GASTOS GENERALES;1
4569;118;5011;SERVICISO INFORMATICOS;SERVICIOS INFORMATICOS;1
4570;118;5012;CANON;CANON;1
4571;118;5013;SERVICIOS JURIDICOS;SERVICIOS JURIDICOS;1
4572;118;5030;BANCO NACION - INTERES POR DESCUBIERTO;BANCO NACION - INTERES POR DESCUBIERTO;1
4573;118;5009;INTERESES BANCARIOS;INTERESES BANCARIOS;1
4574;118;5031;BANCO NACION - GASTOS DE MANTENIMIENTO DE CUENTA;BANCO NACION - GASTOS DE MANTENIMIENTO DE CUENTA;1
4575;118;5032;BANCO NACION - INTERESES POR PRESTAMOS;BANCO NACION - INTERESES POR PRESTAMOS;1
4576;118;5033;BANCO SANTANDER - INTERES POR DESCUBIERTO;BANCO SANTANDER - INTERES POR DESCUBIERTO;1
4577;118;5036;BANCO GALICIA - INTERES POR DESCUBIERTO;BANCO GALICIA - INTERES POR DESCUBIERTO;1
4578;118;5039;BBVA FRANCES - INTERES POR DESCUBIERTO;BBVA FRANCES - INTERES POR DESCUBIERTO;1
4579;118;5042;BANCO CREDICOOP - INTERES POR DESCUBIERTO;BANCO CREDICOOP - INTERES POR DESCUBIERTO;1
4580;118;5045;BANCO HSBC - INTERES POR DESCUBIERTO;BANCO HSBC - INTERES POR DESCUBIERTO;1
4581;118;5048;BANCO PATAGONIA - INTERES POR DESCUBIERTO;BANCO PATAGONIA - INTERES POR DESCUBIERTO;1
4582;118;5034;BANCO SANTANDER - GASTOS DE MANTENIMIENTO DE CUENTA;BANCO SANTANDER - GASTOS DE MANTENIMIENTO DE CUENTA;1
4583;118;5037;BANCO GALICIA - GASTOS DE MANTENIMIENTO DE CUENTA;BANCO GALICIA - GASTOS DE MANTENIMIENTO DE CUENTA;1
4584;118;5043;BANCO CREDICOOP - GASTOS DE MANTENIMIENTO DE CUENTA;BANCO CREDICOOP - GASTOS DE MANTENIMIENTO DE CUENTA;1
4585;118;5046;BANCO HSBC - GASTOS DE MANTENIMIENTO DE CUENTA;BANCO HSBC - GASTOS DE MANTENIMIENTO DE CUENTA;1
4586;118;5049;BANCO PATAGONIA - GASTOS DE MANTENIMIENTO DE CUENTA;BANCO PATAGONIA - GASTOS DE MANTENIMIENTO DE CUENTA;1
4587;118;5035;BANCO SANTANDER - INTERESES POR PRESTAMOS;BANCO SANTANDER - INTERESES POR PRESTAMOS;1
4588;118;5038;BANCO GALICIA - INTERESES POR PRESTAMOS;BANCO GALICIA - INTERESES POR PRESTAMOS;1
4589;118;5041;BBVA FRANCES - INTERESES POR PRESTAMOS;BBVA FRANCES - INTERESES POR PRESTAMOS;1
4590;118;5044;BANCO CREDICOOP- INTERESES POR PRESTAMOS;BANCO CREDICOOP- INTERESES POR PRESTAMOS;1
4591;118;5047;BANCO HSBC - INTERESES POR PRESTAMOS;BANCO HSBC - INTERESES POR PRESTAMOS;1
4592;118;5050;BANCO PATAGONIA- INTERESES POR PRESTAMOS;BANCO PATAGONIA- INTERESES POR PRESTAMOS;1
4593;118;1050;RODADOS - BIENES DE USO;RODADOS - BIENES DE USO;1
4594;118;1051;MUEBLES Y UTILES - BIENES DE USO;MUEBLES Y UTILES - BIENES DE USO;1
4595;118;1052;MAQUINARIA - BIENES DE USO;MAQUINARIA - BIENES DE USO;1
4596;118;1053;INMUEBLES - BIENES DE USO;INMUEBLES - BIENES DE USO;1
4597;118;5020;RODADOS - GASTOS DE MANTENIMIENTO;RODADOS - GASTOS DE MANTENIMIENTO;1
4598;118;5021;MUEBLES Y UTILES - GASTOS DE MANTENIMIENTO;MUEBLES Y UTILES - GASTOS DE MANTENIMIENTO;1
4599;118;5022;MAQUINARIA - GASTOS DE MANTENIMIENTO;MAQUINARIA - GASTOS DE MANTENIMIENTO;1
4600;118;5023;INMUEBLES - GASTOS DE MANTENIMIENTO;INMUEBLES - GASTOS DE MANTENIMIENTO;1
4601;118;5024;COMPRA DE BIENES USADOS A CF;COMPRA DE BIENES USADOS A CF;1
4602;118;1059;INSTALACIONES - BIENES DE USO;INSTALACIONES - BIENES DE USO;1
4603;118;5025;INSTALACIONES - GASTOS DE MANTENIMIENTO;INSTALACIONES - GASTOS DE MANTENIMIENTO;1
4604;118;5004;SERVICIOS Y TASAS;SERVICIOS Y TASAS;1
4605;118;5051;BANCO HIPOTECARIO - COMISIONES CUENTA;BANCO HIPOTECARIO - COMISIONES CUENTA;1
4606;118;5040;BBVA FRANCES - COMISIONES BANCARIAS;BBVA FRANCES - COMISIONES BANCARIAS;1
4621;52;4000;VENTAS;VENTAS;1
4622;52;5000;COMPRAS;COMPRAS;1
4623;52;5001;COMISION TARJETAS DE CREDITO;COMISION TARJETAS DE CREDITO;1
4624;52;5002;COMBUSTIBLES Y LUBRICANTES;COMBUSTIBLES Y LUBRICANTES;1
4625;52;5003;FLETES Y CORREO;FLETES Y CORREO;1
4626;52;5005;LIBRERIA Y PAPELERIA;LIBRERIA Y PAPELERIA;1
4627;52;5006;HONORARIOS PROFESIONALES;HONORARIOS PROFESIONALES;1
4628;52;5007;ALQUILERES PAGADOS;ALQUILERES PAGADOS;1
4629;52;5008;SEGUROS PAGADOS;SEGUROS PAGADOS;1
4630;52;5010;GASTOS GENERALES;GASTOS GENERALES;1
4631;52;5011;SERVICISO INFORMATICOS;SERVICIOS INFORMATICOS;1
4632;52;5012;CANON;CANON;1
4633;52;5013;SERVICIOS JURIDICOS;SERVICIOS JURIDICOS;1
4634;52;5030;BANCO NACION - INTERES POR DESCUBIERTO;BANCO NACION - INTERES POR DESCUBIERTO;1
4635;52;5009;INTERESES BANCARIOS;INTERESES BANCARIOS;1
4636;52;5031;BANCO NACION - GASTOS DE MANTENIMIENTO DE CUENTA;BANCO NACION - GASTOS DE MANTENIMIENTO DE CUENTA;1
4637;52;5032;BANCO NACION - INTERESES POR PRESTAMOS;BANCO NACION - INTERESES POR PRESTAMOS;1
4638;52;5033;BANCO SANTANDER - INTERES POR DESCUBIERTO;BANCO SANTANDER - INTERES POR DESCUBIERTO;1
4639;52;5036;BANCO GALICIA - INTERES POR DESCUBIERTO;BANCO GALICIA - INTERES POR DESCUBIERTO;1
4640;52;5039;BBVA FRANCES - INTERES POR DESCUBIERTO;BBVA FRANCES - INTERES POR DESCUBIERTO;1
4641;52;5042;BANCO CREDICOOP - INTERES POR DESCUBIERTO;BANCO CREDICOOP - INTERES POR DESCUBIERTO;1
4642;52;5045;BANCO HSBC - INTERES POR DESCUBIERTO;BANCO HSBC - INTERES POR DESCUBIERTO;1
4643;52;5048;BANCO PATAGONIA - INTERES POR DESCUBIERTO;BANCO PATAGONIA - INTERES POR DESCUBIERTO;1
4644;52;5034;BANCO SANTANDER - GASTOS DE MANTENIMIENTO DE CUENTA;BANCO SANTANDER - GASTOS DE MANTENIMIENTO DE CUENTA;1
4645;52;5037;BANCO GALICIA - GASTOS DE MANTENIMIENTO DE CUENTA;BANCO GALICIA - GASTOS DE MANTENIMIENTO DE CUENTA;1
4646;52;5043;BANCO CREDICOOP - GASTOS DE MANTENIMIENTO DE CUENTA;BANCO CREDICOOP - GASTOS DE MANTENIMIENTO DE CUENTA;1
4647;52;5046;BANCO HSBC - GASTOS DE MANTENIMIENTO DE CUENTA;BANCO HSBC - GASTOS DE MANTENIMIENTO DE CUENTA;1
4648;52;5049;BANCO PATAGONIA - GASTOS DE MANTENIMIENTO DE CUENTA;BANCO PATAGONIA - GASTOS DE MANTENIMIENTO DE CUENTA;1
4649;52;5035;BANCO SANTANDER - INTERESES POR PRESTAMOS;BANCO SANTANDER - INTERESES POR PRESTAMOS;1
4650;52;5038;BANCO GALICIA - INTERESES POR PRESTAMOS;BANCO GALICIA - INTERESES POR PRESTAMOS;1
4651;52;5041;BBVA FRANCES - INTERESES POR PRESTAMOS;BBVA FRANCES - INTERESES POR PRESTAMOS;1
4652;52;5044;BANCO CREDICOOP- INTERESES POR PRESTAMOS;BANCO CREDICOOP- INTERESES POR PRESTAMOS;1
4653;52;5047;BANCO HSBC - INTERESES POR PRESTAMOS;BANCO HSBC - INTERESES POR PRESTAMOS;1
4654;52;5050;BANCO PATAGONIA- INTERESES POR PRESTAMOS;BANCO PATAGONIA- INTERESES POR PRESTAMOS;1
4655;52;1050;RODADOS - BIENES DE USO;RODADOS - BIENES DE USO;1
4656;52;1051;MUEBLES Y UTILES - BIENES DE USO;MUEBLES Y UTILES - BIENES DE USO;1
4657;52;1052;MAQUINARIA - BIENES DE USO;MAQUINARIA - BIENES DE USO;1
4658;52;1053;INMUEBLES - BIENES DE USO;INMUEBLES - BIENES DE USO;1
4659;52;5020;RODADOS - GASTOS DE MANTENIMIENTO;RODADOS - GASTOS DE MANTENIMIENTO;1
4660;52;5021;MUEBLES Y UTILES - GASTOS DE MANTENIMIENTO;MUEBLES Y UTILES - GASTOS DE MANTENIMIENTO;1
4661;52;5022;MAQUINARIA - GASTOS DE MANTENIMIENTO;MAQUINARIA - GASTOS DE MANTENIMIENTO;1
4662;52;5023;INMUEBLES - GASTOS DE MANTENIMIENTO;INMUEBLES - GASTOS DE MANTENIMIENTO;1
4663;52;5024;COMPRA DE BIENES USADOS A CF;COMPRA DE BIENES USADOS A CF;1
4664;52;1059;INSTALACIONES - BIENES DE USO;INSTALACIONES - BIENES DE USO;1
4665;52;5025;INSTALACIONES - GASTOS DE MANTENIMIENTO;INSTALACIONES - GASTOS DE MANTENIMIENTO;1
4666;52;5004;SERVICIOS Y TASAS;SERVICIOS Y TASAS;1
4667;52;5051;BANCO HIPOTECARIO - COMISIONES CUENTA;BANCO HIPOTECARIO - COMISIONES CUENTA;1
4668;52;5040;BBVA FRANCES - COMISIONES BANCARIAS;BBVA FRANCES - COMISIONES BANCARIAS;1
4669;34;5040;BBVA - MANTENIMIENTO DE CUENTA;BBVA - MANTENIMIENTO DE CUENTA;1
4670;34;5052;BANCO MACRO - GASTOS MANTENIMIENTO;BANCO MACRO - GASTOS MANTENIMIENTO;1
4685;119;4000;VENTAS;VENTAS;1
4686;119;5000;COMPRAS;COMPRAS;1
4687;119;5001;COMISION TARJETAS DE CREDITO;COMISION TARJETAS DE CREDITO;1
4688;119;5002;COMBUSTIBLES Y LUBRICANTES;COMBUSTIBLES Y LUBRICANTES;1
4689;119;5003;FLETES Y CORREO;FLETES Y CORREO;1
4690;119;5005;LIBRERIA Y PAPELERIA;LIBRERIA Y PAPELERIA;1
4691;119;5006;HONORARIOS PROFESIONALES;HONORARIOS PROFESIONALES;1
4692;119;5007;ALQUILERES PAGADOS;ALQUILERES PAGADOS;1
4693;119;5008;SEGUROS PAGADOS;SEGUROS PAGADOS;1
4694;119;5010;GASTOS GENERALES;GASTOS GENERALES;1
4695;119;5011;SERVICISO INFORMATICOS;SERVICIOS INFORMATICOS;1
4696;119;5012;CANON;CANON;1
4697;119;5013;SERVICIOS JURIDICOS;SERVICIOS JURIDICOS;1
4698;119;5030;BANCO NACION - INTERES POR DESCUBIERTO;BANCO NACION - INTERES POR DESCUBIERTO;1
4699;119;5009;INTERESES BANCARIOS;INTERESES BANCARIOS;1
4700;119;5031;BANCO NACION - GASTOS DE MANTENIMIENTO DE CUENTA;BANCO NACION - GASTOS DE MANTENIMIENTO DE CUENTA;1
4701;119;5032;BANCO NACION - INTERESES POR PRESTAMOS;BANCO NACION - INTERESES POR PRESTAMOS;1
4702;119;5033;BANCO SANTANDER - INTERES POR DESCUBIERTO;BANCO SANTANDER - INTERES POR DESCUBIERTO;1
4703;119;5036;BANCO GALICIA - INTERES POR DESCUBIERTO;BANCO GALICIA - INTERES POR DESCUBIERTO;1
4704;119;5039;BBVA FRANCES - INTERES POR DESCUBIERTO;BBVA FRANCES - INTERES POR DESCUBIERTO;1
4705;119;5042;BANCO CREDICOOP - INTERES POR DESCUBIERTO;BANCO CREDICOOP - INTERES POR DESCUBIERTO;1
4706;119;5045;BANCO HSBC - INTERES POR DESCUBIERTO;BANCO HSBC - INTERES POR DESCUBIERTO;1
4707;119;5048;BANCO PATAGONIA - INTERES POR DESCUBIERTO;BANCO PATAGONIA - INTERES POR DESCUBIERTO;1
4708;119;5034;BANCO SANTANDER - GASTOS DE MANTENIMIENTO DE CUENTA;BANCO SANTANDER - GASTOS DE MANTENIMIENTO DE CUENTA;1
4709;119;5037;BANCO GALICIA - GASTOS DE MANTENIMIENTO DE CUENTA;BANCO GALICIA - GASTOS DE MANTENIMIENTO DE CUENTA;1
4710;119;5043;BANCO CREDICOOP - GASTOS DE MANTENIMIENTO DE CUENTA;BANCO CREDICOOP - GASTOS DE MANTENIMIENTO DE CUENTA;1
4711;119;5046;BANCO HSBC - GASTOS DE MANTENIMIENTO DE CUENTA;BANCO HSBC - GASTOS DE MANTENIMIENTO DE CUENTA;1
4712;119;5049;BANCO PATAGONIA - GASTOS DE MANTENIMIENTO DE CUENTA;BANCO PATAGONIA - GASTOS DE MANTENIMIENTO DE CUENTA;1
4713;119;5035;BANCO SANTANDER - INTERESES POR PRESTAMOS;BANCO SANTANDER - INTERESES POR PRESTAMOS;1
4714;119;5038;BANCO GALICIA - INTERESES POR PRESTAMOS;BANCO GALICIA - INTERESES POR PRESTAMOS;1
4715;119;5041;BBVA FRANCES - INTERESES POR PRESTAMOS;BBVA FRANCES - INTERESES POR PRESTAMOS;1
4716;119;5044;BANCO CREDICOOP- INTERESES POR PRESTAMOS;BANCO CREDICOOP- INTERESES POR PRESTAMOS;1
4717;119;5047;BANCO HSBC - INTERESES POR PRESTAMOS;BANCO HSBC - INTERESES POR PRESTAMOS;1
4718;119;5050;BANCO PATAGONIA- INTERESES POR PRESTAMOS;BANCO PATAGONIA- INTERESES POR PRESTAMOS;1
4719;119;1050;RODADOS - BIENES DE USO;RODADOS - BIENES DE USO;1
4720;119;1051;MUEBLES Y UTILES - BIENES DE USO;MUEBLES Y UTILES - BIENES DE USO;1
4721;119;1052;MAQUINARIA - BIENES DE USO;MAQUINARIA - BIENES DE USO;1
4722;119;1053;INMUEBLES - BIENES DE USO;INMUEBLES - BIENES DE USO;1
4723;119;5020;RODADOS - GASTOS DE MANTENIMIENTO;RODADOS - GASTOS DE MANTENIMIENTO;1
4724;119;5021;MUEBLES Y UTILES - GASTOS DE MANTENIMIENTO;MUEBLES Y UTILES - GASTOS DE MANTENIMIENTO;1
4725;119;5022;MAQUINARIA - GASTOS DE MANTENIMIENTO;MAQUINARIA - GASTOS DE MANTENIMIENTO;1
4726;119;5023;INMUEBLES - GASTOS DE MANTENIMIENTO;INMUEBLES - GASTOS DE MANTENIMIENTO;1
4727;119;5024;COMPRA DE BIENES USADOS A CF;COMPRA DE BIENES USADOS A CF;1
4728;119;1059;INSTALACIONES - BIENES DE USO;INSTALACIONES - BIENES DE USO;1
4729;119;5025;INSTALACIONES - GASTOS DE MANTENIMIENTO;INSTALACIONES - GASTOS DE MANTENIMIENTO;1
4730;119;5004;SERVICIOS Y TASAS;SERVICIOS Y TASAS;1
4731;119;5051;BANCO HIPOTECARIO - COMISIONES CUENTA;BANCO HIPOTECARIO - COMISIONES CUENTA;1
4732;119;5040;BBVA FRANCES - COMISIONES BANCARIAS;BBVA FRANCES - COMISIONES BANCARIAS;1
4747;120;4000;VENTAS;VENTAS;1
4748;120;5000;COMPRAS;COMPRAS;1
4749;120;5001;COMISION TARJETAS DE CREDITO;COMISION TARJETAS DE CREDITO;1
4750;120;5002;COMBUSTIBLES Y LUBRICANTES;COMBUSTIBLES Y LUBRICANTES;1
4751;120;5003;FLETES Y CORREO;FLETES Y CORREO;1
4752;120;5005;LIBRERIA Y PAPELERIA;LIBRERIA Y PAPELERIA;1
4753;120;5006;HONORARIOS PROFESIONALES;HONORARIOS PROFESIONALES;1
4754;120;5007;ALQUILERES PAGADOS;ALQUILERES PAGADOS;1
4755;120;5008;SEGUROS PAGADOS;SEGUROS PAGADOS;1
4756;120;5010;GASTOS GENERALES;GASTOS GENERALES;1
4757;120;5011;SERVICISO INFORMATICOS;SERVICIOS INFORMATICOS;1
4758;120;5012;CANON;CANON;1
4759;120;5013;SERVICIOS JURIDICOS;SERVICIOS JURIDICOS;1
4760;120;5030;BANCO NACION - INTERES POR DESCUBIERTO;BANCO NACION - INTERES POR DESCUBIERTO;1
4761;120;5009;INTERESES BANCARIOS;INTERESES BANCARIOS;1
4762;120;5031;BANCO NACION - GASTOS DE MANTENIMIENTO DE CUENTA;BANCO NACION - GASTOS DE MANTENIMIENTO DE CUENTA;1
4763;120;5032;BANCO NACION - INTERESES POR PRESTAMOS;BANCO NACION - INTERESES POR PRESTAMOS;1
4764;120;5033;BANCO SANTANDER - INTERES POR DESCUBIERTO;BANCO SANTANDER - INTERES POR DESCUBIERTO;1
4765;120;5036;BANCO GALICIA - INTERES POR DESCUBIERTO;BANCO GALICIA - INTERES POR DESCUBIERTO;1
4766;120;5039;BBVA FRANCES - INTERES POR DESCUBIERTO;BBVA FRANCES - INTERES POR DESCUBIERTO;1
4767;120;5042;BANCO CREDICOOP - INTERES POR DESCUBIERTO;BANCO CREDICOOP - INTERES POR DESCUBIERTO;1
4768;120;5045;BANCO HSBC - INTERES POR DESCUBIERTO;BANCO HSBC - INTERES POR DESCUBIERTO;1
4769;120;5048;BANCO PATAGONIA - INTERES POR DESCUBIERTO;BANCO PATAGONIA - INTERES POR DESCUBIERTO;1
4770;120;5034;BANCO SANTANDER - GASTOS DE MANTENIMIENTO DE CUENTA;BANCO SANTANDER - GASTOS DE MANTENIMIENTO DE CUENTA;1
4771;120;5037;BANCO GALICIA - GASTOS DE MANTENIMIENTO DE CUENTA;BANCO GALICIA - GASTOS DE MANTENIMIENTO DE CUENTA;1
4772;120;5043;BANCO CREDICOOP - GASTOS DE MANTENIMIENTO DE CUENTA;BANCO CREDICOOP - GASTOS DE MANTENIMIENTO DE CUENTA;1
4773;120;5046;BANCO HSBC - GASTOS DE MANTENIMIENTO DE CUENTA;BANCO HSBC - GASTOS DE MANTENIMIENTO DE CUENTA;1
4774;120;5049;BANCO PATAGONIA - GASTOS DE MANTENIMIENTO DE CUENTA;BANCO PATAGONIA - GASTOS DE MANTENIMIENTO DE CUENTA;1
4775;120;5035;BANCO SANTANDER - INTERESES POR PRESTAMOS;BANCO SANTANDER - INTERESES POR PRESTAMOS;1
4776;120;5038;BANCO GALICIA - INTERESES POR PRESTAMOS;BANCO GALICIA - INTERESES POR PRESTAMOS;1
4777;120;5041;BBVA FRANCES - INTERESES POR PRESTAMOS;BBVA FRANCES - INTERESES POR PRESTAMOS;1
4778;120;5044;BANCO CREDICOOP- INTERESES POR PRESTAMOS;BANCO CREDICOOP- INTERESES POR PRESTAMOS;1
4779;120;5047;BANCO HSBC - INTERESES POR PRESTAMOS;BANCO HSBC - INTERESES POR PRESTAMOS;1
4780;120;5050;BANCO PATAGONIA- INTERESES POR PRESTAMOS;BANCO PATAGONIA- INTERESES POR PRESTAMOS;1
4781;120;1050;RODADOS - BIENES DE USO;RODADOS - BIENES DE USO;1
4782;120;1051;MUEBLES Y UTILES - BIENES DE USO;MUEBLES Y UTILES - BIENES DE USO;1
4783;120;1052;MAQUINARIA - BIENES DE USO;MAQUINARIA - BIENES DE USO;1
4784;120;1053;INMUEBLES - BIENES DE USO;INMUEBLES - BIENES DE USO;1
4785;120;5020;RODADOS - GASTOS DE MANTENIMIENTO;RODADOS - GASTOS DE MANTENIMIENTO;1
4786;120;5021;MUEBLES Y UTILES - GASTOS DE MANTENIMIENTO;MUEBLES Y UTILES - GASTOS DE MANTENIMIENTO;1
4787;120;5022;MAQUINARIA - GASTOS DE MANTENIMIENTO;MAQUINARIA - GASTOS DE MANTENIMIENTO;1
4788;120;5023;INMUEBLES - GASTOS DE MANTENIMIENTO;INMUEBLES - GASTOS DE MANTENIMIENTO;1
4789;120;5024;COMPRA DE BIENES USADOS A CF;COMPRA DE BIENES USADOS A CF;1
4790;120;1059;INSTALACIONES - BIENES DE USO;INSTALACIONES - BIENES DE USO;1
4791;120;5025;INSTALACIONES - GASTOS DE MANTENIMIENTO;INSTALACIONES - GASTOS DE MANTENIMIENTO;1
4792;120;5004;SERVICIOS Y TASAS;SERVICIOS Y TASAS;1
4793;120;5051;BANCO HIPOTECARIO - COMISIONES CUENTA;BANCO HIPOTECARIO - COMISIONES CUENTA;1
4794;120;5040;BBVA FRANCES - COMISIONES BANCARIAS;BBVA FRANCES - COMISIONES BANCARIAS;1
4809;123;4000;VENTAS;VENTAS;1
4810;123;5000;COMPRAS;COMPRAS;1
4811;123;5001;COMISION TARJETAS DE CREDITO;COMISION TARJETAS DE CREDITO;1
4812;123;5002;COMBUSTIBLES Y LUBRICANTES;COMBUSTIBLES Y LUBRICANTES;1
4813;123;5003;FLETES Y CORREO;FLETES Y CORREO;1
4814;123;5005;LIBRERIA Y PAPELERIA;LIBRERIA Y PAPELERIA;1
4815;123;5006;HONORARIOS PROFESIONALES;HONORARIOS PROFESIONALES;1
4816;123;5007;ALQUILERES PAGADOS;ALQUILERES PAGADOS;1
4817;123;5008;SEGUROS PAGADOS;SEGUROS PAGADOS;1
4818;123;5010;GASTOS GENERALES;GASTOS GENERALES;1
4819;123;5011;SERVICISO INFORMATICOS;SERVICIOS INFORMATICOS;1
4820;123;5012;CANON;CANON;1
4821;123;5013;SERVICIOS JURIDICOS;SERVICIOS JURIDICOS;1
4822;123;5030;BANCO NACION - INTERES POR DESCUBIERTO;BANCO NACION - INTERES POR DESCUBIERTO;1
4823;123;5009;INTERESES BANCARIOS;INTERESES BANCARIOS;1
4824;123;5031;BANCO NACION - GASTOS DE MANTENIMIENTO DE CUENTA;BANCO NACION - GASTOS DE MANTENIMIENTO DE CUENTA;1
4825;123;5032;BANCO NACION - INTERESES POR PRESTAMOS;BANCO NACION - INTERESES POR PRESTAMOS;1
4826;123;5033;BANCO SANTANDER - INTERES POR DESCUBIERTO;BANCO SANTANDER - INTERES POR DESCUBIERTO;1
4827;123;5036;BANCO GALICIA - INTERES POR DESCUBIERTO;BANCO GALICIA - INTERES POR DESCUBIERTO;1
4828;123;5039;BBVA FRANCES - INTERES POR DESCUBIERTO;BBVA FRANCES - INTERES POR DESCUBIERTO;1
4829;123;5042;BANCO CREDICOOP - INTERES POR DESCUBIERTO;BANCO CREDICOOP - INTERES POR DESCUBIERTO;1
4830;123;5045;BANCO HSBC - INTERES POR DESCUBIERTO;BANCO HSBC - INTERES POR DESCUBIERTO;1
4831;123;5048;BANCO PATAGONIA - INTERES POR DESCUBIERTO;BANCO PATAGONIA - INTERES POR DESCUBIERTO;1
4832;123;5034;BANCO SANTANDER - GASTOS DE MANTENIMIENTO DE CUENTA;BANCO SANTANDER - GASTOS DE MANTENIMIENTO DE CUENTA;1
4833;123;5037;BANCO GALICIA - GASTOS DE MANTENIMIENTO DE CUENTA;BANCO GALICIA - GASTOS DE MANTENIMIENTO DE CUENTA;1
4834;123;5043;BANCO CREDICOOP - GASTOS DE MANTENIMIENTO DE CUENTA;BANCO CREDICOOP - GASTOS DE MANTENIMIENTO DE CUENTA;1
4835;123;5046;BANCO HSBC - GASTOS DE MANTENIMIENTO DE CUENTA;BANCO HSBC - GASTOS DE MANTENIMIENTO DE CUENTA;1
4836;123;5049;BANCO PATAGONIA - GASTOS DE MANTENIMIENTO DE CUENTA;BANCO PATAGONIA - GASTOS DE MANTENIMIENTO DE CUENTA;1
4837;123;5035;BANCO SANTANDER - INTERESES POR PRESTAMOS;BANCO SANTANDER - INTERESES POR PRESTAMOS;1
4838;123;5038;BANCO GALICIA - INTERESES POR PRESTAMOS;BANCO GALICIA - INTERESES POR PRESTAMOS;1
4839;123;5041;BBVA FRANCES - INTERESES POR PRESTAMOS;BBVA FRANCES - INTERESES POR PRESTAMOS;1
4840;123;5044;BANCO CREDICOOP- INTERESES POR PRESTAMOS;BANCO CREDICOOP- INTERESES POR PRESTAMOS;1
4841;123;5047;BANCO HSBC - INTERESES POR PRESTAMOS;BANCO HSBC - INTERESES POR PRESTAMOS;1
4842;123;5050;BANCO PATAGONIA- INTERESES POR PRESTAMOS;BANCO PATAGONIA- INTERESES POR PRESTAMOS;1
4843;123;1050;RODADOS - BIENES DE USO;RODADOS - BIENES DE USO;1
4844;123;1051;MUEBLES Y UTILES - BIENES DE USO;MUEBLES Y UTILES - BIENES DE USO;1
4845;123;1052;MAQUINARIA - BIENES DE USO;MAQUINARIA - BIENES DE USO;1
4846;123;1053;INMUEBLES - BIENES DE USO;INMUEBLES - BIENES DE USO;1
4847;123;5020;RODADOS - GASTOS DE MANTENIMIENTO;RODADOS - GASTOS DE MANTENIMIENTO;1
4848;123;5021;MUEBLES Y UTILES - GASTOS DE MANTENIMIENTO;MUEBLES Y UTILES - GASTOS DE MANTENIMIENTO;1
4849;123;5022;MAQUINARIA - GASTOS DE MANTENIMIENTO;MAQUINARIA - GASTOS DE MANTENIMIENTO;1
4850;123;5023;INMUEBLES - GASTOS DE MANTENIMIENTO;INMUEBLES - GASTOS DE MANTENIMIENTO;1
4851;123;5024;COMPRA DE BIENES USADOS A CF;COMPRA DE BIENES USADOS A CF;1
4852;123;1059;INSTALACIONES - BIENES DE USO;INSTALACIONES - BIENES DE USO;1
4853;123;5025;INSTALACIONES - GASTOS DE MANTENIMIENTO;INSTALACIONES - GASTOS DE MANTENIMIENTO;1
4854;123;5004;SERVICIOS Y TASAS;SERVICIOS Y TASAS;1
4855;123;5051;BANCO HIPOTECARIO - COMISIONES CUENTA;BANCO HIPOTECARIO - COMISIONES CUENTA;1
4856;123;5040;BBVA FRANCES - COMISIONES BANCARIAS;BBVA FRANCES - COMISIONES BANCARIAS;1
4871;124;4000;VENTAS;VENTAS;1
4872;124;5000;COMPRAS;COMPRAS;1
4873;124;5001;COMISION TARJETAS DE CREDITO;COMISION TARJETAS DE CREDITO;1
4874;124;5002;COMBUSTIBLES Y LUBRICANTES;COMBUSTIBLES Y LUBRICANTES;1
4875;124;5003;FLETES Y CORREO;FLETES Y CORREO;1
4876;124;5005;LIBRERIA Y PAPELERIA;LIBRERIA Y PAPELERIA;1
4877;124;5006;HONORARIOS PROFESIONALES;HONORARIOS PROFESIONALES;1
4878;124;5007;ALQUILERES PAGADOS;ALQUILERES PAGADOS;1
4879;124;5008;SEGUROS PAGADOS;SEGUROS PAGADOS;1
4880;124;5010;GASTOS GENERALES;GASTOS GENERALES;1
4881;124;5011;SERVICISO INFORMATICOS;SERVICIOS INFORMATICOS;1
4882;124;5012;CANON;CANON;1
4883;124;5013;SERVICIOS JURIDICOS;SERVICIOS JURIDICOS;1
4884;124;5030;BANCO NACION - INTERES POR DESCUBIERTO;BANCO NACION - INTERES POR DESCUBIERTO;1
4885;124;5009;INTERESES BANCARIOS;INTERESES BANCARIOS;1
4886;124;5031;BANCO NACION - GASTOS DE MANTENIMIENTO DE CUENTA;BANCO NACION - GASTOS DE MANTENIMIENTO DE CUENTA;1
4887;124;5032;BANCO NACION - INTERESES POR PRESTAMOS;BANCO NACION - INTERESES POR PRESTAMOS;1
4888;124;5033;BANCO SANTANDER - INTERES POR DESCUBIERTO;BANCO SANTANDER - INTERES POR DESCUBIERTO;1
4889;124;5036;BANCO GALICIA - INTERES POR DESCUBIERTO;BANCO GALICIA - INTERES POR DESCUBIERTO;1
4890;124;5039;BBVA FRANCES - INTERES POR DESCUBIERTO;BBVA FRANCES - INTERES POR DESCUBIERTO;1
4891;124;5042;BANCO CREDICOOP - INTERES POR DESCUBIERTO;BANCO CREDICOOP - INTERES POR DESCUBIERTO;1
4892;124;5045;BANCO HSBC - INTERES POR DESCUBIERTO;BANCO HSBC - INTERES POR DESCUBIERTO;1
4893;124;5048;BANCO PATAGONIA - INTERES POR DESCUBIERTO;BANCO PATAGONIA - INTERES POR DESCUBIERTO;1
4894;124;5034;BANCO SANTANDER - GASTOS DE MANTENIMIENTO DE CUENTA;BANCO SANTANDER - GASTOS DE MANTENIMIENTO DE CUENTA;1
4895;124;5037;BANCO GALICIA - GASTOS DE MANTENIMIENTO DE CUENTA;BANCO GALICIA - GASTOS DE MANTENIMIENTO DE CUENTA;1
4896;124;5043;BANCO CREDICOOP - GASTOS DE MANTENIMIENTO DE CUENTA;BANCO CREDICOOP - GASTOS DE MANTENIMIENTO DE CUENTA;1
4897;124;5046;BANCO HSBC - GASTOS DE MANTENIMIENTO DE CUENTA;BANCO HSBC - GASTOS DE MANTENIMIENTO DE CUENTA;1
4898;124;5049;BANCO PATAGONIA - GASTOS DE MANTENIMIENTO DE CUENTA;BANCO PATAGONIA - GASTOS DE MANTENIMIENTO DE CUENTA;1
4899;124;5035;BANCO SANTANDER - INTERESES POR PRESTAMOS;BANCO SANTANDER - INTERESES POR PRESTAMOS;1
4900;124;5038;BANCO GALICIA - INTERESES POR PRESTAMOS;BANCO GALICIA - INTERESES POR PRESTAMOS;1
4901;124;5041;BBVA FRANCES - INTERESES POR PRESTAMOS;BBVA FRANCES - INTERESES POR PRESTAMOS;1
4902;124;5044;BANCO CREDICOOP- INTERESES POR PRESTAMOS;BANCO CREDICOOP- INTERESES POR PRESTAMOS;1
4903;124;5047;BANCO HSBC - INTERESES POR PRESTAMOS;BANCO HSBC - INTERESES POR PRESTAMOS;1
4904;124;5050;BANCO PATAGONIA- INTERESES POR PRESTAMOS;BANCO PATAGONIA- INTERESES POR PRESTAMOS;1
4905;124;1050;RODADOS - BIENES DE USO;RODADOS - BIENES DE USO;1
4906;124;1051;MUEBLES Y UTILES - BIENES DE USO;MUEBLES Y UTILES - BIENES DE USO;1
4907;124;1052;MAQUINARIA - BIENES DE USO;MAQUINARIA - BIENES DE USO;1
4908;124;1053;INMUEBLES - BIENES DE USO;INMUEBLES - BIENES DE USO;1
4909;124;5020;RODADOS - GASTOS DE MANTENIMIENTO;RODADOS - GASTOS DE MANTENIMIENTO;1
4910;124;5021;MUEBLES Y UTILES - GASTOS DE MANTENIMIENTO;MUEBLES Y UTILES - GASTOS DE MANTENIMIENTO;1
4911;124;5022;MAQUINARIA - GASTOS DE MANTENIMIENTO;MAQUINARIA - GASTOS DE MANTENIMIENTO;1
4912;124;5023;INMUEBLES - GASTOS DE MANTENIMIENTO;INMUEBLES - GASTOS DE MANTENIMIENTO;1
4913;124;2024;COMPRA DE BIENES USADOS A CF;COMPRA DE BIENES USADOS A CF;1
4914;124;1059;INSTALACIONES - BIENES DE USO;INSTALACIONES - BIENES DE USO;1
4915;124;5025;INSTALACIONES - GASTOS DE MANTENIMIENTO;INSTALACIONES - GASTOS DE MANTENIMIENTO;1
4916;124;5004;SERVICIOS Y TASAS;SERVICIOS Y TASAS;1
4917;124;5051;BANCO HIPOTECARIO - COMISIONES CUENTA;BANCO HIPOTECARIO - COMISIONES CUENTA;1
4918;124;5040;BBVA FRANCES - COMISIONES BANCARIAS;BBVA FRANCES - COMISIONES BANCARIAS;1
4933;96;4000;VENTAS;VENTAS;1
4934;96;5000;COMPRAS;COMPRAS;1
4935;96;5001;COMISION TARJETAS DE CREDITO;COMISION TARJETAS DE CREDITO;1
4936;96;5002;COMBUSTIBLES Y LUBRICANTES;COMBUSTIBLES Y LUBRICANTES;1
4937;96;5003;FLETES Y CORREO;FLETES Y CORREO;1
4938;96;5005;LIBRERIA Y PAPELERIA;LIBRERIA Y PAPELERIA;1
4939;96;5006;HONORARIOS PROFESIONALES;HONORARIOS PROFESIONALES;1
4940;96;5007;ALQUILERES PAGADOS;ALQUILERES PAGADOS;1
4941;96;5008;SEGUROS PAGADOS;SEGUROS PAGADOS;1
4942;96;5010;GASTOS GENERALES;GASTOS GENERALES;1
4943;96;5011;SERVICISO INFORMATICOS;SERVICIOS INFORMATICOS;1
4944;96;5012;CANON;CANON;1
4945;96;5013;SERVICIOS JURIDICOS;SERVICIOS JURIDICOS;1
4946;96;5030;BANCO NACION - INTERES POR DESCUBIERTO;BANCO NACION - INTERES POR DESCUBIERTO;1
4947;96;5009;INTERESES BANCARIOS;INTERESES BANCARIOS;1
4948;96;5031;BANCO NACION - GASTOS DE MANTENIMIENTO DE CUENTA;BANCO NACION - GASTOS DE MANTENIMIENTO DE CUENTA;1
4949;96;5032;BANCO NACION - INTERESES POR PRESTAMOS;BANCO NACION - INTERESES POR PRESTAMOS;1
4950;96;5033;BANCO SANTANDER - INTERES POR DESCUBIERTO;BANCO SANTANDER - INTERES POR DESCUBIERTO;1
4951;96;5036;BANCO GALICIA - INTERES POR DESCUBIERTO;BANCO GALICIA - INTERES POR DESCUBIERTO;1
4952;96;5039;BBVA FRANCES - INTERES POR DESCUBIERTO;BBVA FRANCES - INTERES POR DESCUBIERTO;1
4953;96;5042;BANCO CREDICOOP - INTERES POR DESCUBIERTO;BANCO CREDICOOP - INTERES POR DESCUBIERTO;1
4954;96;5045;BANCO HSBC - INTERES POR DESCUBIERTO;BANCO HSBC - INTERES POR DESCUBIERTO;1
4955;96;5048;BANCO PATAGONIA - INTERES POR DESCUBIERTO;BANCO PATAGONIA - INTERES POR DESCUBIERTO;1
4956;96;5034;BANCO SANTANDER - GASTOS DE MANTENIMIENTO DE CUENTA;BANCO SANTANDER - GASTOS DE MANTENIMIENTO DE CUENTA;1
4957;96;5037;BANCO GALICIA - GASTOS DE MANTENIMIENTO DE CUENTA;BANCO GALICIA - GASTOS DE MANTENIMIENTO DE CUENTA;1
4958;96;5043;BANCO CREDICOOP - GASTOS DE MANTENIMIENTO DE CUENTA;BANCO CREDICOOP - GASTOS DE MANTENIMIENTO DE CUENTA;1
4959;96;5046;BANCO HSBC - GASTOS DE MANTENIMIENTO DE CUENTA;BANCO HSBC - GASTOS DE MANTENIMIENTO DE CUENTA;1
4960;96;5049;BANCO PATAGONIA - GASTOS DE MANTENIMIENTO DE CUENTA;BANCO PATAGONIA - GASTOS DE MANTENIMIENTO DE CUENTA;1
4961;96;5035;BANCO SANTANDER - INTERESES POR PRESTAMOS;BANCO SANTANDER - INTERESES POR PRESTAMOS;1
4962;96;5038;BANCO GALICIA - INTERESES POR PRESTAMOS;BANCO GALICIA - INTERESES POR PRESTAMOS;1
4963;96;5041;BBVA FRANCES - INTERESES POR PRESTAMOS;BBVA FRANCES - INTERESES POR PRESTAMOS;1
4964;96;5044;BANCO CREDICOOP- INTERESES POR PRESTAMOS;BANCO CREDICOOP- INTERESES POR PRESTAMOS;1
4965;96;5047;BANCO HSBC - INTERESES POR PRESTAMOS;BANCO HSBC - INTERESES POR PRESTAMOS;1
4966;96;5050;BANCO PATAGONIA- INTERESES POR PRESTAMOS;BANCO PATAGONIA- INTERESES POR PRESTAMOS;1
4967;96;1050;RODADOS - BIENES DE USO;RODADOS - BIENES DE USO;1
4968;96;1051;MUEBLES Y UTILES - BIENES DE USO;MUEBLES Y UTILES - BIENES DE USO;1
4969;96;1052;MAQUINARIA - BIENES DE USO;MAQUINARIA - BIENES DE USO;1
4970;96;1053;INMUEBLES - BIENES DE USO;INMUEBLES - BIENES DE USO;1
4971;96;5020;RODADOS - GASTOS DE MANTENIMIENTO;RODADOS - GASTOS DE MANTENIMIENTO;1
4972;96;5021;MUEBLES Y UTILES - GASTOS DE MANTENIMIENTO;MUEBLES Y UTILES - GASTOS DE MANTENIMIENTO;1
4973;96;5022;MAQUINARIA - GASTOS DE MANTENIMIENTO;MAQUINARIA - GASTOS DE MANTENIMIENTO;1
4974;96;5023;INMUEBLES - GASTOS DE MANTENIMIENTO;INMUEBLES - GASTOS DE MANTENIMIENTO;1
4975;96;5024;COMPRA DE BIENES USADOS A CF;COMPRA DE BIENES USADOS A CF;1
4976;96;1059;INSTALACIONES - BIENES DE USO;INSTALACIONES - BIENES DE USO;1
4977;96;5025;INSTALACIONES - GASTOS DE MANTENIMIENTO;INSTALACIONES - GASTOS DE MANTENIMIENTO;1
4978;96;5004;SERVICIOS Y TASAS;SERVICIOS Y TASAS;1
4979;96;5051;BANCO HIPOTECARIO - COMISIONES CUENTA;BANCO HIPOTECARIO - COMISIONES CUENTA;1
4980;96;5040;BBVA FRANCES - COMISIONES BANCARIAS;BBVA FRANCES - COMISIONES BANCARIAS;1
4981;125;2001;Compras;COMPRAS;0
4982;125;2000;Ventas;VENTAS;0
4983;125;2002;Comision Tarjetas de Credito;COMISION TARJETAS DE CREDITO;0
4984;125;2003;Combustibles y Lubricantes;COMBUSTIBLES Y LUBRICANTES;0
4985;125;2004;Fletes y acarreos;FLETES Y CORREO;0
4986;125;2005;Servicios Publicos y Tasas Municipales;SERVICIOS PUBLICOS Y TASAS MUNICIPALES;1
4987;125;2006;Imprenta y Papeleria;LIBRERIA Y PAPELERIA;0
4988;125;2007;Honorarios Profesionales;HONORARIOS PROFESIONALES;0
4989;125;2011;Gastos Generales;GASTOS GENERALES;0
4990;125;2013;Muebles y Utiles. Bienes de Uso;MUEBLES Y UTILES - BIENES DE USO;0
4991;125;2020;Compras de bienes usados a CF;COMPRA DE BIENES USADOS A CF;0
4992;125;2023;Servicios Informaticos. Software;SERVICIOS INFORMATICOS;0
4993;125;2009;Seguros Pagados;SEGUROS PAGADOS;0
4994;125;2012;Rodados. Bs De Uso;RODADOS - BIENES DE USO;0
4995;125;4000;VENTAS;VENTAS;1
4996;125;5000;COMPRAS;COMPRAS;1
4997;125;5001;COMISION TARJETAS DE CREDITO;COMISION TARJETAS DE CREDITO;1
4998;125;5002;COMBUSTIBLES Y LUBRICANTES;COMBUSTIBLES Y LUBRICANTES;1
4999;125;5003;FLETES Y CORREO;FLETES Y CORREO;1
5000;125;5005;LIBRERIA Y PAPELERIA;LIBRERIA Y PAPELERIA;1
5001;125;5006;HONORARIOS PROFESIONALES;HONORARIOS PROFESIONALES;1
5002;125;5007;ALQUILERES PAGADOS;ALQUILERES PAGADOS;1
5003;125;5008;SEGUROS PAGADOS;SEGUROS PAGADOS;1
5004;125;5010;GASTOS GENERALES;GASTOS GENERALES;1
5005;125;5011;SERVICISO INFORMATICOS;SERVICIOS INFORMATICOS;1
5006;125;5012;CANON;CANON;1
5007;125;5013;SERVICIOS JURIDICOS;SERVICIOS JURIDICOS;1
5008;125;5030;BANCO NACION - INTERES POR DESCUBIERTO;BANCO NACION - INTERES POR DESCUBIERTO;1
5009;125;5009;INTERESES BANCARIOS;INTERESES BANCARIOS;1
5010;125;5031;BANCO NACION - GASTOS DE MANTENIMIENTO DE CUENTA;BANCO NACION - GASTOS DE MANTENIMIENTO DE CUENTA;1
5011;125;5032;BANCO NACION - INTERESES POR PRESTAMOS;BANCO NACION - INTERESES POR PRESTAMOS;1
5012;125;5033;BANCO SANTANDER - INTERES POR DESCUBIERTO;BANCO SANTANDER - INTERES POR DESCUBIERTO;1
5013;125;5036;BANCO GALICIA - INTERES POR DESCUBIERTO;BANCO GALICIA - INTERES POR DESCUBIERTO;1
5014;125;5039;BBVA FRANCES - INTERES POR DESCUBIERTO;BBVA FRANCES - INTERES POR DESCUBIERTO;1
5015;125;5042;BANCO CREDICOOP - INTERES POR DESCUBIERTO;BANCO CREDICOOP - INTERES POR DESCUBIERTO;1
5016;125;5045;BANCO HSBC - INTERES POR DESCUBIERTO;BANCO HSBC - INTERES POR DESCUBIERTO;1
5017;125;5048;BANCO PATAGONIA - INTERES POR DESCUBIERTO;BANCO PATAGONIA - INTERES POR DESCUBIERTO;1
5018;125;5034;BANCO SANTANDER - GASTOS DE MANTENIMIENTO DE CUENTA;BANCO SANTANDER - GASTOS DE MANTENIMIENTO DE CUENTA;1
5019;125;5037;BANCO GALICIA - GASTOS DE MANTENIMIENTO DE CUENTA;BANCO GALICIA - GASTOS DE MANTENIMIENTO DE CUENTA;1
5020;125;5043;BANCO CREDICOOP - GASTOS DE MANTENIMIENTO DE CUENTA;BANCO CREDICOOP - GASTOS DE MANTENIMIENTO DE CUENTA;1
5021;125;5046;BANCO HSBC - GASTOS DE MANTENIMIENTO DE CUENTA;BANCO HSBC - GASTOS DE MANTENIMIENTO DE CUENTA;1
5022;125;5049;BANCO PATAGONIA - GASTOS DE MANTENIMIENTO DE CUENTA;BANCO PATAGONIA - GASTOS DE MANTENIMIENTO DE CUENTA;1
5023;125;5035;BANCO SANTANDER - INTERESES POR PRESTAMOS;BANCO SANTANDER - INTERESES POR PRESTAMOS;1
5024;125;5038;BANCO GALICIA - INTERESES POR PRESTAMOS;BANCO GALICIA - INTERESES POR PRESTAMOS;1
5025;125;5041;BBVA FRANCES - INTERESES POR PRESTAMOS;BBVA FRANCES - INTERESES POR PRESTAMOS;1
5026;125;5044;BANCO CREDICOOP- INTERESES POR PRESTAMOS;BANCO CREDICOOP- INTERESES POR PRESTAMOS;1
5027;125;5047;BANCO HSBC - INTERESES POR PRESTAMOS;BANCO HSBC - INTERESES POR PRESTAMOS;1
5028;125;5050;BANCO PATAGONIA- INTERESES POR PRESTAMOS;BANCO PATAGONIA- INTERESES POR PRESTAMOS;1
5029;125;1050;RODADOS - BIENES DE USO;RODADOS - BIENES DE USO;1
5030;125;1051;MUEBLES Y UTILES - BIENES DE USO;MUEBLES Y UTILES - BIENES DE USO;1
5031;125;1052;MAQUINARIA - BIENES DE USO;MAQUINARIA - BIENES DE USO;1
5032;125;1053;INMUEBLES - BIENES DE USO;INMUEBLES - BIENES DE USO;1
5034;125;1055;MUEBLES Y UTILES - GASTOS DE MANTENIMIENTO;MUEBLES Y UTILES - GASTOS DE MANTENIMIENTO;1
5035;125;1056;MAQUINARIA - GASTOS DE MANTENIMIENTO;MAQUINARIA - GASTOS DE MANTENIMIENTO;1
5036;125;1057;INMUEBLES - GASTOS DE MANTENIMIENTO;INMUEBLES - GASTOS DE MANTENIMIENTO;1
5037;125;1058;COMPRA DE BIENES USADOS A CF;COMPRA DE BIENES USADOS A CF;1
5038;125;1059;INSTALACIONES - BIENES DE USO;INSTALACIONES - BIENES DE USO;1
5039;125;1060;INSTALACIONES - GASTOS DE MANTENIMIENTO;INSTALACIONES - GASTOS DE MANTENIMIENTO;1
5040;125;5004;SERVICIOS Y TASAS;SERVICIOS Y TASAS;1
5041;125;5051;BANCO HIPOTECARIO - COMISIONES CUENTA;BANCO HIPOTECARIO - COMISIONES CUENTA;1
5042;125;5040;BBVA FRANCES - COMISIONES BANCARIAS;BBVA FRANCES - COMISIONES BANCARIAS;1
5046;23;9999;NO APLICA;NO APLICA;1
5061;15;4000;VENTAS;VENTAS;1
5062;15;5000;COMPRAS;COMPRAS;1
5063;15;5001;COMISION TARJETAS DE CREDITO;COMISION TARJETAS DE CREDITO;1
5064;15;5002;COMBUSTIBLES Y LUBRICANTES;COMBUSTIBLES Y LUBRICANTES;1
5065;15;5003;FLETES Y CORREO;FLETES Y CORREO;1
5066;15;5005;LIBRERIA Y PAPELERIA;LIBRERIA Y PAPELERIA;1
5067;15;5006;HONORARIOS PROFESIONALES;HONORARIOS PROFESIONALES;1
5068;15;5007;ALQUILERES PAGADOS;ALQUILERES PAGADOS;1
5069;15;5008;SEGUROS PAGADOS;SEGUROS PAGADOS;1
5070;15;5010;GASTOS GENERALES;GASTOS GENERALES;1
5071;15;5011;SERVICISO INFORMATICOS;SERVICIOS INFORMATICOS;1
5072;15;5012;CANON;CANON;1
5073;15;5013;SERVICIOS JURIDICOS;SERVICIOS JURIDICOS;1
5074;15;5030;BANCO NACION - INTERES POR DESCUBIERTO;BANCO NACION - INTERES POR DESCUBIERTO;1
5075;15;5009;INTERESES BANCARIOS;INTERESES BANCARIOS;1
5076;15;5031;BANCO NACION - GASTOS DE MANTENIMIENTO DE CUENTA;BANCO NACION - GASTOS DE MANTENIMIENTO DE CUENTA;1
5077;15;5032;BANCO NACION - INTERESES POR PRESTAMOS;BANCO NACION - INTERESES POR PRESTAMOS;1
5078;15;5033;BANCO SANTANDER - INTERES POR DESCUBIERTO;BANCO SANTANDER - INTERES POR DESCUBIERTO;1
5079;15;5036;BANCO GALICIA - INTERES POR DESCUBIERTO;BANCO GALICIA - INTERES POR DESCUBIERTO;1
5080;15;5039;BBVA FRANCES - INTERES POR DESCUBIERTO;BBVA FRANCES - INTERES POR DESCUBIERTO;1
5081;15;5042;BANCO CREDICOOP - INTERES POR DESCUBIERTO;BANCO CREDICOOP - INTERES POR DESCUBIERTO;1
5082;15;5045;BANCO HSBC - INTERES POR DESCUBIERTO;BANCO HSBC - INTERES POR DESCUBIERTO;1
5083;15;5048;BANCO PATAGONIA - INTERES POR DESCUBIERTO;BANCO PATAGONIA - INTERES POR DESCUBIERTO;1
5084;15;5034;BANCO SANTANDER - GASTOS DE MANTENIMIENTO DE CUENTA;BANCO SANTANDER - GASTOS DE MANTENIMIENTO DE CUENTA;1
5085;15;5037;BANCO GALICIA - GASTOS DE MANTENIMIENTO DE CUENTA;BANCO GALICIA - GASTOS DE MANTENIMIENTO DE CUENTA;1
5086;15;5043;BANCO CREDICOOP - GASTOS DE MANTENIMIENTO DE CUENTA;BANCO CREDICOOP - GASTOS DE MANTENIMIENTO DE CUENTA;1
5087;15;5046;BANCO HSBC - GASTOS DE MANTENIMIENTO DE CUENTA;BANCO HSBC - GASTOS DE MANTENIMIENTO DE CUENTA;1
5088;15;5049;BANCO PATAGONIA - GASTOS DE MANTENIMIENTO DE CUENTA;BANCO PATAGONIA - GASTOS DE MANTENIMIENTO DE CUENTA;1
5089;15;5035;BANCO SANTANDER - INTERESES POR PRESTAMOS;BANCO SANTANDER - INTERESES POR PRESTAMOS;1
5090;15;5038;BANCO GALICIA - INTERESES POR PRESTAMOS;BANCO GALICIA - INTERESES POR PRESTAMOS;1
5091;15;5041;BBVA FRANCES - INTERESES POR PRESTAMOS;BBVA FRANCES - INTERESES POR PRESTAMOS;1
5092;15;5044;BANCO CREDICOOP- INTERESES POR PRESTAMOS;BANCO CREDICOOP- INTERESES POR PRESTAMOS;1
5093;15;5047;BANCO HSBC - INTERESES POR PRESTAMOS;BANCO HSBC - INTERESES POR PRESTAMOS;1
5094;15;5050;BANCO PATAGONIA- INTERESES POR PRESTAMOS;BANCO PATAGONIA- INTERESES POR PRESTAMOS;1
5095;15;1050;RODADOS - BIENES DE USO;RODADOS - BIENES DE USO;1
5096;15;1051;MUEBLES Y UTILES - BIENES DE USO;MUEBLES Y UTILES - BIENES DE USO;1
5097;15;1052;MAQUINARIA - BIENES DE USO;MAQUINARIA - BIENES DE USO;1
5098;15;1053;INMUEBLES - BIENES DE USO;INMUEBLES - BIENES DE USO;1
5099;15;5020;RODADOS - GASTOS DE MANTENIMIENTO;RODADOS - GASTOS DE MANTENIMIENTO;1
5100;15;5021;MUEBLES Y UTILES - GASTOS DE MANTENIMIENTO;MUEBLES Y UTILES - GASTOS DE MANTENIMIENTO;1
5101;15;5022;MAQUINARIA - GASTOS DE MANTENIMIENTO;MAQUINARIA - GASTOS DE MANTENIMIENTO;1
5102;15;5023;INMUEBLES - GASTOS DE MANTENIMIENTO;INMUEBLES - GASTOS DE MANTENIMIENTO;1
5103;15;5024;COMPRA DE BIENES USADOS A CF;COMPRA DE BIENES USADOS A CF;1
5104;15;1059;INSTALACIONES - BIENES DE USO;INSTALACIONES - BIENES DE USO;1
5105;15;5025;INSTALACIONES - GASTOS DE MANTENIMIENTO;INSTALACIONES - GASTOS DE MANTENIMIENTO;1
5106;15;5004;SERVICIOS Y TASAS;SERVICIOS Y TASAS;1
5107;15;5051;BANCO HIPOTECARIO - COMISIONES CUENTA;BANCO HIPOTECARIO - COMISIONES CUENTA;1
5108;15;5040;BBVA FRANCES - COMISIONES BANCARIAS;BBVA FRANCES - COMISIONES BANCARIAS;1
5123;71;4000;VENTAS;VENTAS;1
5124;71;5000;COMPRAS;COMPRAS;1
5125;71;5001;COMISION TARJETAS DE CREDITO;COMISION TARJETAS DE CREDITO;1
5126;71;5002;COMBUSTIBLES Y LUBRICANTES;COMBUSTIBLES Y LUBRICANTES;1
5127;71;5003;FLETES Y CORREO;FLETES Y CORREO;1
5128;71;5005;LIBRERIA Y PAPELERIA;LIBRERIA Y PAPELERIA;1
5129;71;5006;HONORARIOS PROFESIONALES;HONORARIOS PROFESIONALES;1
5130;71;5007;ALQUILERES PAGADOS;ALQUILERES PAGADOS;1
5131;71;5008;SEGUROS PAGADOS;SEGUROS PAGADOS;1
5132;71;5010;GASTOS GENERALES;GASTOS GENERALES;1
5133;71;5011;SERVICISO INFORMATICOS;SERVICIOS INFORMATICOS;1
5134;71;5012;CANON;CANON;1
5135;71;5013;SERVICIOS JURIDICOS;SERVICIOS JURIDICOS;1
5136;71;5030;BANCO NACION - INTERES POR DESCUBIERTO;BANCO NACION - INTERES POR DESCUBIERTO;1
5137;71;5009;INTERESES BANCARIOS;INTERESES BANCARIOS;1
5138;71;5031;BANCO NACION - GASTOS DE MANTENIMIENTO DE CUENTA;BANCO NACION - GASTOS DE MANTENIMIENTO DE CUENTA;1
5139;71;5032;BANCO NACION - INTERESES POR PRESTAMOS;BANCO NACION - INTERESES POR PRESTAMOS;1
5140;71;5033;BANCO SANTANDER - INTERES POR DESCUBIERTO;BANCO SANTANDER - INTERES POR DESCUBIERTO;1
5141;71;5036;BANCO GALICIA - INTERES POR DESCUBIERTO;BANCO GALICIA - INTERES POR DESCUBIERTO;1
5142;71;5039;BBVA FRANCES - INTERES POR DESCUBIERTO;BBVA FRANCES - INTERES POR DESCUBIERTO;1
5143;71;5042;BANCO CREDICOOP - INTERES POR DESCUBIERTO;BANCO CREDICOOP - INTERES POR DESCUBIERTO;1
5144;71;5045;BANCO HSBC - INTERES POR DESCUBIERTO;BANCO HSBC - INTERES POR DESCUBIERTO;1
5145;71;5048;BANCO PATAGONIA - INTERES POR DESCUBIERTO;BANCO PATAGONIA - INTERES POR DESCUBIERTO;1
5146;71;5034;BANCO SANTANDER - GASTOS DE MANTENIMIENTO DE CUENTA;BANCO SANTANDER - GASTOS DE MANTENIMIENTO DE CUENTA;1
5147;71;5037;BANCO GALICIA - GASTOS DE MANTENIMIENTO DE CUENTA;BANCO GALICIA - GASTOS DE MANTENIMIENTO DE CUENTA;1
5148;71;5043;BANCO CREDICOOP - GASTOS DE MANTENIMIENTO DE CUENTA;BANCO CREDICOOP - GASTOS DE MANTENIMIENTO DE CUENTA;1
5149;71;5046;BANCO HSBC - GASTOS DE MANTENIMIENTO DE CUENTA;BANCO HSBC - GASTOS DE MANTENIMIENTO DE CUENTA;1
5150;71;5049;BANCO PATAGONIA - GASTOS DE MANTENIMIENTO DE CUENTA;BANCO PATAGONIA - GASTOS DE MANTENIMIENTO DE CUENTA;1
5151;71;5035;BANCO SANTANDER - INTERESES POR PRESTAMOS;BANCO SANTANDER - INTERESES POR PRESTAMOS;1
5152;71;5038;BANCO GALICIA - INTERESES POR PRESTAMOS;BANCO GALICIA - INTERESES POR PRESTAMOS;1
5153;71;5041;BBVA FRANCES - INTERESES POR PRESTAMOS;BBVA FRANCES - INTERESES POR PRESTAMOS;1
5154;71;5044;BANCO CREDICOOP- INTERESES POR PRESTAMOS;BANCO CREDICOOP- INTERESES POR PRESTAMOS;1
5155;71;5047;BANCO HSBC - INTERESES POR PRESTAMOS;BANCO HSBC - INTERESES POR PRESTAMOS;1
5156;71;5050;BANCO PATAGONIA- INTERESES POR PRESTAMOS;BANCO PATAGONIA- INTERESES POR PRESTAMOS;1
5157;71;1050;RODADOS - BIENES DE USO;RODADOS - BIENES DE USO;1
5158;71;1051;MUEBLES Y UTILES - BIENES DE USO;MUEBLES Y UTILES - BIENES DE USO;1
5159;71;5022;MAQUINARIA - BIENES DE USO;MAQUINARIA - BIENES DE USO;1
5160;71;1053;INMUEBLES - BIENES DE USO;INMUEBLES - BIENES DE USO;1
5161;71;5020;RODADOS - GASTOS DE MANTENIMIENTO;RODADOS - GASTOS DE MANTENIMIENTO;1
5162;71;5021;MUEBLES Y UTILES - GASTOS DE MANTENIMIENTO;MUEBLES Y UTILES - GASTOS DE MANTENIMIENTO;1
5163;71;5022;MAQUINARIA - GASTOS DE MANTENIMIENTO;MAQUINARIA - GASTOS DE MANTENIMIENTO;1
5164;71;5023;INMUEBLES - GASTOS DE MANTENIMIENTO;INMUEBLES - GASTOS DE MANTENIMIENTO;1
5165;71;5024;COMPRA DE BIENES USADOS A CF;COMPRA DE BIENES USADOS A CF;1
5166;71;1059;INSTALACIONES - BIENES DE USO;INSTALACIONES - BIENES DE USO;1
5167;71;5025;INSTALACIONES - GASTOS DE MANTENIMIENTO;INSTALACIONES - GASTOS DE MANTENIMIENTO;1
5168;71;5004;SERVICIOS Y TASAS;SERVICIOS Y TASAS;1
5169;71;5051;BANCO HIPOTECARIO - COMISIONES CUENTA;BANCO HIPOTECARIO - COMISIONES CUENTA;1
5170;71;5040;BBVA FRANCES - COMISIONES BANCARIAS;BBVA FRANCES - COMISIONES BANCARIAS;1
5185;126;4000;VENTAS;VENTAS;1
5186;126;5000;COMPRAS;COMPRAS;1
5187;126;5001;COMISION TARJETAS DE CREDITO;COMISION TARJETAS DE CREDITO;1
5188;126;5002;COMBUSTIBLES Y LUBRICANTES;COMBUSTIBLES Y LUBRICANTES;1
5189;126;5003;FLETES Y CORREO;FLETES Y CORREO;1
5190;126;5005;LIBRERIA Y PAPELERIA;LIBRERIA Y PAPELERIA;1
5191;126;5006;HONORARIOS PROFESIONALES;HONORARIOS PROFESIONALES;1
5192;126;5007;ALQUILERES PAGADOS;ALQUILERES PAGADOS;1
5193;126;5008;SEGUROS PAGADOS;SEGUROS PAGADOS;1
5194;126;5010;GASTOS GENERALES;GASTOS GENERALES;1
5195;126;5011;SERVICISO INFORMATICOS;SERVICIOS INFORMATICOS;1
5196;126;5012;CANON;CANON;1
5197;126;5013;SERVICIOS JURIDICOS;SERVICIOS JURIDICOS;1
5198;126;5030;BANCO NACION - INTERES POR DESCUBIERTO;BANCO NACION - INTERES POR DESCUBIERTO;1
5199;126;5009;INTERESES BANCARIOS;INTERESES BANCARIOS;1
5200;126;5031;BANCO NACION - GASTOS DE MANTENIMIENTO DE CUENTA;BANCO NACION - GASTOS DE MANTENIMIENTO DE CUENTA;1
5201;126;5032;BANCO NACION - INTERESES POR PRESTAMOS;BANCO NACION - INTERESES POR PRESTAMOS;1
5202;126;5033;BANCO SANTANDER - INTERES POR DESCUBIERTO;BANCO SANTANDER - INTERES POR DESCUBIERTO;1
5203;126;5036;BANCO GALICIA - INTERES POR DESCUBIERTO;BANCO GALICIA - INTERES POR DESCUBIERTO;1
5204;126;5039;BBVA FRANCES - INTERES POR DESCUBIERTO;BBVA FRANCES - INTERES POR DESCUBIERTO;1
5205;126;5042;BANCO CREDICOOP - INTERES POR DESCUBIERTO;BANCO CREDICOOP - INTERES POR DESCUBIERTO;1
5206;126;5045;BANCO HSBC - INTERES POR DESCUBIERTO;BANCO HSBC - INTERES POR DESCUBIERTO;1
5207;126;5048;BANCO PATAGONIA - INTERES POR DESCUBIERTO;BANCO PATAGONIA - INTERES POR DESCUBIERTO;1
5208;126;5034;BANCO SANTANDER - GASTOS DE MANTENIMIENTO DE CUENTA;BANCO SANTANDER - GASTOS DE MANTENIMIENTO DE CUENTA;1
5209;126;5037;BANCO GALICIA - GASTOS DE MANTENIMIENTO DE CUENTA;BANCO GALICIA - GASTOS DE MANTENIMIENTO DE CUENTA;1
5210;126;5043;BANCO CREDICOOP - GASTOS DE MANTENIMIENTO DE CUENTA;BANCO CREDICOOP - GASTOS DE MANTENIMIENTO DE CUENTA;1
5211;126;5046;BANCO HSBC - GASTOS DE MANTENIMIENTO DE CUENTA;BANCO HSBC - GASTOS DE MANTENIMIENTO DE CUENTA;1
5212;126;5049;BANCO PATAGONIA - GASTOS DE MANTENIMIENTO DE CUENTA;BANCO PATAGONIA - GASTOS DE MANTENIMIENTO DE CUENTA;1
5213;126;5035;BANCO SANTANDER - INTERESES POR PRESTAMOS;BANCO SANTANDER - INTERESES POR PRESTAMOS;1
5214;126;5038;BANCO GALICIA - INTERESES POR PRESTAMOS;BANCO GALICIA - INTERESES POR PRESTAMOS;1
5215;126;5041;BBVA FRANCES - INTERESES POR PRESTAMOS;BBVA FRANCES - INTERESES POR PRESTAMOS;1
5216;126;5044;BANCO CREDICOOP- INTERESES POR PRESTAMOS;BANCO CREDICOOP- INTERESES POR PRESTAMOS;1
5217;126;5047;BANCO HSBC - INTERESES POR PRESTAMOS;BANCO HSBC - INTERESES POR PRESTAMOS;1
5218;126;5050;BANCO PATAGONIA- INTERESES POR PRESTAMOS;BANCO PATAGONIA- INTERESES POR PRESTAMOS;1
5219;126;1050;RODADOS - BIENES DE USO;RODADOS - BIENES DE USO;1
5220;126;1051;MUEBLES Y UTILES - BIENES DE USO;MUEBLES Y UTILES - BIENES DE USO;1
5221;126;1052;MAQUINARIA - BIENES DE USO;MAQUINARIA - BIENES DE USO;1
5222;126;1053;INMUEBLES - BIENES DE USO;INMUEBLES - BIENES DE USO;1
5223;126;5020;RODADOS - GASTOS DE MANTENIMIENTO;RODADOS - GASTOS DE MANTENIMIENTO;1
5224;126;5021;MUEBLES Y UTILES - GASTOS DE MANTENIMIENTO;MUEBLES Y UTILES - GASTOS DE MANTENIMIENTO;1
5225;126;5022;MAQUINARIA - GASTOS DE MANTENIMIENTO;MAQUINARIA - GASTOS DE MANTENIMIENTO;1
5226;126;5023;INMUEBLES - GASTOS DE MANTENIMIENTO;INMUEBLES - GASTOS DE MANTENIMIENTO;1
5227;126;5024;COMPRA DE BIENES USADOS A CF;COMPRA DE BIENES USADOS A CF;1
5228;126;1059;INSTALACIONES - BIENES DE USO;INSTALACIONES - BIENES DE USO;1
5229;126;5025;INSTALACIONES - GASTOS DE MANTENIMIENTO;INSTALACIONES - GASTOS DE MANTENIMIENTO;1
5230;126;5004;SERVICIOS Y TASAS;SERVICIOS Y TASAS;1
5231;126;5051;BANCO HIPOTECARIO - COMISIONES CUENTA;BANCO HIPOTECARIO - COMISIONES CUENTA;1
5232;126;5040;BBVA FRANCES - COMISIONES BANCARIAS;BBVA FRANCES - COMISIONES BANCARIAS;1
5247;84;4000;VENTAS;VENTAS;1
5248;84;5000;COMPRAS;COMPRAS;1
5249;84;5001;COMISION TARJETAS DE CREDITO;COMISION TARJETAS DE CREDITO;1
5250;84;5002;COMBUSTIBLES Y LUBRICANTES;COMBUSTIBLES Y LUBRICANTES;1
5251;84;5003;FLETES Y CORREO;FLETES Y CORREO;1
5252;84;5005;LIBRERIA Y PAPELERIA;LIBRERIA Y PAPELERIA;1
5253;84;5006;HONORARIOS PROFESIONALES;HONORARIOS PROFESIONALES;1
5254;84;5007;ALQUILERES PAGADOS;ALQUILERES PAGADOS;1
5255;84;5008;SEGUROS PAGADOS;SEGUROS PAGADOS;1
5256;84;5010;GASTOS GENERALES;GASTOS GENERALES;1
5257;84;5011;SERVICISO INFORMATICOS;SERVICIOS INFORMATICOS;1
5258;84;5012;CANON;CANON;1
5259;84;5013;SERVICIOS JURIDICOS;SERVICIOS JURIDICOS;1
5260;84;5030;BANCO NACION - INTERES POR DESCUBIERTO;BANCO NACION - INTERES POR DESCUBIERTO;1
5261;84;5009;INTERESES BANCARIOS;INTERESES BANCARIOS;1
5262;84;5031;BANCO NACION - GASTOS DE MANTENIMIENTO DE CUENTA;BANCO NACION - GASTOS DE MANTENIMIENTO DE CUENTA;1
5263;84;5032;BANCO NACION - INTERESES POR PRESTAMOS;BANCO NACION - INTERESES POR PRESTAMOS;1
5264;84;5033;BANCO SANTANDER - INTERES POR DESCUBIERTO;BANCO SANTANDER - INTERES POR DESCUBIERTO;1
5265;84;5036;BANCO GALICIA - INTERES POR DESCUBIERTO;BANCO GALICIA - INTERES POR DESCUBIERTO;1
5266;84;5039;BBVA FRANCES - INTERES POR DESCUBIERTO;BBVA FRANCES - INTERES POR DESCUBIERTO;1
5267;84;5042;BANCO CREDICOOP - INTERES POR DESCUBIERTO;BANCO CREDICOOP - INTERES POR DESCUBIERTO;1
5268;84;5045;BANCO HSBC - INTERES POR DESCUBIERTO;BANCO HSBC - INTERES POR DESCUBIERTO;1
5269;84;5048;BANCO PATAGONIA - INTERES POR DESCUBIERTO;BANCO PATAGONIA - INTERES POR DESCUBIERTO;1
5270;84;5034;BANCO SANTANDER - GASTOS DE MANTENIMIENTO DE CUENTA;BANCO SANTANDER - GASTOS DE MANTENIMIENTO DE CUENTA;1
5271;84;5037;BANCO GALICIA - GASTOS DE MANTENIMIENTO DE CUENTA;BANCO GALICIA - GASTOS DE MANTENIMIENTO DE CUENTA;1
5272;84;5043;BANCO CREDICOOP - GASTOS DE MANTENIMIENTO DE CUENTA;BANCO CREDICOOP - GASTOS DE MANTENIMIENTO DE CUENTA;1
5273;84;5046;BANCO HSBC - GASTOS DE MANTENIMIENTO DE CUENTA;BANCO HSBC - GASTOS DE MANTENIMIENTO DE CUENTA;1
5274;84;5049;BANCO PATAGONIA - GASTOS DE MANTENIMIENTO DE CUENTA;BANCO PATAGONIA - GASTOS DE MANTENIMIENTO DE CUENTA;1
5275;84;5035;BANCO SANTANDER - INTERESES POR PRESTAMOS;BANCO SANTANDER - INTERESES POR PRESTAMOS;1
5276;84;5038;BANCO GALICIA - INTERESES POR PRESTAMOS;BANCO GALICIA - INTERESES POR PRESTAMOS;1
5277;84;5041;BBVA FRANCES - INTERESES POR PRESTAMOS;BBVA FRANCES - INTERESES POR PRESTAMOS;1
5278;84;5044;BANCO CREDICOOP- INTERESES POR PRESTAMOS;BANCO CREDICOOP- INTERESES POR PRESTAMOS;1
5279;84;5047;BANCO HSBC - INTERESES POR PRESTAMOS;BANCO HSBC - INTERESES POR PRESTAMOS;1
5280;84;5050;BANCO PATAGONIA- INTERESES POR PRESTAMOS;BANCO PATAGONIA- INTERESES POR PRESTAMOS;1
5281;84;1050;RODADOS - BIENES DE USO;RODADOS - BIENES DE USO;1
5282;84;1051;MUEBLES Y UTILES - BIENES DE USO;MUEBLES Y UTILES - BIENES DE USO;1
5283;84;1052;MAQUINARIA - BIENES DE USO;MAQUINARIA - BIENES DE USO;1
5284;84;1053;INMUEBLES - BIENES DE USO;INMUEBLES - BIENES DE USO;1
5285;84;5020;RODADOS - GASTOS DE MANTENIMIENTO;RODADOS - GASTOS DE MANTENIMIENTO;1
5286;84;5021;MUEBLES Y UTILES - GASTOS DE MANTENIMIENTO;MUEBLES Y UTILES - GASTOS DE MANTENIMIENTO;1
5287;84;5022;MAQUINARIA - GASTOS DE MANTENIMIENTO;MAQUINARIA - GASTOS DE MANTENIMIENTO;1
5288;84;5023;INMUEBLES - GASTOS DE MANTENIMIENTO;INMUEBLES - GASTOS DE MANTENIMIENTO;1
5289;84;5024;COMPRA DE BIENES USADOS A CF;COMPRA DE BIENES USADOS A CF;1
5290;84;1059;INSTALACIONES - BIENES DE USO;INSTALACIONES - BIENES DE USO;1
5291;84;5025;INSTALACIONES - GASTOS DE MANTENIMIENTO;INSTALACIONES - GASTOS DE MANTENIMIENTO;1
5292;84;5004;SERVICIOS Y TASAS;SERVICIOS Y TASAS;1
5293;84;5051;BANCO HIPOTECARIO - COMISIONES CUENTA;BANCO HIPOTECARIO - COMISIONES CUENTA;1
5294;84;5040;BBVA FRANCES - COMISIONES BANCARIAS;BBVA FRANCES - COMISIONES BANCARIAS;1
5309;127;4000;VENTAS;VENTAS;1
5310;127;5000;COMPRAS;COMPRAS;1
5311;127;5001;COMISION TARJETAS DE CREDITO;COMISION TARJETAS DE CREDITO;1
5312;127;5002;COMBUSTIBLES Y LUBRICANTES;COMBUSTIBLES Y LUBRICANTES;1
5313;127;5003;FLETES Y CORREO;FLETES Y CORREO;1
5314;127;5005;LIBRERIA Y PAPELERIA;LIBRERIA Y PAPELERIA;1
5315;127;5006;HONORARIOS PROFESIONALES;HONORARIOS PROFESIONALES;1
5316;127;5007;ALQUILERES PAGADOS;ALQUILERES PAGADOS;1
5317;127;5008;SEGUROS PAGADOS;SEGUROS PAGADOS;1
5318;127;5010;GASTOS GENERALES;GASTOS GENERALES;1
5319;127;5011;SERVICISO INFORMATICOS;SERVICIOS INFORMATICOS;1
5320;127;5012;CANON;CANON;1
5321;127;5013;SERVICIOS JURIDICOS;SERVICIOS JURIDICOS;1
5322;127;5030;BANCO NACION - INTERES POR DESCUBIERTO;BANCO NACION - INTERES POR DESCUBIERTO;1
5323;127;5009;INTERESES BANCARIOS;INTERESES BANCARIOS;1
5324;127;5031;BANCO NACION - GASTOS DE MANTENIMIENTO DE CUENTA;BANCO NACION - GASTOS DE MANTENIMIENTO DE CUENTA;1
5325;127;5032;BANCO NACION - INTERESES POR PRESTAMOS;BANCO NACION - INTERESES POR PRESTAMOS;1
5326;127;5033;BANCO SANTANDER - INTERES POR DESCUBIERTO;BANCO SANTANDER - INTERES POR DESCUBIERTO;1
5327;127;5036;BANCO GALICIA - INTERES POR DESCUBIERTO;BANCO GALICIA - INTERES POR DESCUBIERTO;1
5328;127;5039;BBVA FRANCES - INTERES POR DESCUBIERTO;BBVA FRANCES - INTERES POR DESCUBIERTO;1
5329;127;5042;BANCO CREDICOOP - INTERES POR DESCUBIERTO;BANCO CREDICOOP - INTERES POR DESCUBIERTO;1
5330;127;5045;BANCO HSBC - INTERES POR DESCUBIERTO;BANCO HSBC - INTERES POR DESCUBIERTO;1
5331;127;5048;BANCO PATAGONIA - INTERES POR DESCUBIERTO;BANCO PATAGONIA - INTERES POR DESCUBIERTO;1
5332;127;5034;BANCO SANTANDER - GASTOS DE MANTENIMIENTO DE CUENTA;BANCO SANTANDER - GASTOS DE MANTENIMIENTO DE CUENTA;1
5333;127;5037;BANCO GALICIA - GASTOS DE MANTENIMIENTO DE CUENTA;BANCO GALICIA - GASTOS DE MANTENIMIENTO DE CUENTA;1
5334;127;5043;BANCO CREDICOOP - GASTOS DE MANTENIMIENTO DE CUENTA;BANCO CREDICOOP - GASTOS DE MANTENIMIENTO DE CUENTA;1
5335;127;5046;BANCO HSBC - GASTOS DE MANTENIMIENTO DE CUENTA;BANCO HSBC - GASTOS DE MANTENIMIENTO DE CUENTA;1
5336;127;5049;BANCO PATAGONIA - GASTOS DE MANTENIMIENTO DE CUENTA;BANCO PATAGONIA - GASTOS DE MANTENIMIENTO DE CUENTA;1
5337;127;5035;BANCO SANTANDER - INTERESES POR PRESTAMOS;BANCO SANTANDER - INTERESES POR PRESTAMOS;1
5338;127;5038;BANCO GALICIA - INTERESES POR PRESTAMOS;BANCO GALICIA - INTERESES POR PRESTAMOS;1
5339;127;5041;BBVA FRANCES - INTERESES POR PRESTAMOS;BBVA FRANCES - INTERESES POR PRESTAMOS;1
5340;127;5044;BANCO CREDICOOP- INTERESES POR PRESTAMOS;BANCO CREDICOOP- INTERESES POR PRESTAMOS;1
5341;127;5047;BANCO HSBC - INTERESES POR PRESTAMOS;BANCO HSBC - INTERESES POR PRESTAMOS;1
5342;127;5050;BANCO PATAGONIA- INTERESES POR PRESTAMOS;BANCO PATAGONIA- INTERESES POR PRESTAMOS;1
5343;127;1050;RODADOS - BIENES DE USO;RODADOS - BIENES DE USO;1
5344;127;1051;MUEBLES Y UTILES - BIENES DE USO;MUEBLES Y UTILES - BIENES DE USO;1
5345;127;1052;MAQUINARIA - BIENES DE USO;MAQUINARIA - BIENES DE USO;1
5346;127;1053;INMUEBLES - BIENES DE USO;INMUEBLES - BIENES DE USO;1
5347;127;5020;RODADOS - GASTOS DE MANTENIMIENTO;RODADOS - GASTOS DE MANTENIMIENTO;1
5348;127;5021;MUEBLES Y UTILES - GASTOS DE MANTENIMIENTO;MUEBLES Y UTILES - GASTOS DE MANTENIMIENTO;1
5349;127;5022;MAQUINARIA - GASTOS DE MANTENIMIENTO;MAQUINARIA - GASTOS DE MANTENIMIENTO;1
5350;127;5023;INMUEBLES - GASTOS DE MANTENIMIENTO;INMUEBLES - GASTOS DE MANTENIMIENTO;1
5351;127;5024;COMPRA DE BIENES USADOS A CF;COMPRA DE BIENES USADOS A CF;1
5352;127;1059;INSTALACIONES - BIENES DE USO;INSTALACIONES - BIENES DE USO;1
5353;127;5025;INSTALACIONES - GASTOS DE MANTENIMIENTO;INSTALACIONES - GASTOS DE MANTENIMIENTO;1
5354;127;5004;SERVICIOS Y TASAS;SERVICIOS Y TASAS;1
5355;127;5051;BANCO HIPOTECARIO - COMISIONES CUENTA;BANCO HIPOTECARIO - COMISIONES CUENTA;1
5356;127;5040;BBVA FRANCES - COMISIONES BANCARIAS;BBVA FRANCES - COMISIONES BANCARIAS;1
5357;127;5014;COMPRAS COMBUSTIBLE MAYORISTA;COMPRAS COMBUSTIBLE MAYORISTA;1
5372;130;4000;VENTAS;VENTAS;1
5373;130;5000;COMPRAS;COMPRAS;1
5374;130;5001;COMISION TARJETAS DE CREDITO;COMISION TARJETAS DE CREDITO;1
5375;130;5002;COMBUSTIBLES Y LUBRICANTES;COMBUSTIBLES Y LUBRICANTES;1
5376;130;5003;FLETES Y CORREO;FLETES Y CORREO;1
5377;130;5005;LIBRERIA Y PAPELERIA;LIBRERIA Y PAPELERIA;1
5378;130;5006;HONORARIOS PROFESIONALES;HONORARIOS PROFESIONALES;1
5379;130;5007;ALQUILERES PAGADOS;ALQUILERES PAGADOS;1
5380;130;5008;SEGUROS PAGADOS;SEGUROS PAGADOS;1
5381;130;5010;GASTOS GENERALES;GASTOS GENERALES;1
5382;130;5011;SERVICISO INFORMATICOS;SERVICIOS INFORMATICOS;1
5383;130;5012;CANON;CANON;1
5384;130;5013;SERVICIOS JURIDICOS;SERVICIOS JURIDICOS;1
5385;130;5030;BANCO NACION - INTERES POR DESCUBIERTO;BANCO NACION - INTERES POR DESCUBIERTO;1
5386;130;5009;INTERESES BANCARIOS;INTERESES BANCARIOS;1
5387;130;5031;BANCO NACION - GASTOS DE MANTENIMIENTO DE CUENTA;BANCO NACION - GASTOS DE MANTENIMIENTO DE CUENTA;1
5388;130;5032;BANCO NACION - INTERESES POR PRESTAMOS;BANCO NACION - INTERESES POR PRESTAMOS;1
5389;130;5033;BANCO SANTANDER - INTERES POR DESCUBIERTO;BANCO SANTANDER - INTERES POR DESCUBIERTO;1
5390;130;5036;BANCO GALICIA - INTERES POR DESCUBIERTO;BANCO GALICIA - INTERES POR DESCUBIERTO;1
5391;130;5039;BBVA FRANCES - INTERES POR DESCUBIERTO;BBVA FRANCES - INTERES POR DESCUBIERTO;1
5392;130;5042;BANCO CREDICOOP - INTERES POR DESCUBIERTO;BANCO CREDICOOP - INTERES POR DESCUBIERTO;1
5394;130;5045;BANCO HSBC - INTERES POR DESCUBIERTO;BANCO HSBC - INTERES POR DESCUBIERTO;1
5396;130;5048;BANCO PATAGONIA - INTERES POR DESCUBIERTO;BANCO PATAGONIA - INTERES POR DESCUBIERTO;1
5398;130;5034;BANCO SANTANDER - GASTOS DE MANTENIMIENTO DE CUENTA;BANCO SANTANDER - GASTOS DE MANTENIMIENTO DE CUENTA;1
5399;130;5037;BANCO GALICIA - GASTOS DE MANTENIMIENTO DE CUENTA;BANCO GALICIA - GASTOS DE MANTENIMIENTO DE CUENTA;1
5401;130;5043;BANCO CREDICOOP - GASTOS DE MANTENIMIENTO DE CUENTA;BANCO CREDICOOP - GASTOS DE MANTENIMIENTO DE CUENTA;1
5402;130;5046;BANCO HSBC - GASTOS DE MANTENIMIENTO DE CUENTA;BANCO HSBC - GASTOS DE MANTENIMIENTO DE CUENTA;1
5404;130;5049;BANCO PATAGONIA - GASTOS DE MANTENIMIENTO DE CUENTA;BANCO PATAGONIA - GASTOS DE MANTENIMIENTO DE CUENTA;1
5405;130;5035;BANCO SANTANDER - INTERESES POR PRESTAMOS;BANCO SANTANDER - INTERESES POR PRESTAMOS;1
5407;130;5038;BANCO GALICIA - INTERESES POR PRESTAMOS;BANCO GALICIA - INTERESES POR PRESTAMOS;1
5408;130;5041;BBVA FRANCES - INTERESES POR PRESTAMOS;BBVA FRANCES - INTERESES POR PRESTAMOS;1
5410;130;5044;BANCO CREDICOOP- INTERESES POR PRESTAMOS;BANCO CREDICOOP- INTERESES POR PRESTAMOS;1
5411;130;5047;BANCO HSBC - INTERESES POR PRESTAMOS;BANCO HSBC - INTERESES POR PRESTAMOS;1
5413;130;5050;BANCO PATAGONIA- INTERESES POR PRESTAMOS;BANCO PATAGONIA- INTERESES POR PRESTAMOS;1
5414;130;1050;RODADOS - BIENES DE USO;RODADOS - BIENES DE USO;1
5416;130;1051;MUEBLES Y UTILES - BIENES DE USO;MUEBLES Y UTILES - BIENES DE USO;1
5418;130;1052;MAQUINARIA - BIENES DE USO;MAQUINARIA - BIENES DE USO;1
5419;130;1053;INMUEBLES - BIENES DE USO;INMUEBLES - BIENES DE USO;1
5421;130;5020;RODADOS - GASTOS DE MANTENIMIENTO;RODADOS - GASTOS DE MANTENIMIENTO;1
5422;130;5021;MUEBLES Y UTILES - GASTOS DE MANTENIMIENTO;MUEBLES Y UTILES - GASTOS DE MANTENIMIENTO;1
5424;130;5022;MAQUINARIA - GASTOS DE MANTENIMIENTO;MAQUINARIA - GASTOS DE MANTENIMIENTO;1
5425;130;5023;INMUEBLES - GASTOS DE MANTENIMIENTO;INMUEBLES - GASTOS DE MANTENIMIENTO;1
5427;130;5024;COMPRA DE BIENES USADOS A CF;COMPRA DE BIENES USADOS A CF;1
5429;130;1059;INSTALACIONES - BIENES DE USO;INSTALACIONES - BIENES DE USO;1
5430;130;5025;INSTALACIONES - GASTOS DE MANTENIMIENTO;INSTALACIONES - GASTOS DE MANTENIMIENTO;1
5431;128;4000;VENTAS;VENTAS;1
5432;130;5004;SERVICIOS Y TASAS;SERVICIOS Y TASAS;1
5433;130;5051;BANCO HIPOTECARIO - COMISIONES CUENTA;BANCO HIPOTECARIO - COMISIONES CUENTA;1
5434;128;5000;COMPRAS;COMPRAS;1
5435;130;5040;BBVA FRANCES - COMISIONES BANCARIAS;BBVA FRANCES - COMISIONES BANCARIAS;1
5436;128;5001;COMISION TARJETAS DE CREDITO;COMISION TARJETAS DE CREDITO;1
5437;128;5002;COMBUSTIBLES Y LUBRICANTES;COMBUSTIBLES Y LUBRICANTES;1
5438;128;5003;FLETES Y CORREO;FLETES Y CORREO;1
5439;128;5005;LIBRERIA Y PAPELERIA;LIBRERIA Y PAPELERIA;1
5440;128;5006;HONORARIOS PROFESIONALES;HONORARIOS PROFESIONALES;1
5441;128;5007;ALQUILERES PAGADOS;ALQUILERES PAGADOS;1
5442;128;5008;SEGUROS PAGADOS;SEGUROS PAGADOS;1
5443;128;5010;GASTOS GENERALES;GASTOS GENERALES;1
5444;128;5011;SERVICISO INFORMATICOS;SERVICIOS INFORMATICOS;1
5445;128;5012;CANON;CANON;1
5446;128;5013;SERVICIOS JURIDICOS;SERVICIOS JURIDICOS;1
5447;128;5030;BANCO NACION - INTERES POR DESCUBIERTO;BANCO NACION - INTERES POR DESCUBIERTO;1
5448;128;5009;INTERESES BANCARIOS;INTERESES BANCARIOS;1
5449;128;5031;BANCO NACION - GASTOS DE MANTENIMIENTO DE CUENTA;BANCO NACION - GASTOS DE MANTENIMIENTO DE CUENTA;1
5450;128;5032;BANCO NACION - INTERESES POR PRESTAMOS;BANCO NACION - INTERESES POR PRESTAMOS;1
5451;128;5033;BANCO SANTANDER - INTERES POR DESCUBIERTO;BANCO SANTANDER - INTERES POR DESCUBIERTO;1
5452;128;5036;BANCO GALICIA - INTERES POR DESCUBIERTO;BANCO GALICIA - INTERES POR DESCUBIERTO;1
5453;128;5039;BBVA FRANCES - INTERES POR DESCUBIERTO;BBVA FRANCES - INTERES POR DESCUBIERTO;1
5454;128;5042;BANCO CREDICOOP - INTERES POR DESCUBIERTO;BANCO CREDICOOP - INTERES POR DESCUBIERTO;1
5455;128;5045;BANCO HSBC - INTERES POR DESCUBIERTO;BANCO HSBC - INTERES POR DESCUBIERTO;1
5456;128;5048;BANCO PATAGONIA - INTERES POR DESCUBIERTO;BANCO PATAGONIA - INTERES POR DESCUBIERTO;1
5457;128;5034;BANCO SANTANDER - GASTOS DE MANTENIMIENTO DE CUENTA;BANCO SANTANDER - GASTOS DE MANTENIMIENTO DE CUENTA;1
5458;128;5037;BANCO GALICIA - GASTOS DE MANTENIMIENTO DE CUENTA;BANCO GALICIA - GASTOS DE MANTENIMIENTO DE CUENTA;1
5459;128;5043;BANCO CREDICOOP - GASTOS DE MANTENIMIENTO DE CUENTA;BANCO CREDICOOP - GASTOS DE MANTENIMIENTO DE CUENTA;1
5460;128;5046;BANCO HSBC - GASTOS DE MANTENIMIENTO DE CUENTA;BANCO HSBC - GASTOS DE MANTENIMIENTO DE CUENTA;1
5461;128;5049;BANCO PATAGONIA - GASTOS DE MANTENIMIENTO DE CUENTA;BANCO PATAGONIA - GASTOS DE MANTENIMIENTO DE CUENTA;1
5462;128;5035;BANCO SANTANDER - INTERESES POR PRESTAMOS;BANCO SANTANDER - INTERESES POR PRESTAMOS;1
5463;128;5038;BANCO GALICIA - INTERESES POR PRESTAMOS;BANCO GALICIA - INTERESES POR PRESTAMOS;1
5464;128;5041;BBVA FRANCES - INTERESES POR PRESTAMOS;BBVA FRANCES - INTERESES POR PRESTAMOS;1
5465;128;5044;BANCO CREDICOOP- INTERESES POR PRESTAMOS;BANCO CREDICOOP- INTERESES POR PRESTAMOS;1
5466;128;5047;BANCO HSBC - INTERESES POR PRESTAMOS;BANCO HSBC - INTERESES POR PRESTAMOS;1
5467;128;5050;BANCO PATAGONIA- INTERESES POR PRESTAMOS;BANCO PATAGONIA- INTERESES POR PRESTAMOS;1
5468;128;1050;RODADOS - BIENES DE USO;RODADOS - BIENES DE USO;1
5469;128;1051;MUEBLES Y UTILES - BIENES DE USO;MUEBLES Y UTILES - BIENES DE USO;1
5470;128;1052;MAQUINARIA - BIENES DE USO;MAQUINARIA - BIENES DE USO;1
5471;128;1053;INMUEBLES - BIENES DE USO;INMUEBLES - BIENES DE USO;1
5472;128;5020;RODADOS - GASTOS DE MANTENIMIENTO;RODADOS - GASTOS DE MANTENIMIENTO;1
5473;128;5021;MUEBLES Y UTILES - GASTOS DE MANTENIMIENTO;MUEBLES Y UTILES - GASTOS DE MANTENIMIENTO;1
5474;128;5022;MAQUINARIA - GASTOS DE MANTENIMIENTO;MAQUINARIA - GASTOS DE MANTENIMIENTO;1
5475;128;5023;INMUEBLES - GASTOS DE MANTENIMIENTO;INMUEBLES - GASTOS DE MANTENIMIENTO;1
5476;128;5024;COMPRA DE BIENES USADOS A CF;COMPRA DE BIENES USADOS A CF;1
5477;128;1059;INSTALACIONES - BIENES DE USO;INSTALACIONES - BIENES DE USO;1
5478;128;5025;INSTALACIONES - GASTOS DE MANTENIMIENTO;INSTALACIONES - GASTOS DE MANTENIMIENTO;1
5479;128;5004;SERVICIOS Y TASAS;SERVICIOS Y TASAS;1
5480;128;5051;BANCO HIPOTECARIO - COMISIONES CUENTA;BANCO HIPOTECARIO - COMISIONES CUENTA;1
5481;128;5040;BBVA FRANCES - COMISIONES BANCARIAS;BBVA FRANCES - COMISIONES BANCARIAS;1
5496;131;4000;VENTAS;VENTAS;1
5497;131;5000;COMPRAS;COMPRAS;1
5498;131;5001;COMISION TARJETAS DE CREDITO;COMISION TARJETAS DE CREDITO;1
5499;131;5002;COMBUSTIBLES Y LUBRICANTES;COMBUSTIBLES Y LUBRICANTES;1
5500;131;5003;FLETES Y CORREO;FLETES Y CORREO;1
5501;131;5005;LIBRERIA Y PAPELERIA;LIBRERIA Y PAPELERIA;1
5502;131;5006;HONORARIOS PROFESIONALES;HONORARIOS PROFESIONALES;1
5503;131;5007;ALQUILERES PAGADOS;ALQUILERES PAGADOS;1
5504;131;5008;SEGUROS PAGADOS;SEGUROS PAGADOS;1
5505;131;5010;GASTOS GENERALES;GASTOS GENERALES;1
5506;131;5011;SERVICISO INFORMATICOS;SERVICIOS INFORMATICOS;1
5507;131;5012;CANON;CANON;1
5508;131;5013;SERVICIOS JURIDICOS;SERVICIOS JURIDICOS;1
5509;131;5030;BANCO NACION - INTERES POR DESCUBIERTO;BANCO NACION - INTERES POR DESCUBIERTO;1
5510;131;5009;INTERESES BANCARIOS;INTERESES BANCARIOS;1
5511;131;5031;BANCO NACION - GASTOS DE MANTENIMIENTO DE CUENTA;BANCO NACION - GASTOS DE MANTENIMIENTO DE CUENTA;1
5512;131;5032;BANCO NACION - INTERESES POR PRESTAMOS;BANCO NACION - INTERESES POR PRESTAMOS;1
5513;131;5033;BANCO SANTANDER - INTERES POR DESCUBIERTO;BANCO SANTANDER - INTERES POR DESCUBIERTO;1
5514;131;5036;BANCO GALICIA - INTERES POR DESCUBIERTO;BANCO GALICIA - INTERES POR DESCUBIERTO;1
5515;131;5039;BBVA FRANCES - INTERES POR DESCUBIERTO;BBVA FRANCES - INTERES POR DESCUBIERTO;1
5516;131;5042;BANCO CREDICOOP - INTERES POR DESCUBIERTO;BANCO CREDICOOP - INTERES POR DESCUBIERTO;1
5517;131;5045;BANCO HSBC - INTERES POR DESCUBIERTO;BANCO HSBC - INTERES POR DESCUBIERTO;1
5518;131;5048;BANCO PATAGONIA - INTERES POR DESCUBIERTO;BANCO PATAGONIA - INTERES POR DESCUBIERTO;1
5519;131;5034;BANCO SANTANDER - GASTOS DE MANTENIMIENTO DE CUENTA;BANCO SANTANDER - GASTOS DE MANTENIMIENTO DE CUENTA;1
5520;131;5037;BANCO GALICIA - GASTOS DE MANTENIMIENTO DE CUENTA;BANCO GALICIA - GASTOS DE MANTENIMIENTO DE CUENTA;1
5521;131;5043;BANCO CREDICOOP - GASTOS DE MANTENIMIENTO DE CUENTA;BANCO CREDICOOP - GASTOS DE MANTENIMIENTO DE CUENTA;1
5522;131;5046;BANCO HSBC - GASTOS DE MANTENIMIENTO DE CUENTA;BANCO HSBC - GASTOS DE MANTENIMIENTO DE CUENTA;1
5523;131;5049;BANCO PATAGONIA - GASTOS DE MANTENIMIENTO DE CUENTA;BANCO PATAGONIA - GASTOS DE MANTENIMIENTO DE CUENTA;1
5524;131;5035;BANCO SANTANDER - INTERESES POR PRESTAMOS;BANCO SANTANDER - INTERESES POR PRESTAMOS;1
5525;131;5038;BANCO GALICIA - INTERESES POR PRESTAMOS;BANCO GALICIA - INTERESES POR PRESTAMOS;1
5526;131;5041;BBVA FRANCES - INTERESES POR PRESTAMOS;BBVA FRANCES - INTERESES POR PRESTAMOS;1
5527;131;5044;BANCO CREDICOOP- INTERESES POR PRESTAMOS;BANCO CREDICOOP- INTERESES POR PRESTAMOS;1
5528;131;5047;BANCO HSBC - INTERESES POR PRESTAMOS;BANCO HSBC - INTERESES POR PRESTAMOS;1
5529;131;5050;BANCO PATAGONIA- INTERESES POR PRESTAMOS;BANCO PATAGONIA- INTERESES POR PRESTAMOS;1
5530;131;1050;RODADOS - BIENES DE USO;RODADOS - BIENES DE USO;1
5531;131;1051;MUEBLES Y UTILES - BIENES DE USO;MUEBLES Y UTILES - BIENES DE USO;1
5532;131;1052;MAQUINARIA - BIENES DE USO;MAQUINARIA - BIENES DE USO;1
5533;131;1053;INMUEBLES - BIENES DE USO;INMUEBLES - BIENES DE USO;1
5534;131;5020;RODADOS - GASTOS DE MANTENIMIENTO;RODADOS - GASTOS DE MANTENIMIENTO;1
5535;131;5021;MUEBLES Y UTILES - GASTOS DE MANTENIMIENTO;MUEBLES Y UTILES - GASTOS DE MANTENIMIENTO;1
5536;131;5022;MAQUINARIA - GASTOS DE MANTENIMIENTO;MAQUINARIA - GASTOS DE MANTENIMIENTO;1
5537;131;5023;INMUEBLES - GASTOS DE MANTENIMIENTO;INMUEBLES - GASTOS DE MANTENIMIENTO;1
5538;131;5024;COMPRA DE BIENES USADOS A CF;COMPRA DE BIENES USADOS A CF;1
5539;131;1059;INSTALACIONES - BIENES DE USO;INSTALACIONES - BIENES DE USO;1
5540;131;5025;INSTALACIONES - GASTOS DE MANTENIMIENTO;INSTALACIONES - GASTOS DE MANTENIMIENTO;1
5541;131;5004;SERVICIOS Y TASAS;SERVICIOS Y TASAS;1
5542;131;5051;BANCO HIPOTECARIO - COMISIONES CUENTA;BANCO HIPOTECARIO - COMISIONES CUENTA;1
5543;131;5040;BBVA FRANCES - COMISIONES BANCARIAS;BBVA FRANCES - COMISIONES BANCARIAS;1
5558;132;4000;VENTAS;VENTAS;1
5559;132;5000;COMPRAS;COMPRAS;1
5560;132;5001;COMISION TARJETAS DE CREDITO;COMISION TARJETAS DE CREDITO;1
5561;132;5002;COMBUSTIBLES Y LUBRICANTES;COMBUSTIBLES Y LUBRICANTES;1
5562;132;5003;FLETES Y CORREO;FLETES Y CORREO;1
5563;132;5005;LIBRERIA Y PAPELERIA;LIBRERIA Y PAPELERIA;1
5564;132;5006;HONORARIOS PROFESIONALES;HONORARIOS PROFESIONALES;1
5565;132;5007;ALQUILERES PAGADOS;ALQUILERES PAGADOS;1
5566;132;5008;SEGUROS PAGADOS;SEGUROS PAGADOS;1
5567;132;5010;GASTOS GENERALES;GASTOS GENERALES;1
5568;132;5011;SERVICISO INFORMATICOS;SERVICIOS INFORMATICOS;1
5569;132;5012;CANON;CANON;1
5570;132;5013;SERVICIOS JURIDICOS;SERVICIOS JURIDICOS;1
5571;132;5030;BANCO NACION - INTERES POR DESCUBIERTO;BANCO NACION - INTERES POR DESCUBIERTO;1
5572;132;5009;INTERESES BANCARIOS;INTERESES BANCARIOS;1
5573;132;5031;BANCO NACION - GASTOS DE MANTENIMIENTO DE CUENTA;BANCO NACION - GASTOS DE MANTENIMIENTO DE CUENTA;1
5574;132;5032;BANCO NACION - INTERESES POR PRESTAMOS;BANCO NACION - INTERESES POR PRESTAMOS;1
5575;132;5033;BANCO SANTANDER - INTERES POR DESCUBIERTO;BANCO SANTANDER - INTERES POR DESCUBIERTO;1
5576;132;5036;BANCO GALICIA - INTERES POR DESCUBIERTO;BANCO GALICIA - INTERES POR DESCUBIERTO;1
5577;132;5039;BBVA FRANCES - INTERES POR DESCUBIERTO;BBVA FRANCES - INTERES POR DESCUBIERTO;1
5578;132;5042;BANCO CREDICOOP - INTERES POR DESCUBIERTO;BANCO CREDICOOP - INTERES POR DESCUBIERTO;1
5579;132;5045;BANCO HSBC - INTERES POR DESCUBIERTO;BANCO HSBC - INTERES POR DESCUBIERTO;1
5580;132;5048;BANCO PATAGONIA - INTERES POR DESCUBIERTO;BANCO PATAGONIA - INTERES POR DESCUBIERTO;1
5581;132;5034;BANCO SANTANDER - GASTOS DE MANTENIMIENTO DE CUENTA;BANCO SANTANDER - GASTOS DE MANTENIMIENTO DE CUENTA;1
5582;132;5037;BANCO GALICIA - GASTOS DE MANTENIMIENTO DE CUENTA;BANCO GALICIA - GASTOS DE MANTENIMIENTO DE CUENTA;1
5583;132;5043;BANCO CREDICOOP - GASTOS DE MANTENIMIENTO DE CUENTA;BANCO CREDICOOP - GASTOS DE MANTENIMIENTO DE CUENTA;1
5584;132;5046;BANCO HSBC - GASTOS DE MANTENIMIENTO DE CUENTA;BANCO HSBC - GASTOS DE MANTENIMIENTO DE CUENTA;1
5585;132;5049;BANCO PATAGONIA - GASTOS DE MANTENIMIENTO DE CUENTA;BANCO PATAGONIA - GASTOS DE MANTENIMIENTO DE CUENTA;1
5586;132;5035;BANCO SANTANDER - INTERESES POR PRESTAMOS;BANCO SANTANDER - INTERESES POR PRESTAMOS;1
5587;132;5038;BANCO GALICIA - INTERESES POR PRESTAMOS;BANCO GALICIA - INTERESES POR PRESTAMOS;1
5588;132;5041;BBVA FRANCES - INTERESES POR PRESTAMOS;BBVA FRANCES - INTERESES POR PRESTAMOS;1
5589;132;5044;BANCO CREDICOOP- INTERESES POR PRESTAMOS;BANCO CREDICOOP- INTERESES POR PRESTAMOS;1
5590;132;5047;BANCO HSBC - INTERESES POR PRESTAMOS;BANCO HSBC - INTERESES POR PRESTAMOS;1
5591;132;5050;BANCO PATAGONIA- INTERESES POR PRESTAMOS;BANCO PATAGONIA- INTERESES POR PRESTAMOS;1
5592;132;1050;RODADOS - BIENES DE USO;RODADOS - BIENES DE USO;1
5593;132;1051;MUEBLES Y UTILES - BIENES DE USO;MUEBLES Y UTILES - BIENES DE USO;1
5594;132;1052;MAQUINARIA - BIENES DE USO;MAQUINARIA - BIENES DE USO;1
5595;132;1053;INMUEBLES - BIENES DE USO;INMUEBLES - BIENES DE USO;1
5596;132;5020;RODADOS - GASTOS DE MANTENIMIENTO;RODADOS - GASTOS DE MANTENIMIENTO;1
5597;132;5021;MUEBLES Y UTILES - GASTOS DE MANTENIMIENTO;MUEBLES Y UTILES - GASTOS DE MANTENIMIENTO;1
5598;132;5022;MAQUINARIA - GASTOS DE MANTENIMIENTO;MAQUINARIA - GASTOS DE MANTENIMIENTO;1
5599;132;5023;INMUEBLES - GASTOS DE MANTENIMIENTO;INMUEBLES - GASTOS DE MANTENIMIENTO;1
5600;132;5024;COMPRA DE BIENES USADOS A CF;COMPRA DE BIENES USADOS A CF;1
5601;132;1059;INSTALACIONES - BIENES DE USO;INSTALACIONES - BIENES DE USO;1
5602;132;5025;INSTALACIONES - GASTOS DE MANTENIMIENTO;INSTALACIONES - GASTOS DE MANTENIMIENTO;1
5603;132;5004;SERVICIOS Y TASAS;SERVICIOS Y TASAS;1
5604;132;5051;BANCO HIPOTECARIO - COMISIONES CUENTA;BANCO HIPOTECARIO - COMISIONES CUENTA;1
5605;132;5040;BBVA FRANCES - COMISIONES BANCARIAS;BBVA FRANCES - COMISIONES BANCARIAS;1
5620;133;4000;VENTAS;VENTAS;1
5621;133;5000;COMPRAS;COMPRAS;1
5622;133;5001;COMISION TARJETAS DE CREDITO;COMISION TARJETAS DE CREDITO;1
5623;133;5002;COMBUSTIBLES Y LUBRICANTES;COMBUSTIBLES Y LUBRICANTES;1
5624;133;5003;FLETES Y CORREO;FLETES Y CORREO;1
5625;133;5005;LIBRERIA Y PAPELERIA;LIBRERIA Y PAPELERIA;1
5626;133;5006;HONORARIOS PROFESIONALES;HONORARIOS PROFESIONALES;1
5627;133;5007;ALQUILERES PAGADOS;ALQUILERES PAGADOS;1
5628;133;5008;SEGUROS PAGADOS;SEGUROS PAGADOS;1
5629;133;5010;GASTOS GENERALES;GASTOS GENERALES;1
5630;133;5011;SERVICISO INFORMATICOS;SERVICIOS INFORMATICOS;1
5631;133;5012;CANON;CANON;1
5632;133;5013;SERVICIOS JURIDICOS;SERVICIOS JURIDICOS;1
5633;133;5030;BANCO NACION - INTERES POR DESCUBIERTO;BANCO NACION - INTERES POR DESCUBIERTO;1
5634;133;5009;INTERESES BANCARIOS;INTERESES BANCARIOS;1
5635;133;5031;BANCO NACION - GASTOS DE MANTENIMIENTO DE CUENTA;BANCO NACION - GASTOS DE MANTENIMIENTO DE CUENTA;1
5636;133;5032;BANCO NACION - INTERESES POR PRESTAMOS;BANCO NACION - INTERESES POR PRESTAMOS;1
5637;133;5033;BANCO SANTANDER - INTERES POR DESCUBIERTO;BANCO SANTANDER - INTERES POR DESCUBIERTO;1
5638;133;5036;BANCO GALICIA - INTERES POR DESCUBIERTO;BANCO GALICIA - INTERES POR DESCUBIERTO;1
5639;133;5039;BBVA FRANCES - INTERES POR DESCUBIERTO;BBVA FRANCES - INTERES POR DESCUBIERTO;1
5640;133;5042;BANCO CREDICOOP - INTERES POR DESCUBIERTO;BANCO CREDICOOP - INTERES POR DESCUBIERTO;1
5641;133;5045;BANCO HSBC - INTERES POR DESCUBIERTO;BANCO HSBC - INTERES POR DESCUBIERTO;1
5642;133;5048;BANCO PATAGONIA - INTERES POR DESCUBIERTO;BANCO PATAGONIA - INTERES POR DESCUBIERTO;1
5643;133;5034;BANCO SANTANDER - GASTOS DE MANTENIMIENTO DE CUENTA;BANCO SANTANDER - GASTOS DE MANTENIMIENTO DE CUENTA;1
5644;133;5037;BANCO GALICIA - GASTOS DE MANTENIMIENTO DE CUENTA;BANCO GALICIA - GASTOS DE MANTENIMIENTO DE CUENTA;1
5645;133;5043;BANCO CREDICOOP - GASTOS DE MANTENIMIENTO DE CUENTA;BANCO CREDICOOP - GASTOS DE MANTENIMIENTO DE CUENTA;1
5646;133;5046;BANCO HSBC - GASTOS DE MANTENIMIENTO DE CUENTA;BANCO HSBC - GASTOS DE MANTENIMIENTO DE CUENTA;1
5647;133;5049;BANCO PATAGONIA - GASTOS DE MANTENIMIENTO DE CUENTA;BANCO PATAGONIA - GASTOS DE MANTENIMIENTO DE CUENTA;1
5648;133;5035;BANCO SANTANDER - INTERESES POR PRESTAMOS;BANCO SANTANDER - INTERESES POR PRESTAMOS;1
5649;133;5038;BANCO GALICIA - INTERESES POR PRESTAMOS;BANCO GALICIA - INTERESES POR PRESTAMOS;1
5650;133;5041;BBVA FRANCES - INTERESES POR PRESTAMOS;BBVA FRANCES - INTERESES POR PRESTAMOS;1
5651;133;5044;BANCO CREDICOOP- INTERESES POR PRESTAMOS;BANCO CREDICOOP- INTERESES POR PRESTAMOS;1
5652;133;5047;BANCO HSBC - INTERESES POR PRESTAMOS;BANCO HSBC - INTERESES POR PRESTAMOS;1
5653;133;5050;BANCO PATAGONIA- INTERESES POR PRESTAMOS;BANCO PATAGONIA- INTERESES POR PRESTAMOS;1
5654;133;1050;RODADOS - BIENES DE USO;RODADOS - BIENES DE USO;1
5655;133;1051;MUEBLES Y UTILES - BIENES DE USO;MUEBLES Y UTILES - BIENES DE USO;1
5656;133;1052;MAQUINARIA - BIENES DE USO;MAQUINARIA - BIENES DE USO;1
5657;133;1053;INMUEBLES - BIENES DE USO;INMUEBLES - BIENES DE USO;1
5658;133;5020;RODADOS - GASTOS DE MANTENIMIENTO;RODADOS - GASTOS DE MANTENIMIENTO;1
5659;133;5021;MUEBLES Y UTILES - GASTOS DE MANTENIMIENTO;MUEBLES Y UTILES - GASTOS DE MANTENIMIENTO;1
5660;133;5022;MAQUINARIA - GASTOS DE MANTENIMIENTO;MAQUINARIA - GASTOS DE MANTENIMIENTO;1
5661;133;5023;INMUEBLES - GASTOS DE MANTENIMIENTO;INMUEBLES - GASTOS DE MANTENIMIENTO;1
5662;133;5024;COMPRA DE BIENES USADOS A CF;COMPRA DE BIENES USADOS A CF;1
5663;133;1059;INSTALACIONES - BIENES DE USO;INSTALACIONES - BIENES DE USO;1
5664;133;5025;INSTALACIONES - GASTOS DE MANTENIMIENTO;INSTALACIONES - GASTOS DE MANTENIMIENTO;1
5665;133;5004;SERVICIOS Y TASAS;SERVICIOS Y TASAS;1
5666;133;5051;BANCO HIPOTECARIO - COMISIONES CUENTA;BANCO HIPOTECARIO - COMISIONES CUENTA;1
5667;133;5040;BBVA FRANCES - COMISIONES BANCARIAS;BBVA FRANCES - COMISIONES BANCARIAS;1
5682;134;4000;VENTAS;VENTAS;1
5683;134;5000;COMPRAS;COMPRAS;1
5684;134;5001;COMISION TARJETAS DE CREDITO;COMISION TARJETAS DE CREDITO;1
5685;134;5002;COMBUSTIBLES Y LUBRICANTES;COMBUSTIBLES Y LUBRICANTES;1
5686;134;5003;FLETES Y CORREO;FLETES Y CORREO;1
5687;134;5005;LIBRERIA Y PAPELERIA;LIBRERIA Y PAPELERIA;1
5688;134;5006;HONORARIOS PROFESIONALES;HONORARIOS PROFESIONALES;1
5689;134;5007;ALQUILERES PAGADOS;ALQUILERES PAGADOS;1
5690;134;5008;SEGUROS PAGADOS;SEGUROS PAGADOS;1
5691;134;5010;GASTOS GENERALES;GASTOS GENERALES;1
5692;134;5011;SERVICISO INFORMATICOS;SERVICIOS INFORMATICOS;1
5693;134;5012;CANON;CANON;1
5694;134;5013;SERVICIOS JURIDICOS;SERVICIOS JURIDICOS;1
5695;134;5030;BANCO NACION - INTERES POR DESCUBIERTO;BANCO NACION - INTERES POR DESCUBIERTO;1
5696;134;5009;INTERESES BANCARIOS;INTERESES BANCARIOS;1
5697;134;5031;BANCO NACION - GASTOS DE MANTENIMIENTO DE CUENTA;BANCO NACION - GASTOS DE MANTENIMIENTO DE CUENTA;1
5698;134;5032;BANCO NACION - INTERESES POR PRESTAMOS;BANCO NACION - INTERESES POR PRESTAMOS;1
5699;134;5033;BANCO SANTANDER - INTERES POR DESCUBIERTO;BANCO SANTANDER - INTERES POR DESCUBIERTO;1
5700;134;5036;BANCO GALICIA - INTERES POR DESCUBIERTO;BANCO GALICIA - INTERES POR DESCUBIERTO;1
5701;134;5039;BBVA FRANCES - INTERES POR DESCUBIERTO;BBVA FRANCES - INTERES POR DESCUBIERTO;1
5702;134;5042;BANCO CREDICOOP - INTERES POR DESCUBIERTO;BANCO CREDICOOP - INTERES POR DESCUBIERTO;1
5703;134;5045;BANCO HSBC - INTERES POR DESCUBIERTO;BANCO HSBC - INTERES POR DESCUBIERTO;1
5704;134;5048;BANCO PATAGONIA - INTERES POR DESCUBIERTO;BANCO PATAGONIA - INTERES POR DESCUBIERTO;1
5705;134;5034;BANCO SANTANDER - GASTOS DE MANTENIMIENTO DE CUENTA;BANCO SANTANDER - GASTOS DE MANTENIMIENTO DE CUENTA;1
5706;134;5037;BANCO GALICIA - GASTOS DE MANTENIMIENTO DE CUENTA;BANCO GALICIA - GASTOS DE MANTENIMIENTO DE CUENTA;1
5707;134;5043;BANCO CREDICOOP - GASTOS DE MANTENIMIENTO DE CUENTA;BANCO CREDICOOP - GASTOS DE MANTENIMIENTO DE CUENTA;1
5708;134;5046;BANCO HSBC - GASTOS DE MANTENIMIENTO DE CUENTA;BANCO HSBC - GASTOS DE MANTENIMIENTO DE CUENTA;1
5709;134;5049;BANCO PATAGONIA - GASTOS DE MANTENIMIENTO DE CUENTA;BANCO PATAGONIA - GASTOS DE MANTENIMIENTO DE CUENTA;1
5710;134;5035;BANCO SANTANDER - INTERESES POR PRESTAMOS;BANCO SANTANDER - INTERESES POR PRESTAMOS;1
5711;134;5038;BANCO GALICIA - INTERESES POR PRESTAMOS;BANCO GALICIA - INTERESES POR PRESTAMOS;1
5712;134;5041;BBVA FRANCES - INTERESES POR PRESTAMOS;BBVA FRANCES - INTERESES POR PRESTAMOS;1
5713;134;5044;BANCO CREDICOOP- INTERESES POR PRESTAMOS;BANCO CREDICOOP- INTERESES POR PRESTAMOS;1
5714;134;5047;BANCO HSBC - INTERESES POR PRESTAMOS;BANCO HSBC - INTERESES POR PRESTAMOS;1
5715;134;5050;BANCO PATAGONIA- INTERESES POR PRESTAMOS;BANCO PATAGONIA- INTERESES POR PRESTAMOS;1
5716;134;1050;RODADOS - BIENES DE USO;RODADOS - BIENES DE USO;1
5717;134;1051;MUEBLES Y UTILES - BIENES DE USO;MUEBLES Y UTILES - BIENES DE USO;1
5718;134;1052;MAQUINARIA - BIENES DE USO;MAQUINARIA - BIENES DE USO;1
5719;134;1053;INMUEBLES - BIENES DE USO;INMUEBLES - BIENES DE USO;1
5720;134;5020;RODADOS - GASTOS DE MANTENIMIENTO;RODADOS - GASTOS DE MANTENIMIENTO;1
5721;134;5021;MUEBLES Y UTILES - GASTOS DE MANTENIMIENTO;MUEBLES Y UTILES - GASTOS DE MANTENIMIENTO;1
5722;134;5022;MAQUINARIA - GASTOS DE MANTENIMIENTO;MAQUINARIA - GASTOS DE MANTENIMIENTO;1
5723;134;5023;INMUEBLES - GASTOS DE MANTENIMIENTO;INMUEBLES - GASTOS DE MANTENIMIENTO;1
5724;134;5024;COMPRA DE BIENES USADOS A CF;COMPRA DE BIENES USADOS A CF;1
5725;134;1059;INSTALACIONES - BIENES DE USO;INSTALACIONES - BIENES DE USO;1
5726;134;5025;INSTALACIONES - GASTOS DE MANTENIMIENTO;INSTALACIONES - GASTOS DE MANTENIMIENTO;1
5727;134;5004;SERVICIOS Y TASAS;SERVICIOS Y TASAS;1
5728;134;5051;BANCO HIPOTECARIO - COMISIONES CUENTA;BANCO HIPOTECARIO - COMISIONES CUENTA;1
5729;134;5040;BBVA FRANCES - COMISIONES BANCARIAS;BBVA FRANCES - COMISIONES BANCARIAS;1
5744;135;4000;VENTAS;VENTAS;1
5745;135;5000;COMPRAS;COMPRAS;1
5746;135;5001;COMISION TARJETAS DE CREDITO;COMISION TARJETAS DE CREDITO;1
5747;135;5002;COMBUSTIBLES Y LUBRICANTES;COMBUSTIBLES Y LUBRICANTES;1
5748;135;5003;FLETES Y CORREO;FLETES Y CORREO;1
5749;135;5005;LIBRERIA Y PAPELERIA;LIBRERIA Y PAPELERIA;1
5750;135;5006;HONORARIOS PROFESIONALES;HONORARIOS PROFESIONALES;1
5751;135;5007;ALQUILERES PAGADOS;ALQUILERES PAGADOS;1
5752;135;5008;SEGUROS PAGADOS;SEGUROS PAGADOS;1
5753;135;5010;GASTOS GENERALES;GASTOS GENERALES;1
5754;135;5011;SERVICISO INFORMATICOS;SERVICIOS INFORMATICOS;1
5755;135;5012;CANON;CANON;1
5756;135;5013;SERVICIOS JURIDICOS;SERVICIOS JURIDICOS;1
5757;135;5030;BANCO NACION - INTERES POR DESCUBIERTO;BANCO NACION - INTERES POR DESCUBIERTO;1
5758;135;5009;INTERESES BANCARIOS;INTERESES BANCARIOS;1
5759;135;5031;BANCO NACION - GASTOS DE MANTENIMIENTO DE CUENTA;BANCO NACION - GASTOS DE MANTENIMIENTO DE CUENTA;1
5760;135;5032;BANCO NACION - INTERESES POR PRESTAMOS;BANCO NACION - INTERESES POR PRESTAMOS;1
5761;135;5033;BANCO SANTANDER - INTERES POR DESCUBIERTO;BANCO SANTANDER - INTERES POR DESCUBIERTO;1
5762;135;5036;BANCO GALICIA - INTERES POR DESCUBIERTO;BANCO GALICIA - INTERES POR DESCUBIERTO;1
5763;135;5039;BBVA FRANCES - INTERES POR DESCUBIERTO;BBVA FRANCES - INTERES POR DESCUBIERTO;1
5764;135;5042;BANCO CREDICOOP - INTERES POR DESCUBIERTO;BANCO CREDICOOP - INTERES POR DESCUBIERTO;1
5765;135;5045;BANCO HSBC - INTERES POR DESCUBIERTO;BANCO HSBC - INTERES POR DESCUBIERTO;1
5766;135;5048;BANCO PATAGONIA - INTERES POR DESCUBIERTO;BANCO PATAGONIA - INTERES POR DESCUBIERTO;1
5767;135;5034;BANCO SANTANDER - GASTOS DE MANTENIMIENTO DE CUENTA;BANCO SANTANDER - GASTOS DE MANTENIMIENTO DE CUENTA;1
5768;135;5037;BANCO GALICIA - GASTOS DE MANTENIMIENTO DE CUENTA;BANCO GALICIA - GASTOS DE MANTENIMIENTO DE CUENTA;1
5769;135;5043;BANCO CREDICOOP - GASTOS DE MANTENIMIENTO DE CUENTA;BANCO CREDICOOP - GASTOS DE MANTENIMIENTO DE CUENTA;1
5770;135;5046;BANCO HSBC - GASTOS DE MANTENIMIENTO DE CUENTA;BANCO HSBC - GASTOS DE MANTENIMIENTO DE CUENTA;1
5771;135;5049;BANCO PATAGONIA - GASTOS DE MANTENIMIENTO DE CUENTA;BANCO PATAGONIA - GASTOS DE MANTENIMIENTO DE CUENTA;1
5772;135;5035;BANCO SANTANDER - INTERESES POR PRESTAMOS;BANCO SANTANDER - INTERESES POR PRESTAMOS;1
5773;135;5038;BANCO GALICIA - INTERESES POR PRESTAMOS;BANCO GALICIA - INTERESES POR PRESTAMOS;1
5774;135;5041;BBVA FRANCES - INTERESES POR PRESTAMOS;BBVA FRANCES - INTERESES POR PRESTAMOS;1
5775;135;5044;BANCO CREDICOOP- INTERESES POR PRESTAMOS;BANCO CREDICOOP- INTERESES POR PRESTAMOS;1
5776;135;5047;BANCO HSBC - INTERESES POR PRESTAMOS;BANCO HSBC - INTERESES POR PRESTAMOS;1
5777;135;5050;BANCO PATAGONIA- INTERESES POR PRESTAMOS;BANCO PATAGONIA- INTERESES POR PRESTAMOS;1
5778;135;1050;RODADOS - BIENES DE USO;RODADOS - BIENES DE USO;1
5779;135;1051;MUEBLES Y UTILES - BIENES DE USO;MUEBLES Y UTILES - BIENES DE USO;1
5780;135;1052;MAQUINARIA - BIENES DE USO;MAQUINARIA - BIENES DE USO;1
5781;135;1053;INMUEBLES - BIENES DE USO;INMUEBLES - BIENES DE USO;1
5782;135;5020;RODADOS - GASTOS DE MANTENIMIENTO;RODADOS - GASTOS DE MANTENIMIENTO;1
5783;135;5021;MUEBLES Y UTILES - GASTOS DE MANTENIMIENTO;MUEBLES Y UTILES - GASTOS DE MANTENIMIENTO;1
5784;135;5022;MAQUINARIA - GASTOS DE MANTENIMIENTO;MAQUINARIA - GASTOS DE MANTENIMIENTO;1
5785;135;5023;INMUEBLES - GASTOS DE MANTENIMIENTO;INMUEBLES - GASTOS DE MANTENIMIENTO;1
5786;135;5024;COMPRA DE BIENES USADOS A CF;COMPRA DE BIENES USADOS A CF;1
5787;135;1059;INSTALACIONES - BIENES DE USO;INSTALACIONES - BIENES DE USO;1
5788;135;5025;INSTALACIONES - GASTOS DE MANTENIMIENTO;INSTALACIONES - GASTOS DE MANTENIMIENTO;1
5789;135;5004;SERVICIOS Y TASAS;SERVICIOS Y TASAS;1
5790;135;5051;BANCO HIPOTECARIO - COMISIONES CUENTA;BANCO HIPOTECARIO - COMISIONES CUENTA;1
5791;135;5040;BBVA FRANCES - COMISIONES BANCARIAS;BBVA FRANCES - COMISIONES BANCARIAS;1
5806;136;4000;VENTAS;VENTAS;1
5807;136;5000;COMPRAS;COMPRAS;1
5808;136;5001;COMISION TARJETAS DE CREDITO;COMISION TARJETAS DE CREDITO;1
5809;136;5002;COMBUSTIBLES Y LUBRICANTES;COMBUSTIBLES Y LUBRICANTES;1
5810;136;5003;FLETES Y CORREO;FLETES Y CORREO;1
5811;136;5005;LIBRERIA Y PAPELERIA;LIBRERIA Y PAPELERIA;1
5812;136;5006;HONORARIOS PROFESIONALES;HONORARIOS PROFESIONALES;1
5813;136;5007;ALQUILERES PAGADOS;ALQUILERES PAGADOS;1
5814;136;5008;SEGUROS PAGADOS;SEGUROS PAGADOS;1
5815;136;5010;GASTOS GENERALES;GASTOS GENERALES;1
5816;136;5011;SERVICISO INFORMATICOS;SERVICIOS INFORMATICOS;1
5817;136;5012;CANON;CANON;1
5818;136;5013;SERVICIOS JURIDICOS;SERVICIOS JURIDICOS;1
5819;136;5030;BANCO NACION - INTERES POR DESCUBIERTO;BANCO NACION - INTERES POR DESCUBIERTO;1
5820;136;5009;INTERESES BANCARIOS;INTERESES BANCARIOS;1
5821;136;5031;BANCO NACION - GASTOS DE MANTENIMIENTO DE CUENTA;BANCO NACION - GASTOS DE MANTENIMIENTO DE CUENTA;1
5822;136;5032;BANCO NACION - INTERESES POR PRESTAMOS;BANCO NACION - INTERESES POR PRESTAMOS;1
5823;136;5033;BANCO SANTANDER - INTERES POR DESCUBIERTO;BANCO SANTANDER - INTERES POR DESCUBIERTO;1
5824;136;5036;BANCO GALICIA - INTERES POR DESCUBIERTO;BANCO GALICIA - INTERES POR DESCUBIERTO;1
5825;136;5039;BBVA FRANCES - INTERES POR DESCUBIERTO;BBVA FRANCES - INTERES POR DESCUBIERTO;1
5826;136;5042;BANCO CREDICOOP - INTERES POR DESCUBIERTO;BANCO CREDICOOP - INTERES POR DESCUBIERTO;1
5827;136;5045;BANCO HSBC - INTERES POR DESCUBIERTO;BANCO HSBC - INTERES POR DESCUBIERTO;1
5828;136;5048;BANCO PATAGONIA - INTERES POR DESCUBIERTO;BANCO PATAGONIA - INTERES POR DESCUBIERTO;1
5829;136;5034;BANCO SANTANDER - GASTOS DE MANTENIMIENTO DE CUENTA;BANCO SANTANDER - GASTOS DE MANTENIMIENTO DE CUENTA;1
5830;136;5037;BANCO GALICIA - GASTOS DE MANTENIMIENTO DE CUENTA;BANCO GALICIA - GASTOS DE MANTENIMIENTO DE CUENTA;1
5831;136;5043;BANCO CREDICOOP - GASTOS DE MANTENIMIENTO DE CUENTA;BANCO CREDICOOP - GASTOS DE MANTENIMIENTO DE CUENTA;1
5832;136;5046;BANCO HSBC - GASTOS DE MANTENIMIENTO DE CUENTA;BANCO HSBC - GASTOS DE MANTENIMIENTO DE CUENTA;1
5833;136;5049;BANCO PATAGONIA - GASTOS DE MANTENIMIENTO DE CUENTA;BANCO PATAGONIA - GASTOS DE MANTENIMIENTO DE CUENTA;1
5834;136;5035;BANCO SANTANDER - INTERESES POR PRESTAMOS;BANCO SANTANDER - INTERESES POR PRESTAMOS;1
5835;136;5038;BANCO GALICIA - INTERESES POR PRESTAMOS;BANCO GALICIA - INTERESES POR PRESTAMOS;1
5836;136;5041;BBVA FRANCES - INTERESES POR PRESTAMOS;BBVA FRANCES - INTERESES POR PRESTAMOS;1
5837;136;5044;BANCO CREDICOOP- INTERESES POR PRESTAMOS;BANCO CREDICOOP- INTERESES POR PRESTAMOS;1
5838;136;5047;BANCO HSBC - INTERESES POR PRESTAMOS;BANCO HSBC - INTERESES POR PRESTAMOS;1
5839;136;5050;BANCO PATAGONIA- INTERESES POR PRESTAMOS;BANCO PATAGONIA- INTERESES POR PRESTAMOS;1
5840;136;1050;RODADOS - BIENES DE USO;RODADOS - BIENES DE USO;1
5841;136;1051;MUEBLES Y UTILES - BIENES DE USO;MUEBLES Y UTILES - BIENES DE USO;1
5842;136;1052;MAQUINARIA - BIENES DE USO;MAQUINARIA - BIENES DE USO;1
5843;136;1053;INMUEBLES - BIENES DE USO;INMUEBLES - BIENES DE USO;1
5844;136;5020;RODADOS - GASTOS DE MANTENIMIENTO;RODADOS - GASTOS DE MANTENIMIENTO;1
5845;136;5021;MUEBLES Y UTILES - GASTOS DE MANTENIMIENTO;MUEBLES Y UTILES - GASTOS DE MANTENIMIENTO;1
5846;136;5022;MAQUINARIA - GASTOS DE MANTENIMIENTO;MAQUINARIA - GASTOS DE MANTENIMIENTO;1
5847;136;5023;INMUEBLES - GASTOS DE MANTENIMIENTO;INMUEBLES - GASTOS DE MANTENIMIENTO;1
5848;136;5024;COMPRA DE BIENES USADOS A CF;COMPRA DE BIENES USADOS A CF;1
5849;136;1059;INSTALACIONES - BIENES DE USO;INSTALACIONES - BIENES DE USO;1
5850;136;5025;INSTALACIONES - GASTOS DE MANTENIMIENTO;INSTALACIONES - GASTOS DE MANTENIMIENTO;1
5851;136;5004;SERVICIOS Y TASAS;SERVICIOS Y TASAS;1
5852;136;5051;BANCO HIPOTECARIO - COMISIONES CUENTA;BANCO HIPOTECARIO - COMISIONES CUENTA;1
5853;136;5040;BBVA FRANCES - COMISIONES BANCARIAS;BBVA FRANCES - COMISIONES BANCARIAS;1
5868;137;4000;VENTAS;VENTAS;1
5869;137;5000;COMPRAS;COMPRAS;1
5870;137;5001;COMISION TARJETAS DE CREDITO;COMISION TARJETAS DE CREDITO;1
5871;137;5002;COMBUSTIBLES Y LUBRICANTES;COMBUSTIBLES Y LUBRICANTES;1
5872;137;5003;FLETES Y CORREO;FLETES Y CORREO;1
5873;137;5005;LIBRERIA Y PAPELERIA;LIBRERIA Y PAPELERIA;1
5874;137;5006;HONORARIOS PROFESIONALES;HONORARIOS PROFESIONALES;1
5875;137;5007;ALQUILERES PAGADOS;ALQUILERES PAGADOS;1
5876;137;5008;SEGUROS PAGADOS;SEGUROS PAGADOS;1
5877;137;5010;GASTOS GENERALES;GASTOS GENERALES;1
5878;137;5011;SERVICISO INFORMATICOS;SERVICIOS INFORMATICOS;1
5879;137;5012;CANON;CANON;1
5880;137;5013;SERVICIOS JURIDICOS;SERVICIOS JURIDICOS;1
5881;137;5030;BANCO NACION - INTERES POR DESCUBIERTO;BANCO NACION - INTERES POR DESCUBIERTO;1
5882;137;5009;INTERESES BANCARIOS;INTERESES BANCARIOS;1
5883;137;5031;BANCO NACION - GASTOS DE MANTENIMIENTO DE CUENTA;BANCO NACION - GASTOS DE MANTENIMIENTO DE CUENTA;1
5884;137;5032;BANCO NACION - INTERESES POR PRESTAMOS;BANCO NACION - INTERESES POR PRESTAMOS;1
5885;137;5033;BANCO SANTANDER - INTERES POR DESCUBIERTO;BANCO SANTANDER - INTERES POR DESCUBIERTO;1
5886;137;5036;BANCO GALICIA - INTERES POR DESCUBIERTO;BANCO GALICIA - INTERES POR DESCUBIERTO;1
5887;137;5039;BBVA FRANCES - INTERES POR DESCUBIERTO;BBVA FRANCES - INTERES POR DESCUBIERTO;1
5888;137;5042;BANCO CREDICOOP - INTERES POR DESCUBIERTO;BANCO CREDICOOP - INTERES POR DESCUBIERTO;1
5889;137;5045;BANCO HSBC - INTERES POR DESCUBIERTO;BANCO HSBC - INTERES POR DESCUBIERTO;1
5890;137;5048;BANCO PATAGONIA - INTERES POR DESCUBIERTO;BANCO PATAGONIA - INTERES POR DESCUBIERTO;1
5891;137;5034;BANCO SANTANDER - GASTOS DE MANTENIMIENTO DE CUENTA;BANCO SANTANDER - GASTOS DE MANTENIMIENTO DE CUENTA;1
5892;137;5037;BANCO GALICIA - GASTOS DE MANTENIMIENTO DE CUENTA;BANCO GALICIA - GASTOS DE MANTENIMIENTO DE CUENTA;1
5893;137;5043;BANCO CREDICOOP - GASTOS DE MANTENIMIENTO DE CUENTA;BANCO CREDICOOP - GASTOS DE MANTENIMIENTO DE CUENTA;1
5894;137;5046;BANCO HSBC - GASTOS DE MANTENIMIENTO DE CUENTA;BANCO HSBC - GASTOS DE MANTENIMIENTO DE CUENTA;1
5895;137;5049;BANCO PATAGONIA - GASTOS DE MANTENIMIENTO DE CUENTA;BANCO PATAGONIA - GASTOS DE MANTENIMIENTO DE CUENTA;1
5896;137;5035;BANCO SANTANDER - INTERESES POR PRESTAMOS;BANCO SANTANDER - INTERESES POR PRESTAMOS;1
5897;137;5038;BANCO GALICIA - INTERESES POR PRESTAMOS;BANCO GALICIA - INTERESES POR PRESTAMOS;1
5898;137;5041;BBVA FRANCES - INTERESES POR PRESTAMOS;BBVA FRANCES - INTERESES POR PRESTAMOS;1
5899;137;5044;BANCO CREDICOOP- INTERESES POR PRESTAMOS;BANCO CREDICOOP- INTERESES POR PRESTAMOS;1
5900;137;5047;BANCO HSBC - INTERESES POR PRESTAMOS;BANCO HSBC - INTERESES POR PRESTAMOS;1
5901;137;5050;BANCO PATAGONIA- INTERESES POR PRESTAMOS;BANCO PATAGONIA- INTERESES POR PRESTAMOS;1
5902;137;1050;RODADOS - BIENES DE USO;RODADOS - BIENES DE USO;1
5903;137;1051;MUEBLES Y UTILES - BIENES DE USO;MUEBLES Y UTILES - BIENES DE USO;1
5904;137;1052;MAQUINARIA - BIENES DE USO;MAQUINARIA - BIENES DE USO;1
5905;137;1053;INMUEBLES - BIENES DE USO;INMUEBLES - BIENES DE USO;1
5906;137;5020;RODADOS - GASTOS DE MANTENIMIENTO;RODADOS - GASTOS DE MANTENIMIENTO;1
5907;137;5021;MUEBLES Y UTILES - GASTOS DE MANTENIMIENTO;MUEBLES Y UTILES - GASTOS DE MANTENIMIENTO;1
5908;137;5022;MAQUINARIA - GASTOS DE MANTENIMIENTO;MAQUINARIA - GASTOS DE MANTENIMIENTO;1
5909;137;5023;INMUEBLES - GASTOS DE MANTENIMIENTO;INMUEBLES - GASTOS DE MANTENIMIENTO;1
5910;137;5024;COMPRA DE BIENES USADOS A CF;COMPRA DE BIENES USADOS A CF;1
5911;137;1059;INSTALACIONES - BIENES DE USO;INSTALACIONES - BIENES DE USO;1
5912;137;5025;INSTALACIONES - GASTOS DE MANTENIMIENTO;INSTALACIONES - GASTOS DE MANTENIMIENTO;1
5913;137;5004;SERVICIOS Y TASAS;SERVICIOS Y TASAS;1
5914;137;5051;BANCO HIPOTECARIO - COMISIONES CUENTA;BANCO HIPOTECARIO - COMISIONES CUENTA;1
5915;137;5040;BBVA FRANCES - COMISIONES BANCARIAS;BBVA FRANCES - COMISIONES BANCARIAS;1
5930;138;4000;VENTAS;VENTAS;1
5931;138;5000;COMPRAS;COMPRAS;1
5932;138;5001;COMISION TARJETAS DE CREDITO;COMISION TARJETAS DE CREDITO;1
5933;138;5002;COMBUSTIBLES Y LUBRICANTES;COMBUSTIBLES Y LUBRICANTES;1
5934;138;5003;FLETES Y CORREO;FLETES Y CORREO;1
5935;138;5005;LIBRERIA Y PAPELERIA;LIBRERIA Y PAPELERIA;1
5936;138;5006;HONORARIOS PROFESIONALES;HONORARIOS PROFESIONALES;1
5937;138;5007;ALQUILERES PAGADOS;ALQUILERES PAGADOS;1
5938;138;5008;SEGUROS PAGADOS;SEGUROS PAGADOS;1
5939;138;5010;GASTOS GENERALES;GASTOS GENERALES;1
5940;138;5011;SERVICISO INFORMATICOS;SERVICIOS INFORMATICOS;1
5941;138;5012;CANON;CANON;1
5942;138;5013;SERVICIOS JURIDICOS;SERVICIOS JURIDICOS;1
5943;138;5030;BANCO NACION - INTERES POR DESCUBIERTO;BANCO NACION - INTERES POR DESCUBIERTO;1
5944;138;5009;INTERESES BANCARIOS;INTERESES BANCARIOS;1
5945;138;5031;BANCO NACION - GASTOS DE MANTENIMIENTO DE CUENTA;BANCO NACION - GASTOS DE MANTENIMIENTO DE CUENTA;1
5946;138;5032;BANCO NACION - INTERESES POR PRESTAMOS;BANCO NACION - INTERESES POR PRESTAMOS;1
5947;138;5033;BANCO SANTANDER - INTERES POR DESCUBIERTO;BANCO SANTANDER - INTERES POR DESCUBIERTO;1
5948;138;5036;BANCO GALICIA - INTERES POR DESCUBIERTO;BANCO GALICIA - INTERES POR DESCUBIERTO;1
5949;138;5039;BBVA FRANCES - INTERES POR DESCUBIERTO;BBVA FRANCES - INTERES POR DESCUBIERTO;1
5950;138;5042;BANCO CREDICOOP - INTERES POR DESCUBIERTO;BANCO CREDICOOP - INTERES POR DESCUBIERTO;1
5951;138;5045;BANCO HSBC - INTERES POR DESCUBIERTO;BANCO HSBC - INTERES POR DESCUBIERTO;1
5952;138;5048;BANCO PATAGONIA - INTERES POR DESCUBIERTO;BANCO PATAGONIA - INTERES POR DESCUBIERTO;1
5953;138;5034;BANCO SANTANDER - GASTOS DE MANTENIMIENTO DE CUENTA;BANCO SANTANDER - GASTOS DE MANTENIMIENTO DE CUENTA;1
5954;138;5037;BANCO GALICIA - GASTOS DE MANTENIMIENTO DE CUENTA;BANCO GALICIA - GASTOS DE MANTENIMIENTO DE CUENTA;1
5955;138;5043;BANCO CREDICOOP - GASTOS DE MANTENIMIENTO DE CUENTA;BANCO CREDICOOP - GASTOS DE MANTENIMIENTO DE CUENTA;1
5956;138;5046;BANCO HSBC - GASTOS DE MANTENIMIENTO DE CUENTA;BANCO HSBC - GASTOS DE MANTENIMIENTO DE CUENTA;1
5957;138;5049;BANCO PATAGONIA - GASTOS DE MANTENIMIENTO DE CUENTA;BANCO PATAGONIA - GASTOS DE MANTENIMIENTO DE CUENTA;1
5958;138;5035;BANCO SANTANDER - INTERESES POR PRESTAMOS;BANCO SANTANDER - INTERESES POR PRESTAMOS;1
5959;138;5038;BANCO GALICIA - INTERESES POR PRESTAMOS;BANCO GALICIA - INTERESES POR PRESTAMOS;1
5960;138;5041;BBVA FRANCES - INTERESES POR PRESTAMOS;BBVA FRANCES - INTERESES POR PRESTAMOS;1
5961;138;5044;BANCO CREDICOOP- INTERESES POR PRESTAMOS;BANCO CREDICOOP- INTERESES POR PRESTAMOS;1
5962;138;5047;BANCO HSBC - INTERESES POR PRESTAMOS;BANCO HSBC - INTERESES POR PRESTAMOS;1
5963;138;5050;BANCO PATAGONIA- INTERESES POR PRESTAMOS;BANCO PATAGONIA- INTERESES POR PRESTAMOS;1
5964;138;1050;RODADOS - BIENES DE USO;RODADOS - BIENES DE USO;1
5965;138;1051;MUEBLES Y UTILES - BIENES DE USO;MUEBLES Y UTILES - BIENES DE USO;1
5966;138;1052;MAQUINARIA - BIENES DE USO;MAQUINARIA - BIENES DE USO;1
5967;138;1053;INMUEBLES - BIENES DE USO;INMUEBLES - BIENES DE USO;1
5968;138;5020;RODADOS - GASTOS DE MANTENIMIENTO;RODADOS - GASTOS DE MANTENIMIENTO;1
5969;138;5021;MUEBLES Y UTILES - GASTOS DE MANTENIMIENTO;MUEBLES Y UTILES - GASTOS DE MANTENIMIENTO;1
5970;138;5022;MAQUINARIA - GASTOS DE MANTENIMIENTO;MAQUINARIA - GASTOS DE MANTENIMIENTO;1
5971;138;5023;INMUEBLES - GASTOS DE MANTENIMIENTO;INMUEBLES - GASTOS DE MANTENIMIENTO;1
5972;138;5024;COMPRA DE BIENES USADOS A CF;COMPRA DE BIENES USADOS A CF;1
5973;138;1059;INSTALACIONES - BIENES DE USO;INSTALACIONES - BIENES DE USO;1
5974;138;5025;INSTALACIONES - GASTOS DE MANTENIMIENTO;INSTALACIONES - GASTOS DE MANTENIMIENTO;1
5975;138;5004;SERVICIOS Y TASAS;SERVICIOS Y TASAS;1
5976;138;5051;BANCO HIPOTECARIO - COMISIONES CUENTA;BANCO HIPOTECARIO - COMISIONES CUENTA;1
5977;138;5040;BBVA FRANCES - COMISIONES BANCARIAS;BBVA FRANCES - COMISIONES BANCARIAS;1
5992;139;4000;VENTAS;VENTAS;1
5993;139;5000;COMPRAS;COMPRAS;1
5994;139;5001;COMISION TARJETAS DE CREDITO;COMISION TARJETAS DE CREDITO;1
5995;139;5002;COMBUSTIBLES Y LUBRICANTES;COMBUSTIBLES Y LUBRICANTES;1
5996;139;5003;FLETES Y CORREO;FLETES Y CORREO;1
5997;139;5005;LIBRERIA Y PAPELERIA;LIBRERIA Y PAPELERIA;1
5998;139;5006;HONORARIOS PROFESIONALES;HONORARIOS PROFESIONALES;1
5999;139;5007;ALQUILERES PAGADOS;ALQUILERES PAGADOS;1
6000;139;5008;SEGUROS PAGADOS;SEGUROS PAGADOS;1
6001;139;5010;GASTOS GENERALES;GASTOS GENERALES;1
6002;139;5011;SERVICISO INFORMATICOS;SERVICIOS INFORMATICOS;1
6003;139;5012;CANON;CANON;1
6004;139;5013;SERVICIOS JURIDICOS;SERVICIOS JURIDICOS;1
6005;139;5030;BANCO NACION - INTERES POR DESCUBIERTO;BANCO NACION - INTERES POR DESCUBIERTO;1
6006;139;5009;INTERESES BANCARIOS;INTERESES BANCARIOS;1
6007;139;5031;BANCO NACION - GASTOS DE MANTENIMIENTO DE CUENTA;BANCO NACION - GASTOS DE MANTENIMIENTO DE CUENTA;1
6008;139;5032;BANCO NACION - INTERESES POR PRESTAMOS;BANCO NACION - INTERESES POR PRESTAMOS;1
6009;139;5033;BANCO SANTANDER - INTERES POR DESCUBIERTO;BANCO SANTANDER - INTERES POR DESCUBIERTO;1
6010;139;5036;BANCO GALICIA - INTERES POR DESCUBIERTO;BANCO GALICIA - INTERES POR DESCUBIERTO;1
6011;139;5039;BBVA FRANCES - INTERES POR DESCUBIERTO;BBVA FRANCES - INTERES POR DESCUBIERTO;1
6012;139;5042;BANCO CREDICOOP - INTERES POR DESCUBIERTO;BANCO CREDICOOP - INTERES POR DESCUBIERTO;1
6013;139;5045;BANCO HSBC - INTERES POR DESCUBIERTO;BANCO HSBC - INTERES POR DESCUBIERTO;1
6014;139;5048;BANCO PATAGONIA - INTERES POR DESCUBIERTO;BANCO PATAGONIA - INTERES POR DESCUBIERTO;1
6015;139;5034;BANCO SANTANDER - GASTOS DE MANTENIMIENTO DE CUENTA;BANCO SANTANDER - GASTOS DE MANTENIMIENTO DE CUENTA;1
6016;139;5037;BANCO GALICIA - GASTOS DE MANTENIMIENTO DE CUENTA;BANCO GALICIA - GASTOS DE MANTENIMIENTO DE CUENTA;1
6017;139;5043;BANCO CREDICOOP - GASTOS DE MANTENIMIENTO DE CUENTA;BANCO CREDICOOP - GASTOS DE MANTENIMIENTO DE CUENTA;1
6018;139;5046;BANCO HSBC - GASTOS DE MANTENIMIENTO DE CUENTA;BANCO HSBC - GASTOS DE MANTENIMIENTO DE CUENTA;1
6019;139;5049;BANCO PATAGONIA - GASTOS DE MANTENIMIENTO DE CUENTA;BANCO PATAGONIA - GASTOS DE MANTENIMIENTO DE CUENTA;1
6020;139;5035;BANCO SANTANDER - INTERESES POR PRESTAMOS;BANCO SANTANDER - INTERESES POR PRESTAMOS;1
6021;139;5038;BANCO GALICIA - INTERESES POR PRESTAMOS;BANCO GALICIA - INTERESES POR PRESTAMOS;1
6022;139;5041;BBVA FRANCES - INTERESES POR PRESTAMOS;BBVA FRANCES - INTERESES POR PRESTAMOS;1
6023;139;5044;BANCO CREDICOOP- INTERESES POR PRESTAMOS;BANCO CREDICOOP- INTERESES POR PRESTAMOS;1
6024;139;5047;BANCO HSBC - INTERESES POR PRESTAMOS;BANCO HSBC - INTERESES POR PRESTAMOS;1
6025;139;5050;BANCO PATAGONIA- INTERESES POR PRESTAMOS;BANCO PATAGONIA- INTERESES POR PRESTAMOS;1
6026;139;1050;RODADOS - BIENES DE USO;RODADOS - BIENES DE USO;1
6027;139;1051;MUEBLES Y UTILES - BIENES DE USO;MUEBLES Y UTILES - BIENES DE USO;1
6028;139;1052;MAQUINARIA - BIENES DE USO;MAQUINARIA - BIENES DE USO;1
6029;139;1053;INMUEBLES - BIENES DE USO;INMUEBLES - BIENES DE USO;1
6030;139;5020;RODADOS - GASTOS DE MANTENIMIENTO;RODADOS - GASTOS DE MANTENIMIENTO;1
6031;139;5021;MUEBLES Y UTILES - GASTOS DE MANTENIMIENTO;MUEBLES Y UTILES - GASTOS DE MANTENIMIENTO;1
6032;139;5022;MAQUINARIA - GASTOS DE MANTENIMIENTO;MAQUINARIA - GASTOS DE MANTENIMIENTO;1
6033;139;5023;INMUEBLES - GASTOS DE MANTENIMIENTO;INMUEBLES - GASTOS DE MANTENIMIENTO;1
6034;139;5024;COMPRA DE BIENES USADOS A CF;COMPRA DE BIENES USADOS A CF;1
6035;139;1059;INSTALACIONES - BIENES DE USO;INSTALACIONES - BIENES DE USO;1
6036;139;5025;INSTALACIONES - GASTOS DE MANTENIMIENTO;INSTALACIONES - GASTOS DE MANTENIMIENTO;1
6037;139;5004;SERVICIOS Y TASAS;SERVICIOS Y TASAS;1
6038;139;5051;BANCO HIPOTECARIO - COMISIONES CUENTA;BANCO HIPOTECARIO - COMISIONES CUENTA;1
6039;139;5040;BBVA FRANCES - COMISIONES BANCARIAS;BBVA FRANCES - COMISIONES BANCARIAS;1
6054;140;4000;VENTAS;VENTAS;1
6055;140;5000;COMPRAS;COMPRAS;1
6056;140;5001;COMISION TARJETAS DE CREDITO;COMISION TARJETAS DE CREDITO;1
6057;140;5002;COMBUSTIBLES Y LUBRICANTES;COMBUSTIBLES Y LUBRICANTES;1
6058;140;5003;FLETES Y CORREO;FLETES Y CORREO;1
6059;140;5005;LIBRERIA Y PAPELERIA;LIBRERIA Y PAPELERIA;1
6060;140;5006;HONORARIOS PROFESIONALES;HONORARIOS PROFESIONALES;1
6061;140;5007;ALQUILERES PAGADOS;ALQUILERES PAGADOS;1
6062;140;5008;SEGUROS PAGADOS;SEGUROS PAGADOS;1
6063;140;5010;GASTOS GENERALES;GASTOS GENERALES;1
6064;140;5011;SERVICISO INFORMATICOS;SERVICIOS INFORMATICOS;1
6065;140;5012;CANON;CANON;1
6066;140;5013;SERVICIOS JURIDICOS;SERVICIOS JURIDICOS;1
6067;140;5030;BANCO NACION - INTERES POR DESCUBIERTO;BANCO NACION - INTERES POR DESCUBIERTO;1
6068;140;5009;INTERESES BANCARIOS;INTERESES BANCARIOS;1
6069;140;5031;BANCO NACION - GASTOS DE MANTENIMIENTO DE CUENTA;BANCO NACION - GASTOS DE MANTENIMIENTO DE CUENTA;1
6070;140;5032;BANCO NACION - INTERESES POR PRESTAMOS;BANCO NACION - INTERESES POR PRESTAMOS;1
6071;140;5033;BANCO SANTANDER - INTERES POR DESCUBIERTO;BANCO SANTANDER - INTERES POR DESCUBIERTO;1
6072;140;5036;BANCO GALICIA - INTERES POR DESCUBIERTO;BANCO GALICIA - INTERES POR DESCUBIERTO;1
6073;140;5039;BBVA FRANCES - INTERES POR DESCUBIERTO;BBVA FRANCES - INTERES POR DESCUBIERTO;1
6074;140;5042;BANCO CREDICOOP - INTERES POR DESCUBIERTO;BANCO CREDICOOP - INTERES POR DESCUBIERTO;1
6075;140;5045;BANCO HSBC - INTERES POR DESCUBIERTO;BANCO HSBC - INTERES POR DESCUBIERTO;1
6076;140;5048;BANCO PATAGONIA - INTERES POR DESCUBIERTO;BANCO PATAGONIA - INTERES POR DESCUBIERTO;1
6077;140;5034;BANCO SANTANDER - GASTOS DE MANTENIMIENTO DE CUENTA;BANCO SANTANDER - GASTOS DE MANTENIMIENTO DE CUENTA;1
6078;140;5037;BANCO GALICIA - GASTOS DE MANTENIMIENTO DE CUENTA;BANCO GALICIA - GASTOS DE MANTENIMIENTO DE CUENTA;1
6079;140;5043;BANCO CREDICOOP - GASTOS DE MANTENIMIENTO DE CUENTA;BANCO CREDICOOP - GASTOS DE MANTENIMIENTO DE CUENTA;1
6080;140;5046;BANCO HSBC - GASTOS DE MANTENIMIENTO DE CUENTA;BANCO HSBC - GASTOS DE MANTENIMIENTO DE CUENTA;1
6081;140;5049;BANCO PATAGONIA - GASTOS DE MANTENIMIENTO DE CUENTA;BANCO PATAGONIA - GASTOS DE MANTENIMIENTO DE CUENTA;1
6082;140;5035;BANCO SANTANDER - INTERESES POR PRESTAMOS;BANCO SANTANDER - INTERESES POR PRESTAMOS;1
6083;140;5038;BANCO GALICIA - INTERESES POR PRESTAMOS;BANCO GALICIA - INTERESES POR PRESTAMOS;1
6084;140;5041;BBVA FRANCES - INTERESES POR PRESTAMOS;BBVA FRANCES - INTERESES POR PRESTAMOS;1
6085;140;5044;BANCO CREDICOOP- INTERESES POR PRESTAMOS;BANCO CREDICOOP- INTERESES POR PRESTAMOS;1
6086;140;5047;BANCO HSBC - INTERESES POR PRESTAMOS;BANCO HSBC - INTERESES POR PRESTAMOS;1
6087;140;5050;BANCO PATAGONIA- INTERESES POR PRESTAMOS;BANCO PATAGONIA- INTERESES POR PRESTAMOS;1
6088;140;1050;RODADOS - BIENES DE USO;RODADOS - BIENES DE USO;1
6089;140;1051;MUEBLES Y UTILES - BIENES DE USO;MUEBLES Y UTILES - BIENES DE USO;1
6090;140;1052;MAQUINARIA - BIENES DE USO;MAQUINARIA - BIENES DE USO;1
6091;140;1053;INMUEBLES - BIENES DE USO;INMUEBLES - BIENES DE USO;1
6092;140;5020;RODADOS - GASTOS DE MANTENIMIENTO;RODADOS - GASTOS DE MANTENIMIENTO;1
6093;140;5021;MUEBLES Y UTILES - GASTOS DE MANTENIMIENTO;MUEBLES Y UTILES - GASTOS DE MANTENIMIENTO;1
6094;140;5022;MAQUINARIA - GASTOS DE MANTENIMIENTO;MAQUINARIA - GASTOS DE MANTENIMIENTO;1
6095;140;5023;INMUEBLES - GASTOS DE MANTENIMIENTO;INMUEBLES - GASTOS DE MANTENIMIENTO;1
6096;140;5024;COMPRA DE BIENES USADOS A CF;COMPRA DE BIENES USADOS A CF;1
6097;140;1059;INSTALACIONES - BIENES DE USO;INSTALACIONES - BIENES DE USO;1
6098;140;5025;INSTALACIONES - GASTOS DE MANTENIMIENTO;INSTALACIONES - GASTOS DE MANTENIMIENTO;1
6099;140;5004;SERVICIOS Y TASAS;SERVICIOS Y TASAS;1
6100;140;5051;BANCO HIPOTECARIO - COMISIONES CUENTA;BANCO HIPOTECARIO - COMISIONES CUENTA;1
6101;140;5040;BBVA FRANCES - COMISIONES BANCARIAS;BBVA FRANCES - COMISIONES BANCARIAS;1
6116;141;4000;VENTAS;VENTAS;1
6117;141;5000;COMPRAS;COMPRAS;1
6118;141;5001;COMISION TARJETAS DE CREDITO;COMISION TARJETAS DE CREDITO;1
6119;141;5002;COMBUSTIBLES Y LUBRICANTES;COMBUSTIBLES Y LUBRICANTES;1
6120;141;5003;FLETES Y CORREO;FLETES Y CORREO;1
6121;141;5005;LIBRERIA Y PAPELERIA;LIBRERIA Y PAPELERIA;1
6122;141;5006;HONORARIOS PROFESIONALES;HONORARIOS PROFESIONALES;1
6123;141;5007;ALQUILERES PAGADOS;ALQUILERES PAGADOS;1
6124;141;5008;SEGUROS PAGADOS;SEGUROS PAGADOS;1
6125;141;5010;GASTOS GENERALES;GASTOS GENERALES;1
6126;141;5011;SERVICISO INFORMATICOS;SERVICIOS INFORMATICOS;1
6127;141;5012;CANON;CANON;1
6128;141;5013;SERVICIOS JURIDICOS;SERVICIOS JURIDICOS;1
6129;141;5030;BANCO NACION - INTERES POR DESCUBIERTO;BANCO NACION - INTERES POR DESCUBIERTO;1
6130;141;5009;INTERESES BANCARIOS;INTERESES BANCARIOS;1
6131;141;5031;BANCO NACION - GASTOS DE MANTENIMIENTO DE CUENTA;BANCO NACION - GASTOS DE MANTENIMIENTO DE CUENTA;1
6132;141;5032;BANCO NACION - INTERESES POR PRESTAMOS;BANCO NACION - INTERESES POR PRESTAMOS;1
6133;141;5033;BANCO SANTANDER - INTERES POR DESCUBIERTO;BANCO SANTANDER - INTERES POR DESCUBIERTO;1
6134;141;5036;BANCO GALICIA - INTERES POR DESCUBIERTO;BANCO GALICIA - INTERES POR DESCUBIERTO;1
6135;141;5039;BBVA FRANCES - INTERES POR DESCUBIERTO;BBVA FRANCES - INTERES POR DESCUBIERTO;1
6136;141;5042;BANCO CREDICOOP - INTERES POR DESCUBIERTO;BANCO CREDICOOP - INTERES POR DESCUBIERTO;1
6137;141;5045;BANCO HSBC - INTERES POR DESCUBIERTO;BANCO HSBC - INTERES POR DESCUBIERTO;1
6138;141;5048;BANCO PATAGONIA - INTERES POR DESCUBIERTO;BANCO PATAGONIA - INTERES POR DESCUBIERTO;1
6139;141;5034;BANCO SANTANDER - GASTOS DE MANTENIMIENTO DE CUENTA;BANCO SANTANDER - GASTOS DE MANTENIMIENTO DE CUENTA;1
6140;141;5037;BANCO GALICIA - GASTOS DE MANTENIMIENTO DE CUENTA;BANCO GALICIA - GASTOS DE MANTENIMIENTO DE CUENTA;1
6141;141;5043;BANCO CREDICOOP - GASTOS DE MANTENIMIENTO DE CUENTA;BANCO CREDICOOP - GASTOS DE MANTENIMIENTO DE CUENTA;1
6142;141;5046;BANCO HSBC - GASTOS DE MANTENIMIENTO DE CUENTA;BANCO HSBC - GASTOS DE MANTENIMIENTO DE CUENTA;1
6143;141;5049;BANCO PATAGONIA - GASTOS DE MANTENIMIENTO DE CUENTA;BANCO PATAGONIA - GASTOS DE MANTENIMIENTO DE CUENTA;1
6144;141;5035;BANCO SANTANDER - INTERESES POR PRESTAMOS;BANCO SANTANDER - INTERESES POR PRESTAMOS;1
6145;141;5038;BANCO GALICIA - INTERESES POR PRESTAMOS;BANCO GALICIA - INTERESES POR PRESTAMOS;1
6146;141;5041;BBVA FRANCES - INTERESES POR PRESTAMOS;BBVA FRANCES - INTERESES POR PRESTAMOS;1
6147;141;5044;BANCO CREDICOOP- INTERESES POR PRESTAMOS;BANCO CREDICOOP- INTERESES POR PRESTAMOS;1
6148;141;5047;BANCO HSBC - INTERESES POR PRESTAMOS;BANCO HSBC - INTERESES POR PRESTAMOS;1
6149;141;5050;BANCO PATAGONIA- INTERESES POR PRESTAMOS;BANCO PATAGONIA- INTERESES POR PRESTAMOS;1
6150;141;1050;RODADOS - BIENES DE USO;RODADOS - BIENES DE USO;1
6151;141;1051;MUEBLES Y UTILES - BIENES DE USO;MUEBLES Y UTILES - BIENES DE USO;1
6152;141;1052;MAQUINARIA - BIENES DE USO;MAQUINARIA - BIENES DE USO;1
6153;141;1053;INMUEBLES - BIENES DE USO;INMUEBLES - BIENES DE USO;1
6154;141;5020;RODADOS - GASTOS DE MANTENIMIENTO;RODADOS - GASTOS DE MANTENIMIENTO;1
6155;141;5021;MUEBLES Y UTILES - GASTOS DE MANTENIMIENTO;MUEBLES Y UTILES - GASTOS DE MANTENIMIENTO;1
6156;141;5022;MAQUINARIA - GASTOS DE MANTENIMIENTO;MAQUINARIA - GASTOS DE MANTENIMIENTO;1
6157;141;5023;INMUEBLES - GASTOS DE MANTENIMIENTO;INMUEBLES - GASTOS DE MANTENIMIENTO;1
6158;141;5024;COMPRA DE BIENES USADOS A CF;COMPRA DE BIENES USADOS A CF;1
6159;141;1059;INSTALACIONES - BIENES DE USO;INSTALACIONES - BIENES DE USO;1
6160;141;5025;INSTALACIONES - GASTOS DE MANTENIMIENTO;INSTALACIONES - GASTOS DE MANTENIMIENTO;1
6161;141;5004;SERVICIOS Y TASAS;SERVICIOS Y TASAS;1
6162;141;5051;BANCO HIPOTECARIO - COMISIONES CUENTA;BANCO HIPOTECARIO - COMISIONES CUENTA;1
6163;141;5040;BBVA FRANCES - COMISIONES BANCARIAS;BBVA FRANCES - COMISIONES BANCARIAS;1
6178;142;4000;VENTAS;VENTAS;1
6179;142;5000;COMPRAS;COMPRAS;1
6180;142;5001;COMISION TARJETAS DE CREDITO;COMISION TARJETAS DE CREDITO;1
6181;142;5002;COMBUSTIBLES Y LUBRICANTES;COMBUSTIBLES Y LUBRICANTES;1
6182;142;5003;FLETES Y CORREO;FLETES Y CORREO;1
6183;142;5005;LIBRERIA Y PAPELERIA;LIBRERIA Y PAPELERIA;1
6184;142;5006;HONORARIOS PROFESIONALES;HONORARIOS PROFESIONALES;1
6185;142;5007;ALQUILERES PAGADOS;ALQUILERES PAGADOS;1
6186;142;5008;SEGUROS PAGADOS;SEGUROS PAGADOS;1
6187;142;5010;GASTOS GENERALES;GASTOS GENERALES;1
6188;142;5011;SERVICISO INFORMATICOS;SERVICIOS INFORMATICOS;1
6189;142;5012;CANON;CANON;1
6190;142;5013;SERVICIOS JURIDICOS;SERVICIOS JURIDICOS;1
6191;142;5030;BANCO NACION - INTERES POR DESCUBIERTO;BANCO NACION - INTERES POR DESCUBIERTO;1
6192;142;5009;INTERESES BANCARIOS;INTERESES BANCARIOS;1
6193;142;5031;BANCO NACION - GASTOS DE MANTENIMIENTO DE CUENTA;BANCO NACION - GASTOS DE MANTENIMIENTO DE CUENTA;1
6194;142;5032;BANCO NACION - INTERESES POR PRESTAMOS;BANCO NACION - INTERESES POR PRESTAMOS;1
6195;142;5033;BANCO SANTANDER - INTERES POR DESCUBIERTO;BANCO SANTANDER - INTERES POR DESCUBIERTO;1
6196;142;5036;BANCO GALICIA - INTERES POR DESCUBIERTO;BANCO GALICIA - INTERES POR DESCUBIERTO;1
6197;142;5039;BBVA FRANCES - INTERES POR DESCUBIERTO;BBVA FRANCES - INTERES POR DESCUBIERTO;1
6198;142;5042;BANCO CREDICOOP - INTERES POR DESCUBIERTO;BANCO CREDICOOP - INTERES POR DESCUBIERTO;1
6199;142;5045;BANCO HSBC - INTERES POR DESCUBIERTO;BANCO HSBC - INTERES POR DESCUBIERTO;1
6200;142;5048;BANCO PATAGONIA - INTERES POR DESCUBIERTO;BANCO PATAGONIA - INTERES POR DESCUBIERTO;1
6201;142;5034;BANCO SANTANDER - GASTOS DE MANTENIMIENTO DE CUENTA;BANCO SANTANDER - GASTOS DE MANTENIMIENTO DE CUENTA;1
6202;142;5037;BANCO GALICIA - GASTOS DE MANTENIMIENTO DE CUENTA;BANCO GALICIA - GASTOS DE MANTENIMIENTO DE CUENTA;1
6203;142;5043;BANCO CREDICOOP - GASTOS DE MANTENIMIENTO DE CUENTA;BANCO CREDICOOP - GASTOS DE MANTENIMIENTO DE CUENTA;1
6204;142;5046;BANCO HSBC - GASTOS DE MANTENIMIENTO DE CUENTA;BANCO HSBC - GASTOS DE MANTENIMIENTO DE CUENTA;1
6205;142;5049;BANCO PATAGONIA - GASTOS DE MANTENIMIENTO DE CUENTA;BANCO PATAGONIA - GASTOS DE MANTENIMIENTO DE CUENTA;1
6206;142;5035;BANCO SANTANDER - INTERESES POR PRESTAMOS;BANCO SANTANDER - INTERESES POR PRESTAMOS;1
6207;142;5038;BANCO GALICIA - INTERESES POR PRESTAMOS;BANCO GALICIA - INTERESES POR PRESTAMOS;1
6208;142;5041;BBVA FRANCES - INTERESES POR PRESTAMOS;BBVA FRANCES - INTERESES POR PRESTAMOS;1
6209;142;5044;BANCO CREDICOOP- INTERESES POR PRESTAMOS;BANCO CREDICOOP- INTERESES POR PRESTAMOS;1
6210;142;5047;BANCO HSBC - INTERESES POR PRESTAMOS;BANCO HSBC - INTERESES POR PRESTAMOS;1
6211;142;5050;BANCO PATAGONIA- INTERESES POR PRESTAMOS;BANCO PATAGONIA- INTERESES POR PRESTAMOS;1
6212;142;1050;RODADOS - BIENES DE USO;RODADOS - BIENES DE USO;1
6213;142;1051;MUEBLES Y UTILES - BIENES DE USO;MUEBLES Y UTILES - BIENES DE USO;1
6214;142;1052;MAQUINARIA - BIENES DE USO;MAQUINARIA - BIENES DE USO;1
6215;142;1053;INMUEBLES - BIENES DE USO;INMUEBLES - BIENES DE USO;1
6216;142;5020;RODADOS - GASTOS DE MANTENIMIENTO;RODADOS - GASTOS DE MANTENIMIENTO;1
6217;142;5021;MUEBLES Y UTILES - GASTOS DE MANTENIMIENTO;MUEBLES Y UTILES - GASTOS DE MANTENIMIENTO;1
6218;142;5022;MAQUINARIA - GASTOS DE MANTENIMIENTO;MAQUINARIA - GASTOS DE MANTENIMIENTO;1
6219;142;5023;INMUEBLES - GASTOS DE MANTENIMIENTO;INMUEBLES - GASTOS DE MANTENIMIENTO;1
6220;142;5024;COMPRA DE BIENES USADOS A CF;COMPRA DE BIENES USADOS A CF;1
6221;142;1059;INSTALACIONES - BIENES DE USO;INSTALACIONES - BIENES DE USO;1
6222;142;5025;INSTALACIONES - GASTOS DE MANTENIMIENTO;INSTALACIONES - GASTOS DE MANTENIMIENTO;1
6223;142;5004;SERVICIOS Y TASAS;SERVICIOS Y TASAS;1
6224;142;5051;BANCO HIPOTECARIO - COMISIONES CUENTA;BANCO HIPOTECARIO - COMISIONES CUENTA;1
6225;142;5040;BBVA FRANCES - COMISIONES BANCARIAS;BBVA FRANCES - COMISIONES BANCARIAS;1
6240;143;4000;VENTAS;VENTAS;1
6241;143;5000;COMPRAS;COMPRAS;1
6242;143;5001;COMISION TARJETAS DE CREDITO;COMISION TARJETAS DE CREDITO;1
6243;143;5002;COMBUSTIBLES Y LUBRICANTES;COMBUSTIBLES Y LUBRICANTES;1
6244;143;5003;FLETES Y CORREO;FLETES Y CORREO;1
6245;143;5005;LIBRERIA Y PAPELERIA;LIBRERIA Y PAPELERIA;1
6246;143;5006;HONORARIOS PROFESIONALES;HONORARIOS PROFESIONALES;1
6247;143;5007;ALQUILERES PAGADOS;ALQUILERES PAGADOS;1
6248;143;5008;SEGUROS PAGADOS;SEGUROS PAGADOS;1
6249;143;5010;GASTOS GENERALES;GASTOS GENERALES;1
6250;143;5011;SERVICISO INFORMATICOS;SERVICIOS INFORMATICOS;1
6251;143;5012;CANON;CANON;1
6252;143;5013;SERVICIOS JURIDICOS;SERVICIOS JURIDICOS;1
6253;143;5030;BANCO NACION - INTERES POR DESCUBIERTO;BANCO NACION - INTERES POR DESCUBIERTO;1
6254;143;5009;INTERESES BANCARIOS;INTERESES BANCARIOS;1
6255;143;5031;BANCO NACION - GASTOS DE MANTENIMIENTO DE CUENTA;BANCO NACION - GASTOS DE MANTENIMIENTO DE CUENTA;1
6256;143;5032;BANCO NACION - INTERESES POR PRESTAMOS;BANCO NACION - INTERESES POR PRESTAMOS;1
6257;143;5033;BANCO SANTANDER - INTERES POR DESCUBIERTO;BANCO SANTANDER - INTERES POR DESCUBIERTO;1
6258;143;5036;BANCO GALICIA - INTERES POR DESCUBIERTO;BANCO GALICIA - INTERES POR DESCUBIERTO;1
6259;143;5039;BBVA FRANCES - INTERES POR DESCUBIERTO;BBVA FRANCES - INTERES POR DESCUBIERTO;1
6260;143;5042;BANCO CREDICOOP - INTERES POR DESCUBIERTO;BANCO CREDICOOP - INTERES POR DESCUBIERTO;1
6261;143;5045;BANCO HSBC - INTERES POR DESCUBIERTO;BANCO HSBC - INTERES POR DESCUBIERTO;1
6262;143;5048;BANCO PATAGONIA - INTERES POR DESCUBIERTO;BANCO PATAGONIA - INTERES POR DESCUBIERTO;1
6263;143;5034;BANCO SANTANDER - GASTOS DE MANTENIMIENTO DE CUENTA;BANCO SANTANDER - GASTOS DE MANTENIMIENTO DE CUENTA;1
6264;143;5037;BANCO GALICIA - GASTOS DE MANTENIMIENTO DE CUENTA;BANCO GALICIA - GASTOS DE MANTENIMIENTO DE CUENTA;1
6265;143;5043;BANCO CREDICOOP - GASTOS DE MANTENIMIENTO DE CUENTA;BANCO CREDICOOP - GASTOS DE MANTENIMIENTO DE CUENTA;1
6266;143;5046;BANCO HSBC - GASTOS DE MANTENIMIENTO DE CUENTA;BANCO HSBC - GASTOS DE MANTENIMIENTO DE CUENTA;1
6267;143;5049;BANCO PATAGONIA - GASTOS DE MANTENIMIENTO DE CUENTA;BANCO PATAGONIA - GASTOS DE MANTENIMIENTO DE CUENTA;1
6268;143;5035;BANCO SANTANDER - INTERESES POR PRESTAMOS;BANCO SANTANDER - INTERESES POR PRESTAMOS;1
6269;143;5038;BANCO GALICIA - INTERESES POR PRESTAMOS;BANCO GALICIA - INTERESES POR PRESTAMOS;1
6270;143;5041;BBVA FRANCES - INTERESES POR PRESTAMOS;BBVA FRANCES - INTERESES POR PRESTAMOS;1
6271;143;5044;BANCO CREDICOOP- INTERESES POR PRESTAMOS;BANCO CREDICOOP- INTERESES POR PRESTAMOS;1
6272;143;5047;BANCO HSBC - INTERESES POR PRESTAMOS;BANCO HSBC - INTERESES POR PRESTAMOS;1
6273;143;5050;BANCO PATAGONIA- INTERESES POR PRESTAMOS;BANCO PATAGONIA- INTERESES POR PRESTAMOS;1
6274;143;1050;RODADOS - BIENES DE USO;RODADOS - BIENES DE USO;1
6275;143;1051;MUEBLES Y UTILES - BIENES DE USO;MUEBLES Y UTILES - BIENES DE USO;1
6276;143;1052;MAQUINARIA - BIENES DE USO;MAQUINARIA - BIENES DE USO;1
6277;143;1053;INMUEBLES - BIENES DE USO;INMUEBLES - BIENES DE USO;1
6278;143;5020;RODADOS - GASTOS DE MANTENIMIENTO;RODADOS - GASTOS DE MANTENIMIENTO;1
6279;143;5021;MUEBLES Y UTILES - GASTOS DE MANTENIMIENTO;MUEBLES Y UTILES - GASTOS DE MANTENIMIENTO;1
6280;143;5022;MAQUINARIA - GASTOS DE MANTENIMIENTO;MAQUINARIA - GASTOS DE MANTENIMIENTO;1
6281;143;5023;INMUEBLES - GASTOS DE MANTENIMIENTO;INMUEBLES - GASTOS DE MANTENIMIENTO;1
6282;143;5024;COMPRA DE BIENES USADOS A CF;COMPRA DE BIENES USADOS A CF;1
6283;143;1059;INSTALACIONES - BIENES DE USO;INSTALACIONES - BIENES DE USO;1
6284;143;5025;INSTALACIONES - GASTOS DE MANTENIMIENTO;INSTALACIONES - GASTOS DE MANTENIMIENTO;1
6285;143;5004;SERVICIOS Y TASAS;SERVICIOS Y TASAS;1
6286;143;5051;BANCO HIPOTECARIO - COMISIONES CUENTA;BANCO HIPOTECARIO - COMISIONES CUENTA;1
6287;143;5040;BBVA FRANCES - COMISIONES BANCARIAS;BBVA FRANCES - COMISIONES BANCARIAS;1
6302;144;4000;VENTAS;VENTAS;1
6303;144;5000;COMPRAS;COMPRAS;1
6304;144;5001;COMISION TARJETAS DE CREDITO;COMISION TARJETAS DE CREDITO;1
6305;144;5002;COMBUSTIBLES Y LUBRICANTES;COMBUSTIBLES Y LUBRICANTES;1
6306;144;5003;FLETES Y CORREO;FLETES Y CORREO;1
6307;144;5005;LIBRERIA Y PAPELERIA;LIBRERIA Y PAPELERIA;1
6308;144;5006;HONORARIOS PROFESIONALES;HONORARIOS PROFESIONALES;1
6309;144;5007;ALQUILERES PAGADOS;ALQUILERES PAGADOS;1
6310;144;5008;SEGUROS PAGADOS;SEGUROS PAGADOS;1
6311;144;5010;GASTOS GENERALES;GASTOS GENERALES;1
6312;144;5011;SERVICISO INFORMATICOS;SERVICIOS INFORMATICOS;1
6313;144;5012;CANON;CANON;1
6314;144;5013;SERVICIOS JURIDICOS;SERVICIOS JURIDICOS;1
6315;144;5030;BANCO NACION - INTERES POR DESCUBIERTO;BANCO NACION - INTERES POR DESCUBIERTO;1
6316;144;5009;INTERESES BANCARIOS;INTERESES BANCARIOS;1
6317;144;5031;BANCO NACION - GASTOS DE MANTENIMIENTO DE CUENTA;BANCO NACION - GASTOS DE MANTENIMIENTO DE CUENTA;1
6318;144;5032;BANCO NACION - INTERESES POR PRESTAMOS;BANCO NACION - INTERESES POR PRESTAMOS;1
6319;144;5033;BANCO SANTANDER - INTERES POR DESCUBIERTO;BANCO SANTANDER - INTERES POR DESCUBIERTO;1
6320;144;5036;BANCO GALICIA - INTERES POR DESCUBIERTO;BANCO GALICIA - INTERES POR DESCUBIERTO;1
6321;144;5039;BBVA FRANCES - INTERES POR DESCUBIERTO;BBVA FRANCES - INTERES POR DESCUBIERTO;1
6322;144;5042;BANCO CREDICOOP - INTERES POR DESCUBIERTO;BANCO CREDICOOP - INTERES POR DESCUBIERTO;1
6323;144;5045;BANCO HSBC - INTERES POR DESCUBIERTO;BANCO HSBC - INTERES POR DESCUBIERTO;1
6324;144;5048;BANCO PATAGONIA - INTERES POR DESCUBIERTO;BANCO PATAGONIA - INTERES POR DESCUBIERTO;1
6325;144;5034;BANCO SANTANDER - GASTOS DE MANTENIMIENTO DE CUENTA;BANCO SANTANDER - GASTOS DE MANTENIMIENTO DE CUENTA;1
6326;144;5037;BANCO GALICIA - GASTOS DE MANTENIMIENTO DE CUENTA;BANCO GALICIA - GASTOS DE MANTENIMIENTO DE CUENTA;1
6327;144;5043;BANCO CREDICOOP - GASTOS DE MANTENIMIENTO DE CUENTA;BANCO CREDICOOP - GASTOS DE MANTENIMIENTO DE CUENTA;1
6328;144;5046;BANCO HSBC - GASTOS DE MANTENIMIENTO DE CUENTA;BANCO HSBC - GASTOS DE MANTENIMIENTO DE CUENTA;1
6329;144;5049;BANCO PATAGONIA - GASTOS DE MANTENIMIENTO DE CUENTA;BANCO PATAGONIA - GASTOS DE MANTENIMIENTO DE CUENTA;1
6330;144;5035;BANCO SANTANDER - INTERESES POR PRESTAMOS;BANCO SANTANDER - INTERESES POR PRESTAMOS;1
6331;144;5038;BANCO GALICIA - INTERESES POR PRESTAMOS;BANCO GALICIA - INTERESES POR PRESTAMOS;1
6332;144;5041;BBVA FRANCES - INTERESES POR PRESTAMOS;BBVA FRANCES - INTERESES POR PRESTAMOS;1
6333;144;5044;BANCO CREDICOOP- INTERESES POR PRESTAMOS;BANCO CREDICOOP- INTERESES POR PRESTAMOS;1
6334;144;5047;BANCO HSBC - INTERESES POR PRESTAMOS;BANCO HSBC - INTERESES POR PRESTAMOS;1
6335;144;5050;BANCO PATAGONIA- INTERESES POR PRESTAMOS;BANCO PATAGONIA- INTERESES POR PRESTAMOS;1
6336;144;1050;RODADOS - BIENES DE USO;RODADOS - BIENES DE USO;1
6337;144;1051;MUEBLES Y UTILES - BIENES DE USO;MUEBLES Y UTILES - BIENES DE USO;1
6338;144;1052;MAQUINARIA - BIENES DE USO;MAQUINARIA - BIENES DE USO;1
6339;144;1053;INMUEBLES - BIENES DE USO;INMUEBLES - BIENES DE USO;1
6340;144;5020;RODADOS - GASTOS DE MANTENIMIENTO;RODADOS - GASTOS DE MANTENIMIENTO;1
6341;144;5021;MUEBLES Y UTILES - GASTOS DE MANTENIMIENTO;MUEBLES Y UTILES - GASTOS DE MANTENIMIENTO;1
6342;144;5022;MAQUINARIA - GASTOS DE MANTENIMIENTO;MAQUINARIA - GASTOS DE MANTENIMIENTO;1
6343;144;5023;INMUEBLES - GASTOS DE MANTENIMIENTO;INMUEBLES - GASTOS DE MANTENIMIENTO;1
6344;144;5024;COMPRA DE BIENES USADOS A CF;COMPRA DE BIENES USADOS A CF;1
6345;144;1059;INSTALACIONES - BIENES DE USO;INSTALACIONES - BIENES DE USO;1
6346;144;5025;INSTALACIONES - GASTOS DE MANTENIMIENTO;INSTALACIONES - GASTOS DE MANTENIMIENTO;1
6347;144;5004;SERVICIOS Y TASAS;SERVICIOS Y TASAS;1
6348;144;5051;BANCO HIPOTECARIO - COMISIONES CUENTA;BANCO HIPOTECARIO - COMISIONES CUENTA;1
6349;144;5040;BBVA FRANCES - COMISIONES BANCARIAS;BBVA FRANCES - COMISIONES BANCARIAS;1
6364;147;4000;VENTAS;VENTAS;1
6365;147;5000;COMPRAS;COMPRAS;1
6366;147;5001;COMISION TARJETAS DE CREDITO;COMISION TARJETAS DE CREDITO;1
6367;147;5002;COMBUSTIBLES Y LUBRICANTES;COMBUSTIBLES Y LUBRICANTES;1
6368;147;5003;FLETES Y CORREO;FLETES Y CORREO;1
6369;147;5005;LIBRERIA Y PAPELERIA;LIBRERIA Y PAPELERIA;1
6370;147;5006;HONORARIOS PROFESIONALES;HONORARIOS PROFESIONALES;1
6371;147;5007;ALQUILERES PAGADOS;ALQUILERES PAGADOS;1
6372;147;5008;SEGUROS PAGADOS;SEGUROS PAGADOS;1
6373;147;5010;GASTOS GENERALES;GASTOS GENERALES;1
6374;147;5011;SERVICISO INFORMATICOS;SERVICIOS INFORMATICOS;1
6375;147;5012;CANON;CANON;1
6376;147;5013;SERVICIOS JURIDICOS;SERVICIOS JURIDICOS;1
6377;147;5030;BANCO NACION - INTERES POR DESCUBIERTO;BANCO NACION - INTERES POR DESCUBIERTO;1
6378;147;5009;INTERESES BANCARIOS;INTERESES BANCARIOS;1
6379;147;5031;BANCO NACION - GASTOS DE MANTENIMIENTO DE CUENTA;BANCO NACION - GASTOS DE MANTENIMIENTO DE CUENTA;1
6380;147;5032;BANCO NACION - INTERESES POR PRESTAMOS;BANCO NACION - INTERESES POR PRESTAMOS;1
6381;147;5033;BANCO SANTANDER - INTERES POR DESCUBIERTO;BANCO SANTANDER - INTERES POR DESCUBIERTO;1
6382;147;5036;BANCO GALICIA - INTERES POR DESCUBIERTO;BANCO GALICIA - INTERES POR DESCUBIERTO;1
6383;147;5039;BBVA FRANCES - INTERES POR DESCUBIERTO;BBVA FRANCES - INTERES POR DESCUBIERTO;1
6384;147;5042;BANCO CREDICOOP - INTERES POR DESCUBIERTO;BANCO CREDICOOP - INTERES POR DESCUBIERTO;1
6385;147;5045;BANCO HSBC - INTERES POR DESCUBIERTO;BANCO HSBC - INTERES POR DESCUBIERTO;1
6386;147;5048;BANCO PATAGONIA - INTERES POR DESCUBIERTO;BANCO PATAGONIA - INTERES POR DESCUBIERTO;1
6387;147;5034;BANCO SANTANDER - GASTOS DE MANTENIMIENTO DE CUENTA;BANCO SANTANDER - GASTOS DE MANTENIMIENTO DE CUENTA;1
6388;147;5037;BANCO GALICIA - GASTOS DE MANTENIMIENTO DE CUENTA;BANCO GALICIA - GASTOS DE MANTENIMIENTO DE CUENTA;1
6389;147;5043;BANCO CREDICOOP - GASTOS DE MANTENIMIENTO DE CUENTA;BANCO CREDICOOP - GASTOS DE MANTENIMIENTO DE CUENTA;1
6390;147;5046;BANCO HSBC - GASTOS DE MANTENIMIENTO DE CUENTA;BANCO HSBC - GASTOS DE MANTENIMIENTO DE CUENTA;1
6391;147;5049;BANCO PATAGONIA - GASTOS DE MANTENIMIENTO DE CUENTA;BANCO PATAGONIA - GASTOS DE MANTENIMIENTO DE CUENTA;1
6392;147;5035;BANCO SANTANDER - INTERESES POR PRESTAMOS;BANCO SANTANDER - INTERESES POR PRESTAMOS;1
6393;147;5038;BANCO GALICIA - INTERESES POR PRESTAMOS;BANCO GALICIA - INTERESES POR PRESTAMOS;1
6394;147;5041;BBVA FRANCES - INTERESES POR PRESTAMOS;BBVA FRANCES - INTERESES POR PRESTAMOS;1
6395;147;5044;BANCO CREDICOOP- INTERESES POR PRESTAMOS;BANCO CREDICOOP- INTERESES POR PRESTAMOS;1
6396;147;5047;BANCO HSBC - INTERESES POR PRESTAMOS;BANCO HSBC - INTERESES POR PRESTAMOS;1
6397;147;5050;BANCO PATAGONIA- INTERESES POR PRESTAMOS;BANCO PATAGONIA- INTERESES POR PRESTAMOS;1
6398;147;1050;RODADOS - BIENES DE USO;RODADOS - BIENES DE USO;1
6399;147;1051;MUEBLES Y UTILES - BIENES DE USO;MUEBLES Y UTILES - BIENES DE USO;1
6400;147;1052;MAQUINARIA - BIENES DE USO;MAQUINARIA - BIENES DE USO;1
6401;147;1053;INMUEBLES - BIENES DE USO;INMUEBLES - BIENES DE USO;1
6402;147;5020;RODADOS - GASTOS DE MANTENIMIENTO;RODADOS - GASTOS DE MANTENIMIENTO;1
6403;147;5021;MUEBLES Y UTILES - GASTOS DE MANTENIMIENTO;MUEBLES Y UTILES - GASTOS DE MANTENIMIENTO;1
6404;147;5022;MAQUINARIA - GASTOS DE MANTENIMIENTO;MAQUINARIA - GASTOS DE MANTENIMIENTO;1
6405;147;5023;INMUEBLES - GASTOS DE MANTENIMIENTO;INMUEBLES - GASTOS DE MANTENIMIENTO;1
6406;147;5024;COMPRA DE BIENES USADOS A CF;COMPRA DE BIENES USADOS A CF;1
6407;147;1059;INSTALACIONES - BIENES DE USO;INSTALACIONES - BIENES DE USO;1
6408;147;5025;INSTALACIONES - GASTOS DE MANTENIMIENTO;INSTALACIONES - GASTOS DE MANTENIMIENTO;1
6409;147;5004;SERVICIOS Y TASAS;SERVICIOS Y TASAS;1
6410;147;5051;BANCO HIPOTECARIO - COMISIONES CUENTA;BANCO HIPOTECARIO - COMISIONES CUENTA;1
6411;147;5040;BBVA FRANCES - COMISIONES BANCARIAS;BBVA FRANCES - COMISIONES BANCARIAS;1
6426;149;4000;VENTAS;VENTAS;1
6427;149;5000;COMPRAS;COMPRAS;1
6428;149;5001;COMISION TARJETAS DE CREDITO;COMISION TARJETAS DE CREDITO;1
6429;149;5002;COMBUSTIBLES Y LUBRICANTES;COMBUSTIBLES Y LUBRICANTES;1
6430;149;5003;FLETES Y CORREO;FLETES Y CORREO;1
6431;149;5005;LIBRERIA Y PAPELERIA;LIBRERIA Y PAPELERIA;1
6432;149;5006;HONORARIOS PROFESIONALES;HONORARIOS PROFESIONALES;1
6433;149;5007;ALQUILERES PAGADOS;ALQUILERES PAGADOS;1
6434;149;5008;SEGUROS PAGADOS;SEGUROS PAGADOS;1
6435;149;5010;GASTOS GENERALES;GASTOS GENERALES;1
6436;149;5011;SERVICISO INFORMATICOS;SERVICIOS INFORMATICOS;1
6437;149;5012;CANON;CANON;1
6438;149;5013;SERVICIOS JURIDICOS;SERVICIOS JURIDICOS;1
6439;149;5030;BANCO NACION - INTERES POR DESCUBIERTO;BANCO NACION - INTERES POR DESCUBIERTO;1
6440;149;5009;INTERESES BANCARIOS;INTERESES BANCARIOS;1
6441;149;5031;BANCO NACION - GASTOS DE MANTENIMIENTO DE CUENTA;BANCO NACION - GASTOS DE MANTENIMIENTO DE CUENTA;1
6442;149;5032;BANCO NACION - INTERESES POR PRESTAMOS;BANCO NACION - INTERESES POR PRESTAMOS;1
6443;149;5033;BANCO SANTANDER - INTERES POR DESCUBIERTO;BANCO SANTANDER - INTERES POR DESCUBIERTO;1
6444;149;5036;BANCO GALICIA - INTERES POR DESCUBIERTO;BANCO GALICIA - INTERES POR DESCUBIERTO;1
6445;149;5039;BBVA FRANCES - INTERES POR DESCUBIERTO;BBVA FRANCES - INTERES POR DESCUBIERTO;1
6446;149;5042;BANCO CREDICOOP - INTERES POR DESCUBIERTO;BANCO CREDICOOP - INTERES POR DESCUBIERTO;1
6447;149;5045;BANCO HSBC - INTERES POR DESCUBIERTO;BANCO HSBC - INTERES POR DESCUBIERTO;1
6448;149;5048;BANCO PATAGONIA - INTERES POR DESCUBIERTO;BANCO PATAGONIA - INTERES POR DESCUBIERTO;1
6449;149;5034;BANCO SANTANDER - GASTOS DE MANTENIMIENTO DE CUENTA;BANCO SANTANDER - GASTOS DE MANTENIMIENTO DE CUENTA;1
6450;149;5037;BANCO GALICIA - GASTOS DE MANTENIMIENTO DE CUENTA;BANCO GALICIA - GASTOS DE MANTENIMIENTO DE CUENTA;1
6451;149;5043;BANCO CREDICOOP - GASTOS DE MANTENIMIENTO DE CUENTA;BANCO CREDICOOP - GASTOS DE MANTENIMIENTO DE CUENTA;1
6452;149;5046;BANCO HSBC - GASTOS DE MANTENIMIENTO DE CUENTA;BANCO HSBC - GASTOS DE MANTENIMIENTO DE CUENTA;1
6453;149;5049;BANCO PATAGONIA - GASTOS DE MANTENIMIENTO DE CUENTA;BANCO PATAGONIA - GASTOS DE MANTENIMIENTO DE CUENTA;1
6454;149;5035;BANCO SANTANDER - INTERESES POR PRESTAMOS;BANCO SANTANDER - INTERESES POR PRESTAMOS;1
6455;149;5038;BANCO GALICIA - INTERESES POR PRESTAMOS;BANCO GALICIA - INTERESES POR PRESTAMOS;1
6456;149;5041;BBVA FRANCES - INTERESES POR PRESTAMOS;BBVA FRANCES - INTERESES POR PRESTAMOS;1
6457;149;5044;BANCO CREDICOOP- INTERESES POR PRESTAMOS;BANCO CREDICOOP- INTERESES POR PRESTAMOS;1
6458;149;5047;BANCO HSBC - INTERESES POR PRESTAMOS;BANCO HSBC - INTERESES POR PRESTAMOS;1
6459;149;5050;BANCO PATAGONIA- INTERESES POR PRESTAMOS;BANCO PATAGONIA- INTERESES POR PRESTAMOS;1
6460;149;1050;RODADOS - BIENES DE USO;RODADOS - BIENES DE USO;1
6461;149;1051;MUEBLES Y UTILES - BIENES DE USO;MUEBLES Y UTILES - BIENES DE USO;1
6462;149;1052;MAQUINARIA - BIENES DE USO;MAQUINARIA - BIENES DE USO;1
6463;149;1053;INMUEBLES - BIENES DE USO;INMUEBLES - BIENES DE USO;1
6464;149;5020;RODADOS - GASTOS DE MANTENIMIENTO;RODADOS - GASTOS DE MANTENIMIENTO;1
6465;149;5021;MUEBLES Y UTILES - GASTOS DE MANTENIMIENTO;MUEBLES Y UTILES - GASTOS DE MANTENIMIENTO;1
6466;149;5022;MAQUINARIA - GASTOS DE MANTENIMIENTO;MAQUINARIA - GASTOS DE MANTENIMIENTO;1
6467;149;5023;INMUEBLES - GASTOS DE MANTENIMIENTO;INMUEBLES - GASTOS DE MANTENIMIENTO;1
6468;149;5024;COMPRA DE BIENES USADOS A CF;COMPRA DE BIENES USADOS A CF;1
6469;149;1059;INSTALACIONES - BIENES DE USO;INSTALACIONES - BIENES DE USO;1
6470;149;5025;INSTALACIONES - GASTOS DE MANTENIMIENTO;INSTALACIONES - GASTOS DE MANTENIMIENTO;1
6471;149;5004;SERVICIOS Y TASAS;SERVICIOS Y TASAS;1
6472;149;5051;BANCO HIPOTECARIO - COMISIONES CUENTA;BANCO HIPOTECARIO - COMISIONES CUENTA;1
6473;149;5040;BBVA FRANCES - COMISIONES BANCARIAS;BBVA FRANCES - COMISIONES BANCARIAS;1
6474;145;4000;VENTAS;VENTAS;1
6475;145;5000;COMPRAS;COMPRAS;1
6476;145;5001;COMISION TARJETAS DE CREDITO;COMISION TARJETAS DE CREDITO;1
6477;145;5002;COMBUSTIBLES Y LUBRICANTES;COMBUSTIBLES Y LUBRICANTES;1
6478;145;5003;FLETES Y CORREO;FLETES Y CORREO;1
6479;145;5005;LIBRERIA Y PAPELERIA;LIBRERIA Y PAPELERIA;1
6480;145;5006;HONORARIOS PROFESIONALES;HONORARIOS PROFESIONALES;1
6481;145;5007;ALQUILERES PAGADOS;ALQUILERES PAGADOS;1
6482;145;5008;SEGUROS PAGADOS;SEGUROS PAGADOS;1
6483;145;5010;GASTOS GENERALES;GASTOS GENERALES;1
6484;145;5011;SERVICISO INFORMATICOS;SERVICIOS INFORMATICOS;1
6485;145;5012;CANON;CANON;1
6486;145;5013;SERVICIOS JURIDICOS;SERVICIOS JURIDICOS;1
6487;145;5030;BANCO NACION - INTERES POR DESCUBIERTO;BANCO NACION - INTERES POR DESCUBIERTO;1
6488;145;5009;INTERESES BANCARIOS;INTERESES BANCARIOS;1
6489;145;5031;BANCO NACION - GASTOS DE MANTENIMIENTO DE CUENTA;BANCO NACION - GASTOS DE MANTENIMIENTO DE CUENTA;1
6490;145;5032;BANCO NACION - INTERESES POR PRESTAMOS;BANCO NACION - INTERESES POR PRESTAMOS;1
6491;145;5033;BANCO SANTANDER - INTERES POR DESCUBIERTO;BANCO SANTANDER - INTERES POR DESCUBIERTO;1
6492;145;5036;BANCO GALICIA - INTERES POR DESCUBIERTO;BANCO GALICIA - INTERES POR DESCUBIERTO;1
6493;145;5039;BBVA FRANCES - INTERES POR DESCUBIERTO;BBVA FRANCES - INTERES POR DESCUBIERTO;1
6494;145;5042;BANCO CREDICOOP - INTERES POR DESCUBIERTO;BANCO CREDICOOP - INTERES POR DESCUBIERTO;1
6495;145;5045;BANCO HSBC - INTERES POR DESCUBIERTO;BANCO HSBC - INTERES POR DESCUBIERTO;1
6496;145;5048;BANCO PATAGONIA - INTERES POR DESCUBIERTO;BANCO PATAGONIA - INTERES POR DESCUBIERTO;1
6497;145;5034;BANCO SANTANDER - GASTOS DE MANTENIMIENTO DE CUENTA;BANCO SANTANDER - GASTOS DE MANTENIMIENTO DE CUENTA;1
6498;145;5037;BANCO GALICIA - GASTOS DE MANTENIMIENTO DE CUENTA;BANCO GALICIA - GASTOS DE MANTENIMIENTO DE CUENTA;1
6499;145;5043;BANCO CREDICOOP - GASTOS DE MANTENIMIENTO DE CUENTA;BANCO CREDICOOP - GASTOS DE MANTENIMIENTO DE CUENTA;1
6500;145;5046;BANCO HSBC - GASTOS DE MANTENIMIENTO DE CUENTA;BANCO HSBC - GASTOS DE MANTENIMIENTO DE CUENTA;1
6501;145;5049;BANCO PATAGONIA - GASTOS DE MANTENIMIENTO DE CUENTA;BANCO PATAGONIA - GASTOS DE MANTENIMIENTO DE CUENTA;1
6502;145;5035;BANCO SANTANDER - INTERESES POR PRESTAMOS;BANCO SANTANDER - INTERESES POR PRESTAMOS;1
6503;145;5038;BANCO GALICIA - INTERESES POR PRESTAMOS;BANCO GALICIA - INTERESES POR PRESTAMOS;1
6504;145;5041;BBVA FRANCES - INTERESES POR PRESTAMOS;BBVA FRANCES - INTERESES POR PRESTAMOS;1
6505;145;5044;BANCO CREDICOOP- INTERESES POR PRESTAMOS;BANCO CREDICOOP- INTERESES POR PRESTAMOS;1
6506;145;5047;BANCO HSBC - INTERESES POR PRESTAMOS;BANCO HSBC - INTERESES POR PRESTAMOS;1
6507;145;5050;BANCO PATAGONIA- INTERESES POR PRESTAMOS;BANCO PATAGONIA- INTERESES POR PRESTAMOS;1
6508;145;1050;RODADOS - BIENES DE USO;RODADOS - BIENES DE USO;1
6509;145;1051;MUEBLES Y UTILES - BIENES DE USO;MUEBLES Y UTILES - BIENES DE USO;1
6510;145;1052;MAQUINARIA - BIENES DE USO;MAQUINARIA - BIENES DE USO;1
6511;145;1053;INMUEBLES - BIENES DE USO;INMUEBLES - BIENES DE USO;1
6512;145;1059;INSTALACIONES - BIENES DE USO;INSTALACIONES - BIENES DE USO;1
6513;145;5004;SERVICIOS Y TASAS;SERVICIOS Y TASAS;1
6514;145;9999;NO APLICA;NO APLICA;1
6529;148;4000;VENTAS;VENTAS;1
6530;148;5000;COMPRAS;COMPRAS;1
6531;148;5001;COMISION TARJETAS DE CREDITO;COMISION TARJETAS DE CREDITO;1
6532;148;5002;COMBUSTIBLES Y LUBRICANTES;COMBUSTIBLES Y LUBRICANTES;1
6533;148;5003;FLETES Y CORREO;FLETES Y CORREO;1
6534;148;5005;LIBRERIA Y PAPELERIA;LIBRERIA Y PAPELERIA;1
6535;148;5006;HONORARIOS PROFESIONALES;HONORARIOS PROFESIONALES;1
6536;148;5007;ALQUILERES PAGADOS;ALQUILERES PAGADOS;1
6537;148;5008;SEGUROS PAGADOS;SEGUROS PAGADOS;1
6538;148;5010;GASTOS GENERALES;GASTOS GENERALES;1
6539;148;5011;SERVICISO INFORMATICOS;SERVICIOS INFORMATICOS;1
6540;148;5012;CANON;CANON;1
6541;148;5013;SERVICIOS JURIDICOS;SERVICIOS JURIDICOS;1
6542;148;5030;BANCO NACION - INTERES POR DESCUBIERTO;BANCO NACION - INTERES POR DESCUBIERTO;1
6543;148;5009;INTERESES BANCARIOS;INTERESES BANCARIOS;1
6544;148;5031;BANCO NACION - GASTOS DE MANTENIMIENTO DE CUENTA;BANCO NACION - GASTOS DE MANTENIMIENTO DE CUENTA;1
6545;148;5032;BANCO NACION - INTERESES POR PRESTAMOS;BANCO NACION - INTERESES POR PRESTAMOS;1
6546;148;5033;BANCO SANTANDER - INTERES POR DESCUBIERTO;BANCO SANTANDER - INTERES POR DESCUBIERTO;1
6547;148;5036;BANCO GALICIA - INTERES POR DESCUBIERTO;BANCO GALICIA - INTERES POR DESCUBIERTO;1
6548;148;5039;BBVA FRANCES - INTERES POR DESCUBIERTO;BBVA FRANCES - INTERES POR DESCUBIERTO;1
6549;148;5042;BANCO CREDICOOP - INTERES POR DESCUBIERTO;BANCO CREDICOOP - INTERES POR DESCUBIERTO;1
6550;148;5045;BANCO HSBC - INTERES POR DESCUBIERTO;BANCO HSBC - INTERES POR DESCUBIERTO;1
6551;148;5048;BANCO PATAGONIA - INTERES POR DESCUBIERTO;BANCO PATAGONIA - INTERES POR DESCUBIERTO;1
6552;148;5034;BANCO SANTANDER - GASTOS DE MANTENIMIENTO DE CUENTA;BANCO SANTANDER - GASTOS DE MANTENIMIENTO DE CUENTA;1
6553;148;5037;BANCO GALICIA - GASTOS DE MANTENIMIENTO DE CUENTA;BANCO GALICIA - GASTOS DE MANTENIMIENTO DE CUENTA;1
6554;148;5043;BANCO CREDICOOP - GASTOS DE MANTENIMIENTO DE CUENTA;BANCO CREDICOOP - GASTOS DE MANTENIMIENTO DE CUENTA;1
6555;148;5046;BANCO HSBC - GASTOS DE MANTENIMIENTO DE CUENTA;BANCO HSBC - GASTOS DE MANTENIMIENTO DE CUENTA;1
6556;148;5049;BANCO PATAGONIA - GASTOS DE MANTENIMIENTO DE CUENTA;BANCO PATAGONIA - GASTOS DE MANTENIMIENTO DE CUENTA;1
6557;148;5035;BANCO SANTANDER - INTERESES POR PRESTAMOS;BANCO SANTANDER - INTERESES POR PRESTAMOS;1
6558;148;5038;BANCO GALICIA - INTERESES POR PRESTAMOS;BANCO GALICIA - INTERESES POR PRESTAMOS;1
6559;148;5041;BBVA FRANCES - INTERESES POR PRESTAMOS;BBVA FRANCES - INTERESES POR PRESTAMOS;1
6560;148;5044;BANCO CREDICOOP- INTERESES POR PRESTAMOS;BANCO CREDICOOP- INTERESES POR PRESTAMOS;1
6561;148;5047;BANCO HSBC - INTERESES POR PRESTAMOS;BANCO HSBC - INTERESES POR PRESTAMOS;1
6562;148;5050;BANCO PATAGONIA- INTERESES POR PRESTAMOS;BANCO PATAGONIA- INTERESES POR PRESTAMOS;1
6563;148;1050;RODADOS - BIENES DE USO;RODADOS - BIENES DE USO;1
6564;148;1051;MUEBLES Y UTILES - BIENES DE USO;MUEBLES Y UTILES - BIENES DE USO;1
6565;148;1052;MAQUINARIA - BIENES DE USO;MAQUINARIA - BIENES DE USO;1
6566;148;1053;INMUEBLES - BIENES DE USO;INMUEBLES - BIENES DE USO;1
6567;148;5020;RODADOS - GASTOS DE MANTENIMIENTO;RODADOS - GASTOS DE MANTENIMIENTO;1
6568;148;5021;MUEBLES Y UTILES - GASTOS DE MANTENIMIENTO;MUEBLES Y UTILES - GASTOS DE MANTENIMIENTO;1
6569;148;5022;MAQUINARIA - GASTOS DE MANTENIMIENTO;MAQUINARIA - GASTOS DE MANTENIMIENTO;1
6570;148;5023;INMUEBLES - GASTOS DE MANTENIMIENTO;INMUEBLES - GASTOS DE MANTENIMIENTO;1
6571;148;5024;COMPRA DE BIENES USADOS A CF;COMPRA DE BIENES USADOS A CF;1
6572;148;1059;INSTALACIONES - BIENES DE USO;INSTALACIONES - BIENES DE USO;1
6573;148;5025;INSTALACIONES - GASTOS DE MANTENIMIENTO;INSTALACIONES - GASTOS DE MANTENIMIENTO;1
6574;148;5004;SERVICIOS Y TASAS;SERVICIOS Y TASAS;1
6575;148;5051;BANCO HIPOTECARIO - COMISIONES CUENTA;BANCO HIPOTECARIO - COMISIONES CUENTA;1
6576;148;5040;BBVA FRANCES - COMISIONES BANCARIAS;BBVA FRANCES - COMISIONES BANCARIAS;1
6591;151;4000;VENTAS;VENTAS;1
6592;151;5000;COMPRAS;COMPRAS;1
6593;151;5001;COMISION TARJETAS DE CREDITO;COMISION TARJETAS DE CREDITO;1
6594;151;5002;COMBUSTIBLES Y LUBRICANTES;COMBUSTIBLES Y LUBRICANTES;1
6595;151;5003;FLETES Y CORREO;FLETES Y CORREO;1
6596;151;5005;LIBRERIA Y PAPELERIA;LIBRERIA Y PAPELERIA;1
6597;151;5006;HONORARIOS PROFESIONALES;HONORARIOS PROFESIONALES;1
6598;151;5007;ALQUILERES PAGADOS;ALQUILERES PAGADOS;1
6599;151;5008;SEGUROS PAGADOS;SEGUROS PAGADOS;1
6600;151;5010;GASTOS GENERALES;GASTOS GENERALES;1
6601;151;5011;SERVICISO INFORMATICOS;SERVICIOS INFORMATICOS;1
6602;151;5012;CANON;CANON;1
6603;151;5013;SERVICIOS JURIDICOS;SERVICIOS JURIDICOS;1
6604;151;5030;BANCO NACION - INTERES POR DESCUBIERTO;BANCO NACION - INTERES POR DESCUBIERTO;1
6605;151;5009;INTERESES BANCARIOS;INTERESES BANCARIOS;1
6606;151;5031;BANCO NACION - GASTOS DE MANTENIMIENTO DE CUENTA;BANCO NACION - GASTOS DE MANTENIMIENTO DE CUENTA;1
6607;151;5032;BANCO NACION - INTERESES POR PRESTAMOS;BANCO NACION - INTERESES POR PRESTAMOS;1
6608;151;5033;BANCO SANTANDER - INTERES POR DESCUBIERTO;BANCO SANTANDER - INTERES POR DESCUBIERTO;1
6609;151;5036;BANCO GALICIA - INTERES POR DESCUBIERTO;BANCO GALICIA - INTERES POR DESCUBIERTO;1
6610;151;5039;BBVA FRANCES - INTERES POR DESCUBIERTO;BBVA FRANCES - INTERES POR DESCUBIERTO;1
6611;151;5042;BANCO CREDICOOP - INTERES POR DESCUBIERTO;BANCO CREDICOOP - INTERES POR DESCUBIERTO;1
6612;151;5045;BANCO HSBC - INTERES POR DESCUBIERTO;BANCO HSBC - INTERES POR DESCUBIERTO;1
6613;151;5048;BANCO PATAGONIA - INTERES POR DESCUBIERTO;BANCO PATAGONIA - INTERES POR DESCUBIERTO;1
6614;151;5034;BANCO SANTANDER - GASTOS DE MANTENIMIENTO DE CUENTA;BANCO SANTANDER - GASTOS DE MANTENIMIENTO DE CUENTA;1
6615;151;5037;BANCO GALICIA - GASTOS DE MANTENIMIENTO DE CUENTA;BANCO GALICIA - GASTOS DE MANTENIMIENTO DE CUENTA;1
6616;151;5043;BANCO CREDICOOP - GASTOS DE MANTENIMIENTO DE CUENTA;BANCO CREDICOOP - GASTOS DE MANTENIMIENTO DE CUENTA;1
6617;151;5046;BANCO HSBC - GASTOS DE MANTENIMIENTO DE CUENTA;BANCO HSBC - GASTOS DE MANTENIMIENTO DE CUENTA;1
6618;151;5049;BANCO PATAGONIA - GASTOS DE MANTENIMIENTO DE CUENTA;BANCO PATAGONIA - GASTOS DE MANTENIMIENTO DE CUENTA;1
6619;151;5035;BANCO SANTANDER - INTERESES POR PRESTAMOS;BANCO SANTANDER - INTERESES POR PRESTAMOS;1
6620;151;5038;BANCO GALICIA - INTERESES POR PRESTAMOS;BANCO GALICIA - INTERESES POR PRESTAMOS;1
6621;151;5041;BBVA FRANCES - INTERESES POR PRESTAMOS;BBVA FRANCES - INTERESES POR PRESTAMOS;1
6622;151;5044;BANCO CREDICOOP- INTERESES POR PRESTAMOS;BANCO CREDICOOP- INTERESES POR PRESTAMOS;1
6623;151;5047;BANCO HSBC - INTERESES POR PRESTAMOS;BANCO HSBC - INTERESES POR PRESTAMOS;1
6624;151;5050;BANCO PATAGONIA- INTERESES POR PRESTAMOS;BANCO PATAGONIA- INTERESES POR PRESTAMOS;1
6625;151;1050;RODADOS - BIENES DE USO;RODADOS - BIENES DE USO;1
6626;151;1051;MUEBLES Y UTILES - BIENES DE USO;MUEBLES Y UTILES - BIENES DE USO;1
6627;151;1052;MAQUINARIA - BIENES DE USO;MAQUINARIA - BIENES DE USO;1
6628;151;1053;INMUEBLES - BIENES DE USO;INMUEBLES - BIENES DE USO;1
6629;151;5020;RODADOS - GASTOS DE MANTENIMIENTO;RODADOS - GASTOS DE MANTENIMIENTO;1
6630;151;5021;MUEBLES Y UTILES - GASTOS DE MANTENIMIENTO;MUEBLES Y UTILES - GASTOS DE MANTENIMIENTO;1
6631;151;5022;MAQUINARIA - GASTOS DE MANTENIMIENTO;MAQUINARIA - GASTOS DE MANTENIMIENTO;1
6632;151;5023;INMUEBLES - GASTOS DE MANTENIMIENTO;INMUEBLES - GASTOS DE MANTENIMIENTO;1
6633;151;5024;COMPRA DE BIENES USADOS A CF;COMPRA DE BIENES USADOS A CF;1
6634;151;1059;INSTALACIONES - BIENES DE USO;INSTALACIONES - BIENES DE USO;1
6635;151;5025;INSTALACIONES - GASTOS DE MANTENIMIENTO;INSTALACIONES - GASTOS DE MANTENIMIENTO;1
6636;151;5004;SERVICIOS Y TASAS;SERVICIOS Y TASAS;1
6637;151;5051;BANCO HIPOTECARIO - COMISIONES CUENTA;BANCO HIPOTECARIO - COMISIONES CUENTA;1
6638;151;5040;BBVA FRANCES - COMISIONES BANCARIAS;BBVA FRANCES - COMISIONES BANCARIAS;1
6653;150;4000;VENTAS;VENTAS;1
6654;150;5000;COMPRAS;COMPRAS;1
6655;150;5001;COMISION TARJETAS DE CREDITO;COMISION TARJETAS DE CREDITO;1
6656;150;5002;COMBUSTIBLES Y LUBRICANTES;COMBUSTIBLES Y LUBRICANTES;1
6657;150;5003;FLETES Y CORREO;FLETES Y CORREO;1
6658;150;5005;LIBRERIA Y PAPELERIA;LIBRERIA Y PAPELERIA;1
6659;150;5006;HONORARIOS PROFESIONALES;HONORARIOS PROFESIONALES;1
6660;150;5007;ALQUILERES PAGADOS;ALQUILERES PAGADOS;1
6661;150;5008;SEGUROS PAGADOS;SEGUROS PAGADOS;1
6662;150;5010;GASTOS GENERALES;GASTOS GENERALES;1
6663;150;5011;SERVICISO INFORMATICOS;SERVICIOS INFORMATICOS;1
6664;150;5012;CANON;CANON;1
6665;150;5013;SERVICIOS JURIDICOS;SERVICIOS JURIDICOS;1
6666;150;5030;BANCO NACION - INTERES POR DESCUBIERTO;BANCO NACION - INTERES POR DESCUBIERTO;1
6667;150;5009;INTERESES BANCARIOS;INTERESES BANCARIOS;1
6668;150;5031;BANCO NACION - GASTOS DE MANTENIMIENTO DE CUENTA;BANCO NACION - GASTOS DE MANTENIMIENTO DE CUENTA;1
6669;150;5032;BANCO NACION - INTERESES POR PRESTAMOS;BANCO NACION - INTERESES POR PRESTAMOS;1
6670;150;5033;BANCO SANTANDER - INTERES POR DESCUBIERTO;BANCO SANTANDER - INTERES POR DESCUBIERTO;1
6671;150;5036;BANCO GALICIA - INTERES POR DESCUBIERTO;BANCO GALICIA - INTERES POR DESCUBIERTO;1
6672;150;5039;BBVA FRANCES - INTERES POR DESCUBIERTO;BBVA FRANCES - INTERES POR DESCUBIERTO;1
6673;150;5042;BANCO CREDICOOP - INTERES POR DESCUBIERTO;BANCO CREDICOOP - INTERES POR DESCUBIERTO;1
6674;150;5045;BANCO HSBC - INTERES POR DESCUBIERTO;BANCO HSBC - INTERES POR DESCUBIERTO;1
6675;150;5048;BANCO PATAGONIA - INTERES POR DESCUBIERTO;BANCO PATAGONIA - INTERES POR DESCUBIERTO;1
6676;150;5034;BANCO SANTANDER - GASTOS DE MANTENIMIENTO DE CUENTA;BANCO SANTANDER - GASTOS DE MANTENIMIENTO DE CUENTA;1
6677;150;5037;BANCO GALICIA - GASTOS DE MANTENIMIENTO DE CUENTA;BANCO GALICIA - GASTOS DE MANTENIMIENTO DE CUENTA;1
6678;150;5043;BANCO CREDICOOP - GASTOS DE MANTENIMIENTO DE CUENTA;BANCO CREDICOOP - GASTOS DE MANTENIMIENTO DE CUENTA;1
6679;150;5046;BANCO HSBC - GASTOS DE MANTENIMIENTO DE CUENTA;BANCO HSBC - GASTOS DE MANTENIMIENTO DE CUENTA;1
6680;150;5049;BANCO PATAGONIA - GASTOS DE MANTENIMIENTO DE CUENTA;BANCO PATAGONIA - GASTOS DE MANTENIMIENTO DE CUENTA;1
6681;150;5035;BANCO SANTANDER - INTERESES POR PRESTAMOS;BANCO SANTANDER - INTERESES POR PRESTAMOS;1
6682;150;5038;BANCO GALICIA - INTERESES POR PRESTAMOS;BANCO GALICIA - INTERESES POR PRESTAMOS;1
6683;150;5041;BBVA FRANCES - INTERESES POR PRESTAMOS;BBVA FRANCES - INTERESES POR PRESTAMOS;1
6684;150;5044;BANCO CREDICOOP- INTERESES POR PRESTAMOS;BANCO CREDICOOP- INTERESES POR PRESTAMOS;1
6685;150;5047;BANCO HSBC - INTERESES POR PRESTAMOS;BANCO HSBC - INTERESES POR PRESTAMOS;1
6686;150;5050;BANCO PATAGONIA- INTERESES POR PRESTAMOS;BANCO PATAGONIA- INTERESES POR PRESTAMOS;1
6687;150;1050;RODADOS - BIENES DE USO;RODADOS - BIENES DE USO;1
6688;150;1051;MUEBLES Y UTILES - BIENES DE USO;MUEBLES Y UTILES - BIENES DE USO;1
6689;150;1052;MAQUINARIA - BIENES DE USO;MAQUINARIA - BIENES DE USO;1
6690;150;1053;INMUEBLES - BIENES DE USO;INMUEBLES - BIENES DE USO;1
6691;150;5020;RODADOS - GASTOS DE MANTENIMIENTO;RODADOS - GASTOS DE MANTENIMIENTO;1
6692;150;5021;MUEBLES Y UTILES - GASTOS DE MANTENIMIENTO;MUEBLES Y UTILES - GASTOS DE MANTENIMIENTO;1
6693;150;5022;MAQUINARIA - GASTOS DE MANTENIMIENTO;MAQUINARIA - GASTOS DE MANTENIMIENTO;1
6694;150;5023;INMUEBLES - GASTOS DE MANTENIMIENTO;INMUEBLES - GASTOS DE MANTENIMIENTO;1
6695;150;5024;COMPRA DE BIENES USADOS A CF;COMPRA DE BIENES USADOS A CF;1
6696;150;1059;INSTALACIONES - BIENES DE USO;INSTALACIONES - BIENES DE USO;1
6697;150;5025;INSTALACIONES - GASTOS DE MANTENIMIENTO;INSTALACIONES - GASTOS DE MANTENIMIENTO;1
6698;150;5004;SERVICIOS Y TASAS;SERVICIOS Y TASAS;1
6699;150;5051;BANCO HIPOTECARIO - COMISIONES CUENTA;BANCO HIPOTECARIO - COMISIONES CUENTA;1
6700;150;5040;BBVA FRANCES - COMISIONES BANCARIAS;BBVA FRANCES - COMISIONES BANCARIAS;1
6715;153;4000;VENTAS;VENTAS;1
6716;153;5000;COMPRAS;COMPRAS;1
6717;153;5001;COMISION TARJETAS DE CREDITO;COMISION TARJETAS DE CREDITO;1
6718;153;5002;COMBUSTIBLES Y LUBRICANTES;COMBUSTIBLES Y LUBRICANTES;1
6719;153;5003;FLETES Y CORREO;FLETES Y CORREO;1
6720;153;5005;LIBRERIA Y PAPELERIA;LIBRERIA Y PAPELERIA;1
6721;153;5006;HONORARIOS PROFESIONALES;HONORARIOS PROFESIONALES;1
6722;153;5007;ALQUILERES PAGADOS;ALQUILERES PAGADOS;1
6723;153;5008;SEGUROS PAGADOS;SEGUROS PAGADOS;1
6724;153;5010;GASTOS GENERALES;GASTOS GENERALES;1
6725;153;5011;SERVICISO INFORMATICOS;SERVICIOS INFORMATICOS;1
6726;153;5012;CANON;CANON;1
6727;153;5013;SERVICIOS JURIDICOS;SERVICIOS JURIDICOS;1
6728;153;5030;BANCO NACION - INTERES POR DESCUBIERTO;BANCO NACION - INTERES POR DESCUBIERTO;1
6729;153;5009;INTERESES BANCARIOS;INTERESES BANCARIOS;1
6730;153;5031;BANCO NACION - GASTOS DE MANTENIMIENTO DE CUENTA;BANCO NACION - GASTOS DE MANTENIMIENTO DE CUENTA;1
6731;153;5032;BANCO NACION - INTERESES POR PRESTAMOS;BANCO NACION - INTERESES POR PRESTAMOS;1
6732;153;5033;BANCO SANTANDER - INTERES POR DESCUBIERTO;BANCO SANTANDER - INTERES POR DESCUBIERTO;1
6733;153;5036;BANCO GALICIA - INTERES POR DESCUBIERTO;BANCO GALICIA - INTERES POR DESCUBIERTO;1
6734;153;5039;BBVA FRANCES - INTERES POR DESCUBIERTO;BBVA FRANCES - INTERES POR DESCUBIERTO;1
6735;153;5042;BANCO CREDICOOP - INTERES POR DESCUBIERTO;BANCO CREDICOOP - INTERES POR DESCUBIERTO;1
6736;153;5045;BANCO HSBC - INTERES POR DESCUBIERTO;BANCO HSBC - INTERES POR DESCUBIERTO;1
6737;153;5048;BANCO PATAGONIA - INTERES POR DESCUBIERTO;BANCO PATAGONIA - INTERES POR DESCUBIERTO;1
6738;153;5034;BANCO SANTANDER - GASTOS DE MANTENIMIENTO DE CUENTA;BANCO SANTANDER - GASTOS DE MANTENIMIENTO DE CUENTA;1
6739;153;5037;BANCO GALICIA - GASTOS DE MANTENIMIENTO DE CUENTA;BANCO GALICIA - GASTOS DE MANTENIMIENTO DE CUENTA;1
6740;153;5043;BANCO CREDICOOP - GASTOS DE MANTENIMIENTO DE CUENTA;BANCO CREDICOOP - GASTOS DE MANTENIMIENTO DE CUENTA;1
6741;153;5046;BANCO HSBC - GASTOS DE MANTENIMIENTO DE CUENTA;BANCO HSBC - GASTOS DE MANTENIMIENTO DE CUENTA;1
6742;153;5049;BANCO PATAGONIA - GASTOS DE MANTENIMIENTO DE CUENTA;BANCO PATAGONIA - GASTOS DE MANTENIMIENTO DE CUENTA;1
6743;153;5035;BANCO SANTANDER - INTERESES POR PRESTAMOS;BANCO SANTANDER - INTERESES POR PRESTAMOS;1
6744;153;5038;BANCO GALICIA - INTERESES POR PRESTAMOS;BANCO GALICIA - INTERESES POR PRESTAMOS;1
6745;153;5041;BBVA FRANCES - INTERESES POR PRESTAMOS;BBVA FRANCES - INTERESES POR PRESTAMOS;1
6746;153;5044;BANCO CREDICOOP- INTERESES POR PRESTAMOS;BANCO CREDICOOP- INTERESES POR PRESTAMOS;1
6747;153;5047;BANCO HSBC - INTERESES POR PRESTAMOS;BANCO HSBC - INTERESES POR PRESTAMOS;1
6748;153;5050;BANCO PATAGONIA- INTERESES POR PRESTAMOS;BANCO PATAGONIA- INTERESES POR PRESTAMOS;1
6749;153;1050;RODADOS - BIENES DE USO;RODADOS - BIENES DE USO;1
6750;153;1051;MUEBLES Y UTILES - BIENES DE USO;MUEBLES Y UTILES - BIENES DE USO;1
6751;153;1052;MAQUINARIA - BIENES DE USO;MAQUINARIA - BIENES DE USO;1
6752;153;1053;INMUEBLES - BIENES DE USO;INMUEBLES - BIENES DE USO;1
6753;153;5020;RODADOS - GASTOS DE MANTENIMIENTO;RODADOS - GASTOS DE MANTENIMIENTO;1
6754;153;5021;MUEBLES Y UTILES - GASTOS DE MANTENIMIENTO;MUEBLES Y UTILES - GASTOS DE MANTENIMIENTO;1
6755;153;5022;MAQUINARIA - GASTOS DE MANTENIMIENTO;MAQUINARIA - GASTOS DE MANTENIMIENTO;1
6756;153;5023;INMUEBLES - GASTOS DE MANTENIMIENTO;INMUEBLES - GASTOS DE MANTENIMIENTO;1
6757;153;5024;COMPRA DE BIENES USADOS A CF;COMPRA DE BIENES USADOS A CF;1
6758;153;1059;INSTALACIONES - BIENES DE USO;INSTALACIONES - BIENES DE USO;1
6759;153;5025;INSTALACIONES - GASTOS DE MANTENIMIENTO;INSTALACIONES - GASTOS DE MANTENIMIENTO;1
6760;153;5004;SERVICIOS Y TASAS;SERVICIOS Y TASAS;1
6761;153;5051;BANCO HIPOTECARIO - COMISIONES CUENTA;BANCO HIPOTECARIO - COMISIONES CUENTA;1
6762;153;5040;BBVA FRANCES - COMISIONES BANCARIAS;BBVA FRANCES - COMISIONES BANCARIAS;1
6777;157;4000;VENTAS;VENTAS;1
6778;157;5000;COMPRAS;COMPRAS;1
6779;157;5001;COMISION TARJETAS DE CREDITO;COMISION TARJETAS DE CREDITO;1
6780;157;5002;COMBUSTIBLES Y LUBRICANTES;COMBUSTIBLES Y LUBRICANTES;1
6781;157;5003;FLETES Y CORREO;FLETES Y CORREO;1
6782;157;5005;LIBRERIA Y PAPELERIA;LIBRERIA Y PAPELERIA;1
6783;157;5006;HONORARIOS PROFESIONALES;HONORARIOS PROFESIONALES;1
6784;157;5007;ALQUILERES PAGADOS;ALQUILERES PAGADOS;1
6785;157;5008;SEGUROS PAGADOS;SEGUROS PAGADOS;1
6786;157;5010;GASTOS GENERALES;GASTOS GENERALES;1
6787;157;5011;SERVICISO INFORMATICOS;SERVICIOS INFORMATICOS;1
6788;157;5012;CANON;CANON;1
6789;157;5013;SERVICIOS JURIDICOS;SERVICIOS JURIDICOS;1
6790;157;5030;BANCO NACION - INTERES POR DESCUBIERTO;BANCO NACION - INTERES POR DESCUBIERTO;1
6791;157;5009;INTERESES BANCARIOS;INTERESES BANCARIOS;1
6792;157;5031;BANCO NACION - GASTOS DE MANTENIMIENTO DE CUENTA;BANCO NACION - GASTOS DE MANTENIMIENTO DE CUENTA;1
6793;157;5032;BANCO NACION - INTERESES POR PRESTAMOS;BANCO NACION - INTERESES POR PRESTAMOS;1
6794;157;5033;BANCO SANTANDER - INTERES POR DESCUBIERTO;BANCO SANTANDER - INTERES POR DESCUBIERTO;1
6795;157;5036;BANCO GALICIA - INTERES POR DESCUBIERTO;BANCO GALICIA - INTERES POR DESCUBIERTO;1
6796;157;5039;BBVA FRANCES - INTERES POR DESCUBIERTO;BBVA FRANCES - INTERES POR DESCUBIERTO;1
6797;157;5042;BANCO CREDICOOP - INTERES POR DESCUBIERTO;BANCO CREDICOOP - INTERES POR DESCUBIERTO;1
6798;157;5045;BANCO HSBC - INTERES POR DESCUBIERTO;BANCO HSBC - INTERES POR DESCUBIERTO;1
6799;157;5048;BANCO PATAGONIA - INTERES POR DESCUBIERTO;BANCO PATAGONIA - INTERES POR DESCUBIERTO;1
6800;157;5034;BANCO SANTANDER - GASTOS DE MANTENIMIENTO DE CUENTA;BANCO SANTANDER - GASTOS DE MANTENIMIENTO DE CUENTA;1
6801;157;5037;BANCO GALICIA - GASTOS DE MANTENIMIENTO DE CUENTA;BANCO GALICIA - GASTOS DE MANTENIMIENTO DE CUENTA;1
6802;157;5043;BANCO CREDICOOP - GASTOS DE MANTENIMIENTO DE CUENTA;BANCO CREDICOOP - GASTOS DE MANTENIMIENTO DE CUENTA;1
6803;157;5046;BANCO HSBC - GASTOS DE MANTENIMIENTO DE CUENTA;BANCO HSBC - GASTOS DE MANTENIMIENTO DE CUENTA;1
6804;157;5049;BANCO PATAGONIA - GASTOS DE MANTENIMIENTO DE CUENTA;BANCO PATAGONIA - GASTOS DE MANTENIMIENTO DE CUENTA;1
6805;157;5035;BANCO SANTANDER - INTERESES POR PRESTAMOS;BANCO SANTANDER - INTERESES POR PRESTAMOS;1
6806;157;5038;BANCO GALICIA - INTERESES POR PRESTAMOS;BANCO GALICIA - INTERESES POR PRESTAMOS;1
6807;157;5041;BBVA FRANCES - INTERESES POR PRESTAMOS;BBVA FRANCES - INTERESES POR PRESTAMOS;1
6808;157;5044;BANCO CREDICOOP- INTERESES POR PRESTAMOS;BANCO CREDICOOP- INTERESES POR PRESTAMOS;1
6809;157;5047;BANCO HSBC - INTERESES POR PRESTAMOS;BANCO HSBC - INTERESES POR PRESTAMOS;1
6810;157;5050;BANCO PATAGONIA- INTERESES POR PRESTAMOS;BANCO PATAGONIA- INTERESES POR PRESTAMOS;1
6811;157;1050;RODADOS - BIENES DE USO;RODADOS - BIENES DE USO;1
6812;157;1051;MUEBLES Y UTILES - BIENES DE USO;MUEBLES Y UTILES - BIENES DE USO;1
6813;157;1052;MAQUINARIA - BIENES DE USO;MAQUINARIA - BIENES DE USO;1
6814;157;1053;INMUEBLES - BIENES DE USO;INMUEBLES - BIENES DE USO;1
6815;157;5020;RODADOS - GASTOS DE MANTENIMIENTO;RODADOS - GASTOS DE MANTENIMIENTO;1
6816;157;5021;MUEBLES Y UTILES - GASTOS DE MANTENIMIENTO;MUEBLES Y UTILES - GASTOS DE MANTENIMIENTO;1
6817;157;5022;MAQUINARIA - GASTOS DE MANTENIMIENTO;MAQUINARIA - GASTOS DE MANTENIMIENTO;1
6818;157;5023;INMUEBLES - GASTOS DE MANTENIMIENTO;INMUEBLES - GASTOS DE MANTENIMIENTO;1
6819;157;5024;COMPRA DE BIENES USADOS A CF;COMPRA DE BIENES USADOS A CF;1
6820;157;1059;INSTALACIONES - BIENES DE USO;INSTALACIONES - BIENES DE USO;1
6821;157;5025;INSTALACIONES - GASTOS DE MANTENIMIENTO;INSTALACIONES - GASTOS DE MANTENIMIENTO;1
6822;157;5004;SERVICIOS Y TASAS;SERVICIOS Y TASAS;1
6823;157;5051;BANCO HIPOTECARIO - COMISIONES CUENTA;BANCO HIPOTECARIO - COMISIONES CUENTA;1
6824;157;5040;BBVA FRANCES - COMISIONES BANCARIAS;BBVA FRANCES - COMISIONES BANCARIAS;1
6839;155;4000;VENTAS;VENTAS;1
6840;155;5000;COMPRAS;COMPRAS;1
6841;155;5001;COMISION TARJETAS DE CREDITO;COMISION TARJETAS DE CREDITO;1
6842;155;5002;COMBUSTIBLES Y LUBRICANTES;COMBUSTIBLES Y LUBRICANTES;1
6843;155;5003;FLETES Y CORREO;FLETES Y CORREO;1
6844;155;5005;LIBRERIA Y PAPELERIA;LIBRERIA Y PAPELERIA;1
6845;155;5006;HONORARIOS PROFESIONALES;HONORARIOS PROFESIONALES;1
6846;155;5007;ALQUILERES PAGADOS;ALQUILERES PAGADOS;1
6847;155;5008;SEGUROS PAGADOS;SEGUROS PAGADOS;1
6848;155;5010;GASTOS GENERALES;GASTOS GENERALES;1
6849;155;5011;SERVICISO INFORMATICOS;SERVICIOS INFORMATICOS;1
6850;155;5012;CANON;CANON;1
6851;155;5013;SERVICIOS JURIDICOS;SERVICIOS JURIDICOS;1
6852;155;5030;BANCO NACION - INTERES POR DESCUBIERTO;BANCO NACION - INTERES POR DESCUBIERTO;1
6853;155;5009;INTERESES BANCARIOS;INTERESES BANCARIOS;1
6854;155;5031;BANCO NACION - GASTOS DE MANTENIMIENTO DE CUENTA;BANCO NACION - GASTOS DE MANTENIMIENTO DE CUENTA;1
6855;155;5032;BANCO NACION - INTERESES POR PRESTAMOS;BANCO NACION - INTERESES POR PRESTAMOS;1
6856;155;5033;BANCO SANTANDER - INTERES POR DESCUBIERTO;BANCO SANTANDER - INTERES POR DESCUBIERTO;1
6857;155;5036;BANCO GALICIA - INTERES POR DESCUBIERTO;BANCO GALICIA - INTERES POR DESCUBIERTO;1
6858;155;5039;BBVA FRANCES - INTERES POR DESCUBIERTO;BBVA FRANCES - INTERES POR DESCUBIERTO;1
6859;155;5042;BANCO CREDICOOP - INTERES POR DESCUBIERTO;BANCO CREDICOOP - INTERES POR DESCUBIERTO;1
6860;155;5045;BANCO HSBC - INTERES POR DESCUBIERTO;BANCO HSBC - INTERES POR DESCUBIERTO;1
6861;155;5048;BANCO PATAGONIA - INTERES POR DESCUBIERTO;BANCO PATAGONIA - INTERES POR DESCUBIERTO;1
6862;155;5034;BANCO SANTANDER - GASTOS DE MANTENIMIENTO DE CUENTA;BANCO SANTANDER - GASTOS DE MANTENIMIENTO DE CUENTA;1
6863;155;5037;BANCO GALICIA - GASTOS DE MANTENIMIENTO DE CUENTA;BANCO GALICIA - GASTOS DE MANTENIMIENTO DE CUENTA;1
6864;155;5043;BANCO CREDICOOP - GASTOS DE MANTENIMIENTO DE CUENTA;BANCO CREDICOOP - GASTOS DE MANTENIMIENTO DE CUENTA;1
6865;155;5046;BANCO HSBC - GASTOS DE MANTENIMIENTO DE CUENTA;BANCO HSBC - GASTOS DE MANTENIMIENTO DE CUENTA;1
6866;155;5049;BANCO PATAGONIA - GASTOS DE MANTENIMIENTO DE CUENTA;BANCO PATAGONIA - GASTOS DE MANTENIMIENTO DE CUENTA;1
6867;155;5035;BANCO SANTANDER - INTERESES POR PRESTAMOS;BANCO SANTANDER - INTERESES POR PRESTAMOS;1
6868;155;5038;BANCO GALICIA - INTERESES POR PRESTAMOS;BANCO GALICIA - INTERESES POR PRESTAMOS;1
6869;155;5041;BBVA FRANCES - INTERESES POR PRESTAMOS;BBVA FRANCES - INTERESES POR PRESTAMOS;1
6870;155;5044;BANCO CREDICOOP- INTERESES POR PRESTAMOS;BANCO CREDICOOP- INTERESES POR PRESTAMOS;1
6871;155;5047;BANCO HSBC - INTERESES POR PRESTAMOS;BANCO HSBC - INTERESES POR PRESTAMOS;1
6872;155;5050;BANCO PATAGONIA- INTERESES POR PRESTAMOS;BANCO PATAGONIA- INTERESES POR PRESTAMOS;1
6873;155;1050;RODADOS - BIENES DE USO;RODADOS - BIENES DE USO;1
6874;155;1051;MUEBLES Y UTILES - BIENES DE USO;MUEBLES Y UTILES - BIENES DE USO;1
6875;155;1052;MAQUINARIA - BIENES DE USO;MAQUINARIA - BIENES DE USO;1
6876;155;1053;INMUEBLES - BIENES DE USO;INMUEBLES - BIENES DE USO;1
6877;155;5020;RODADOS - GASTOS DE MANTENIMIENTO;RODADOS - GASTOS DE MANTENIMIENTO;1
6878;155;5021;MUEBLES Y UTILES - GASTOS DE MANTENIMIENTO;MUEBLES Y UTILES - GASTOS DE MANTENIMIENTO;1
6879;155;5022;MAQUINARIA - GASTOS DE MANTENIMIENTO;MAQUINARIA - GASTOS DE MANTENIMIENTO;1
6880;155;5023;INMUEBLES - GASTOS DE MANTENIMIENTO;INMUEBLES - GASTOS DE MANTENIMIENTO;1
6881;155;5024;COMPRA DE BIENES USADOS A CF;COMPRA DE BIENES USADOS A CF;1
6882;155;1059;INSTALACIONES - BIENES DE USO;INSTALACIONES - BIENES DE USO;1
6883;155;5025;INSTALACIONES - GASTOS DE MANTENIMIENTO;INSTALACIONES - GASTOS DE MANTENIMIENTO;1
6884;155;5004;SERVICIOS Y TASAS;SERVICIOS Y TASAS;1
6885;155;5051;BANCO HIPOTECARIO - COMISIONES CUENTA;BANCO HIPOTECARIO - COMISIONES CUENTA;1
6886;155;5040;BBVA FRANCES - COMISIONES BANCARIAS;BBVA FRANCES - COMISIONES BANCARIAS;1
6901;156;4000;VENTAS;VENTAS;1
6902;156;5000;COMPRAS;COMPRAS;1
6903;156;5001;COMISION TARJETAS DE CREDITO;COMISION TARJETAS DE CREDITO;1
6904;156;5002;COMBUSTIBLES Y LUBRICANTES;COMBUSTIBLES Y LUBRICANTES;1
6905;156;5003;FLETES Y CORREO;FLETES Y CORREO;1
6906;156;5005;LIBRERIA Y PAPELERIA;LIBRERIA Y PAPELERIA;1
6907;156;5006;HONORARIOS PROFESIONALES;HONORARIOS PROFESIONALES;1
6908;156;5007;ALQUILERES PAGADOS;ALQUILERES PAGADOS;1
6909;156;5008;SEGUROS PAGADOS;SEGUROS PAGADOS;1
6910;156;5010;GASTOS GENERALES;GASTOS GENERALES;1
6911;156;5011;SERVICISO INFORMATICOS;SERVICIOS INFORMATICOS;1
6912;156;5012;CANON;CANON;1
6913;156;5013;SERVICIOS JURIDICOS;SERVICIOS JURIDICOS;1
6914;156;5030;BANCO NACION - INTERES POR DESCUBIERTO;BANCO NACION - INTERES POR DESCUBIERTO;1
6915;156;5009;INTERESES BANCARIOS;INTERESES BANCARIOS;1
6916;156;5031;BANCO NACION - GASTOS DE MANTENIMIENTO DE CUENTA;BANCO NACION - GASTOS DE MANTENIMIENTO DE CUENTA;1
6917;156;5032;BANCO NACION - INTERESES POR PRESTAMOS;BANCO NACION - INTERESES POR PRESTAMOS;1
6918;156;5033;BANCO SANTANDER - INTERES POR DESCUBIERTO;BANCO SANTANDER - INTERES POR DESCUBIERTO;1
6919;156;5036;BANCO GALICIA - INTERES POR DESCUBIERTO;BANCO GALICIA - INTERES POR DESCUBIERTO;1
6920;156;5039;BBVA FRANCES - INTERES POR DESCUBIERTO;BBVA FRANCES - INTERES POR DESCUBIERTO;1
6921;156;5042;BANCO CREDICOOP - INTERES POR DESCUBIERTO;BANCO CREDICOOP - INTERES POR DESCUBIERTO;1
6922;156;5045;BANCO HSBC - INTERES POR DESCUBIERTO;BANCO HSBC - INTERES POR DESCUBIERTO;1
6923;156;5048;BANCO PATAGONIA - INTERES POR DESCUBIERTO;BANCO PATAGONIA - INTERES POR DESCUBIERTO;1
6924;156;5034;BANCO SANTANDER - GASTOS DE MANTENIMIENTO DE CUENTA;BANCO SANTANDER - GASTOS DE MANTENIMIENTO DE CUENTA;1
6925;156;5037;BANCO GALICIA - GASTOS DE MANTENIMIENTO DE CUENTA;BANCO GALICIA - GASTOS DE MANTENIMIENTO DE CUENTA;1
6926;156;5043;BANCO CREDICOOP - GASTOS DE MANTENIMIENTO DE CUENTA;BANCO CREDICOOP - GASTOS DE MANTENIMIENTO DE CUENTA;1
6927;156;5046;BANCO HSBC - GASTOS DE MANTENIMIENTO DE CUENTA;BANCO HSBC - GASTOS DE MANTENIMIENTO DE CUENTA;1
6928;156;5049;BANCO PATAGONIA - GASTOS DE MANTENIMIENTO DE CUENTA;BANCO PATAGONIA - GASTOS DE MANTENIMIENTO DE CUENTA;1
6929;156;5035;BANCO SANTANDER - INTERESES POR PRESTAMOS;BANCO SANTANDER - INTERESES POR PRESTAMOS;1
6930;156;5038;BANCO GALICIA - INTERESES POR PRESTAMOS;BANCO GALICIA - INTERESES POR PRESTAMOS;1
6931;156;5041;BBVA FRANCES - INTERESES POR PRESTAMOS;BBVA FRANCES - INTERESES POR PRESTAMOS;1
6932;156;5044;BANCO CREDICOOP- INTERESES POR PRESTAMOS;BANCO CREDICOOP- INTERESES POR PRESTAMOS;1
6933;156;5047;BANCO HSBC - INTERESES POR PRESTAMOS;BANCO HSBC - INTERESES POR PRESTAMOS;1
6934;156;5050;BANCO PATAGONIA- INTERESES POR PRESTAMOS;BANCO PATAGONIA- INTERESES POR PRESTAMOS;1
6935;156;1050;RODADOS - BIENES DE USO;RODADOS - BIENES DE USO;1
6936;156;1051;MUEBLES Y UTILES - BIENES DE USO;MUEBLES Y UTILES - BIENES DE USO;1
6937;156;1052;MAQUINARIA - BIENES DE USO;MAQUINARIA - BIENES DE USO;1
6938;156;1053;INMUEBLES - BIENES DE USO;INMUEBLES - BIENES DE USO;1
6939;156;5020;RODADOS - GASTOS DE MANTENIMIENTO;RODADOS - GASTOS DE MANTENIMIENTO;1
6940;156;5021;MUEBLES Y UTILES - GASTOS DE MANTENIMIENTO;MUEBLES Y UTILES - GASTOS DE MANTENIMIENTO;1
6941;156;5022;MAQUINARIA - GASTOS DE MANTENIMIENTO;MAQUINARIA - GASTOS DE MANTENIMIENTO;1
6942;156;5023;INMUEBLES - GASTOS DE MANTENIMIENTO;INMUEBLES - GASTOS DE MANTENIMIENTO;1
6943;156;5024;COMPRA DE BIENES USADOS A CF;COMPRA DE BIENES USADOS A CF;1
6944;156;1059;INSTALACIONES - BIENES DE USO;INSTALACIONES - BIENES DE USO;1
6945;156;5025;INSTALACIONES - GASTOS DE MANTENIMIENTO;INSTALACIONES - GASTOS DE MANTENIMIENTO;1
6946;156;5004;SERVICIOS Y TASAS;SERVICIOS Y TASAS;1
6947;156;5051;BANCO HIPOTECARIO - COMISIONES CUENTA;BANCO HIPOTECARIO - COMISIONES CUENTA;1
6948;156;5040;BBVA FRANCES - COMISIONES BANCARIAS;BBVA FRANCES - COMISIONES BANCARIAS;1
6963;154;4000;VENTAS;VENTAS;1
6964;154;5000;COMPRAS;COMPRAS;1
6965;154;5001;COMISION TARJETAS DE CREDITO;COMISION TARJETAS DE CREDITO;1
6966;154;5002;COMBUSTIBLES Y LUBRICANTES;COMBUSTIBLES Y LUBRICANTES;1
6967;154;5003;FLETES Y CORREO;FLETES Y CORREO;1
6968;154;5005;LIBRERIA Y PAPELERIA;LIBRERIA Y PAPELERIA;1
6969;154;5006;HONORARIOS PROFESIONALES;HONORARIOS PROFESIONALES;1
6970;154;5007;ALQUILERES PAGADOS;ALQUILERES PAGADOS;1
6971;154;5008;SEGUROS PAGADOS;SEGUROS PAGADOS;1
6972;154;5010;GASTOS GENERALES;GASTOS GENERALES;1
6973;154;5011;SERVICISO INFORMATICOS;SERVICIOS INFORMATICOS;1
6974;154;5012;CANON;CANON;1
6975;154;5013;SERVICIOS JURIDICOS;SERVICIOS JURIDICOS;1
6976;154;5030;BANCO NACION - INTERES POR DESCUBIERTO;BANCO NACION - INTERES POR DESCUBIERTO;1
6977;154;5009;INTERESES BANCARIOS;INTERESES BANCARIOS;1
6978;154;5031;BANCO NACION - GASTOS DE MANTENIMIENTO DE CUENTA;BANCO NACION - GASTOS DE MANTENIMIENTO DE CUENTA;1
6979;154;5032;BANCO NACION - INTERESES POR PRESTAMOS;BANCO NACION - INTERESES POR PRESTAMOS;1
6980;154;5033;BANCO SANTANDER - INTERES POR DESCUBIERTO;BANCO SANTANDER - INTERES POR DESCUBIERTO;1
6981;154;5036;BANCO GALICIA - INTERES POR DESCUBIERTO;BANCO GALICIA - INTERES POR DESCUBIERTO;1
6982;154;5039;BBVA FRANCES - INTERES POR DESCUBIERTO;BBVA FRANCES - INTERES POR DESCUBIERTO;1
6983;154;5042;BANCO CREDICOOP - INTERES POR DESCUBIERTO;BANCO CREDICOOP - INTERES POR DESCUBIERTO;1
6984;154;5045;BANCO HSBC - INTERES POR DESCUBIERTO;BANCO HSBC - INTERES POR DESCUBIERTO;1
6985;154;5048;BANCO PATAGONIA - INTERES POR DESCUBIERTO;BANCO PATAGONIA - INTERES POR DESCUBIERTO;1
6986;154;5034;BANCO SANTANDER - GASTOS DE MANTENIMIENTO DE CUENTA;BANCO SANTANDER - GASTOS DE MANTENIMIENTO DE CUENTA;1
6987;154;5037;BANCO GALICIA - GASTOS DE MANTENIMIENTO DE CUENTA;BANCO GALICIA - GASTOS DE MANTENIMIENTO DE CUENTA;1
6988;154;5043;BANCO CREDICOOP - GASTOS DE MANTENIMIENTO DE CUENTA;BANCO CREDICOOP - GASTOS DE MANTENIMIENTO DE CUENTA;1
6989;154;5046;BANCO HSBC - GASTOS DE MANTENIMIENTO DE CUENTA;BANCO HSBC - GASTOS DE MANTENIMIENTO DE CUENTA;1
6990;154;5049;BANCO PATAGONIA - GASTOS DE MANTENIMIENTO DE CUENTA;BANCO PATAGONIA - GASTOS DE MANTENIMIENTO DE CUENTA;1
6991;154;5035;BANCO SANTANDER - INTERESES POR PRESTAMOS;BANCO SANTANDER - INTERESES POR PRESTAMOS;1
6992;154;5038;BANCO GALICIA - INTERESES POR PRESTAMOS;BANCO GALICIA - INTERESES POR PRESTAMOS;1
6993;154;5041;BBVA FRANCES - INTERESES POR PRESTAMOS;BBVA FRANCES - INTERESES POR PRESTAMOS;1
6994;154;5044;BANCO CREDICOOP- INTERESES POR PRESTAMOS;BANCO CREDICOOP- INTERESES POR PRESTAMOS;1
6995;154;5047;BANCO HSBC - INTERESES POR PRESTAMOS;BANCO HSBC - INTERESES POR PRESTAMOS;1
6996;154;5050;BANCO PATAGONIA- INTERESES POR PRESTAMOS;BANCO PATAGONIA- INTERESES POR PRESTAMOS;1
6997;154;1050;RODADOS - BIENES DE USO;RODADOS - BIENES DE USO;1
6998;154;1051;MUEBLES Y UTILES - BIENES DE USO;MUEBLES Y UTILES - BIENES DE USO;1
6999;154;1052;MAQUINARIA - BIENES DE USO;MAQUINARIA - BIENES DE USO;1
7000;154;1053;INMUEBLES - BIENES DE USO;INMUEBLES - BIENES DE USO;1
7001;154;5020;RODADOS - GASTOS DE MANTENIMIENTO;RODADOS - GASTOS DE MANTENIMIENTO;1
7002;154;5021;MUEBLES Y UTILES - GASTOS DE MANTENIMIENTO;MUEBLES Y UTILES - GASTOS DE MANTENIMIENTO;1
7003;154;5022;MAQUINARIA - GASTOS DE MANTENIMIENTO;MAQUINARIA - GASTOS DE MANTENIMIENTO;1
7004;154;5023;INMUEBLES - GASTOS DE MANTENIMIENTO;INMUEBLES - GASTOS DE MANTENIMIENTO;1
7005;154;5024;COMPRA DE BIENES USADOS A CF;COMPRA DE BIENES USADOS A CF;1
7006;154;1059;INSTALACIONES - BIENES DE USO;INSTALACIONES - BIENES DE USO;1
7007;154;5025;INSTALACIONES - GASTOS DE MANTENIMIENTO;INSTALACIONES - GASTOS DE MANTENIMIENTO;1
7008;154;5004;SERVICIOS Y TASAS;SERVICIOS Y TASAS;1
7009;154;5051;BANCO HIPOTECARIO - COMISIONES CUENTA;BANCO HIPOTECARIO - COMISIONES CUENTA;1
7010;154;5040;BBVA FRANCES - COMISIONES BANCARIAS;BBVA FRANCES - COMISIONES BANCARIAS;1
7025;158;4000;VENTAS;VENTAS;1
7026;158;5000;COMPRAS;COMPRAS;1
7027;158;5001;COMISION TARJETAS DE CREDITO;COMISION TARJETAS DE CREDITO;1
7028;158;5002;COMBUSTIBLES Y LUBRICANTES;COMBUSTIBLES Y LUBRICANTES;1
7029;158;5003;FLETES Y CORREO;FLETES Y CORREO;1
7030;158;5005;LIBRERIA Y PAPELERIA;LIBRERIA Y PAPELERIA;1
7031;158;5006;HONORARIOS PROFESIONALES;HONORARIOS PROFESIONALES;1
7032;158;5007;ALQUILERES PAGADOS;ALQUILERES PAGADOS;1
7033;158;5008;SEGUROS PAGADOS;SEGUROS PAGADOS;1
7034;158;5010;GASTOS GENERALES;GASTOS GENERALES;1
7035;158;5011;SERVICISO INFORMATICOS;SERVICIOS INFORMATICOS;1
7036;158;5012;CANON;CANON;1
7037;158;5013;SERVICIOS JURIDICOS;SERVICIOS JURIDICOS;1
7038;158;5030;BANCO NACION - INTERES POR DESCUBIERTO;BANCO NACION - INTERES POR DESCUBIERTO;1
7039;158;5009;INTERESES BANCARIOS;INTERESES BANCARIOS;1
7040;158;5031;BANCO NACION - GASTOS DE MANTENIMIENTO DE CUENTA;BANCO NACION - GASTOS DE MANTENIMIENTO DE CUENTA;1
7041;158;5032;BANCO NACION - INTERESES POR PRESTAMOS;BANCO NACION - INTERESES POR PRESTAMOS;1
7042;158;5033;BANCO SANTANDER - INTERES POR DESCUBIERTO;BANCO SANTANDER - INTERES POR DESCUBIERTO;1
7043;158;5036;BANCO GALICIA - INTERES POR DESCUBIERTO;BANCO GALICIA - INTERES POR DESCUBIERTO;1
7044;158;5039;BBVA FRANCES - INTERES POR DESCUBIERTO;BBVA FRANCES - INTERES POR DESCUBIERTO;1
7045;158;5042;BANCO CREDICOOP - INTERES POR DESCUBIERTO;BANCO CREDICOOP - INTERES POR DESCUBIERTO;1
7046;158;5045;BANCO HSBC - INTERES POR DESCUBIERTO;BANCO HSBC - INTERES POR DESCUBIERTO;1
7047;158;5048;BANCO PATAGONIA - INTERES POR DESCUBIERTO;BANCO PATAGONIA - INTERES POR DESCUBIERTO;1
7048;158;5034;BANCO SANTANDER - GASTOS DE MANTENIMIENTO DE CUENTA;BANCO SANTANDER - GASTOS DE MANTENIMIENTO DE CUENTA;1
7049;158;5037;BANCO GALICIA - GASTOS DE MANTENIMIENTO DE CUENTA;BANCO GALICIA - GASTOS DE MANTENIMIENTO DE CUENTA;1
7050;158;5043;BANCO CREDICOOP - GASTOS DE MANTENIMIENTO DE CUENTA;BANCO CREDICOOP - GASTOS DE MANTENIMIENTO DE CUENTA;1
7051;158;5046;BANCO HSBC - GASTOS DE MANTENIMIENTO DE CUENTA;BANCO HSBC - GASTOS DE MANTENIMIENTO DE CUENTA;1
7052;158;5049;BANCO PATAGONIA - GASTOS DE MANTENIMIENTO DE CUENTA;BANCO PATAGONIA - GASTOS DE MANTENIMIENTO DE CUENTA;1
7053;158;5035;BANCO SANTANDER - INTERESES POR PRESTAMOS;BANCO SANTANDER - INTERESES POR PRESTAMOS;1
7054;158;5038;BANCO GALICIA - INTERESES POR PRESTAMOS;BANCO GALICIA - INTERESES POR PRESTAMOS;1
7055;158;5041;BBVA FRANCES - INTERESES POR PRESTAMOS;BBVA FRANCES - INTERESES POR PRESTAMOS;1
7056;158;5044;BANCO CREDICOOP- INTERESES POR PRESTAMOS;BANCO CREDICOOP- INTERESES POR PRESTAMOS;1
7057;158;5047;BANCO HSBC - INTERESES POR PRESTAMOS;BANCO HSBC - INTERESES POR PRESTAMOS;1
7058;158;5050;BANCO PATAGONIA- INTERESES POR PRESTAMOS;BANCO PATAGONIA- INTERESES POR PRESTAMOS;1
7059;158;1050;RODADOS - BIENES DE USO;RODADOS - BIENES DE USO;1
7060;158;1051;MUEBLES Y UTILES - BIENES DE USO;MUEBLES Y UTILES - BIENES DE USO;1
7061;158;1052;MAQUINARIA - BIENES DE USO;MAQUINARIA - BIENES DE USO;1
7062;158;1053;INMUEBLES - BIENES DE USO;INMUEBLES - BIENES DE USO;1
7063;158;5020;RODADOS - GASTOS DE MANTENIMIENTO;RODADOS - GASTOS DE MANTENIMIENTO;1
7064;158;5021;MUEBLES Y UTILES - GASTOS DE MANTENIMIENTO;MUEBLES Y UTILES - GASTOS DE MANTENIMIENTO;1
7065;158;5022;MAQUINARIA - GASTOS DE MANTENIMIENTO;MAQUINARIA - GASTOS DE MANTENIMIENTO;1
7066;158;5023;INMUEBLES - GASTOS DE MANTENIMIENTO;INMUEBLES - GASTOS DE MANTENIMIENTO;1
7067;158;5024;COMPRA DE BIENES USADOS A CF;COMPRA DE BIENES USADOS A CF;1
7068;158;1059;INSTALACIONES - BIENES DE USO;INSTALACIONES - BIENES DE USO;1
7069;158;5025;INSTALACIONES - GASTOS DE MANTENIMIENTO;INSTALACIONES - GASTOS DE MANTENIMIENTO;1
7070;158;5004;SERVICIOS Y TASAS;SERVICIOS Y TASAS;1
7071;158;5051;BANCO HIPOTECARIO - COMISIONES CUENTA;BANCO HIPOTECARIO - COMISIONES CUENTA;1
7072;158;5040;BBVA FRANCES - COMISIONES BANCARIAS;BBVA FRANCES - COMISIONES BANCARIAS;1
7087;17;4000;VENTAS;VENTAS;1
7088;17;5000;COMPRAS;COMPRAS;1
7089;17;5001;COMISION TARJETAS DE CREDITO;COMISION TARJETAS DE CREDITO;1
7090;17;5002;COMBUSTIBLES Y LUBRICANTES;COMBUSTIBLES Y LUBRICANTES;1
7091;17;5003;FLETES Y CORREO;FLETES Y CORREO;1
7092;17;5005;LIBRERIA Y PAPELERIA;LIBRERIA Y PAPELERIA;1
7093;17;5006;HONORARIOS PROFESIONALES;HONORARIOS PROFESIONALES;1
7094;17;5007;ALQUILERES PAGADOS;ALQUILERES PAGADOS;1
7095;17;5008;SEGUROS PAGADOS;SEGUROS PAGADOS;1
7096;17;5010;GASTOS GENERALES;GASTOS GENERALES;1
7097;17;5011;SERVICISO INFORMATICOS;SERVICIOS INFORMATICOS;1
7098;17;5012;CANON;CANON;1
7099;17;5013;SERVICIOS JURIDICOS;SERVICIOS JURIDICOS;1
7100;17;5030;BANCO NACION - INTERES POR DESCUBIERTO;BANCO NACION - INTERES POR DESCUBIERTO;1
7101;17;5009;INTERESES BANCARIOS;INTERESES BANCARIOS;1
7102;17;5031;BANCO NACION - GASTOS DE MANTENIMIENTO DE CUENTA;BANCO NACION - GASTOS DE MANTENIMIENTO DE CUENTA;1
7103;17;5032;BANCO NACION - INTERESES POR PRESTAMOS;BANCO NACION - INTERESES POR PRESTAMOS;1
7104;17;5033;BANCO SANTANDER - INTERES POR DESCUBIERTO;BANCO SANTANDER - INTERES POR DESCUBIERTO;1
7105;17;5036;BANCO GALICIA - INTERES POR DESCUBIERTO;BANCO GALICIA - INTERES POR DESCUBIERTO;1
7106;17;5039;BBVA FRANCES - INTERES POR DESCUBIERTO;BBVA FRANCES - INTERES POR DESCUBIERTO;1
7107;17;5042;BANCO CREDICOOP - INTERES POR DESCUBIERTO;BANCO CREDICOOP - INTERES POR DESCUBIERTO;1
7108;17;5045;BANCO HSBC - INTERES POR DESCUBIERTO;BANCO HSBC - INTERES POR DESCUBIERTO;1
7109;17;5048;BANCO PATAGONIA - INTERES POR DESCUBIERTO;BANCO PATAGONIA - INTERES POR DESCUBIERTO;1
7110;17;5034;BANCO SANTANDER - GASTOS DE MANTENIMIENTO DE CUENTA;BANCO SANTANDER - GASTOS DE MANTENIMIENTO DE CUENTA;1
7111;17;5037;BANCO GALICIA - GASTOS DE MANTENIMIENTO DE CUENTA;BANCO GALICIA - GASTOS DE MANTENIMIENTO DE CUENTA;1
7112;17;5043;BANCO CREDICOOP - GASTOS DE MANTENIMIENTO DE CUENTA;BANCO CREDICOOP - GASTOS DE MANTENIMIENTO DE CUENTA;1
7113;17;5046;BANCO HSBC - GASTOS DE MANTENIMIENTO DE CUENTA;BANCO HSBC - GASTOS DE MANTENIMIENTO DE CUENTA;1
7114;17;5049;BANCO PATAGONIA - GASTOS DE MANTENIMIENTO DE CUENTA;BANCO PATAGONIA - GASTOS DE MANTENIMIENTO DE CUENTA;1
7115;17;5035;BANCO SANTANDER - INTERESES POR PRESTAMOS;BANCO SANTANDER - INTERESES POR PRESTAMOS;1
7116;17;5038;BANCO GALICIA - INTERESES POR PRESTAMOS;BANCO GALICIA - INTERESES POR PRESTAMOS;1
7117;17;5041;BBVA FRANCES - INTERESES POR PRESTAMOS;BBVA FRANCES - INTERESES POR PRESTAMOS;1
7118;17;5044;BANCO CREDICOOP- INTERESES POR PRESTAMOS;BANCO CREDICOOP- INTERESES POR PRESTAMOS;1
7119;17;5047;BANCO HSBC - INTERESES POR PRESTAMOS;BANCO HSBC - INTERESES POR PRESTAMOS;1
7120;17;5050;BANCO PATAGONIA- INTERESES POR PRESTAMOS;BANCO PATAGONIA- INTERESES POR PRESTAMOS;1
7121;17;1050;RODADOS - BIENES DE USO;RODADOS - BIENES DE USO;1
7122;17;1051;MUEBLES Y UTILES - BIENES DE USO;MUEBLES Y UTILES - BIENES DE USO;1
7123;17;1052;MAQUINARIA - BIENES DE USO;MAQUINARIA - BIENES DE USO;1
7124;17;1053;INMUEBLES - BIENES DE USO;INMUEBLES - BIENES DE USO;1
7125;17;5020;RODADOS - GASTOS DE MANTENIMIENTO;RODADOS - GASTOS DE MANTENIMIENTO;1
7126;17;5021;MUEBLES Y UTILES - GASTOS DE MANTENIMIENTO;MUEBLES Y UTILES - GASTOS DE MANTENIMIENTO;1
7127;17;5022;MAQUINARIA - GASTOS DE MANTENIMIENTO;MAQUINARIA - GASTOS DE MANTENIMIENTO;1
7128;17;5023;INMUEBLES - GASTOS DE MANTENIMIENTO;INMUEBLES - GASTOS DE MANTENIMIENTO;1
7129;17;5024;COMPRA DE BIENES USADOS A CF;COMPRA DE BIENES USADOS A CF;1
7130;17;1059;INSTALACIONES - BIENES DE USO;INSTALACIONES - BIENES DE USO;1
7131;17;5025;INSTALACIONES - GASTOS DE MANTENIMIENTO;INSTALACIONES - GASTOS DE MANTENIMIENTO;1
7132;17;5004;SERVICIOS Y TASAS;SERVICIOS Y TASAS;1
7133;17;5051;BANCO HIPOTECARIO - COMISIONES CUENTA;BANCO HIPOTECARIO - COMISIONES CUENTA;1
7134;17;5040;BBVA FRANCES - COMISIONES BANCARIAS;BBVA FRANCES - COMISIONES BANCARIAS;1
7135;78;4000;VENTAS;VENTAS;1
7136;78;5000;COMPRAS;COMPRAS;1
7137;78;5001;COMISION TARJETAS DE CREDITO;COMISION TARJETAS DE CREDITO;1
7138;78;5002;COMBUSTIBLES Y LUBRICANTES;COMBUSTIBLES Y LUBRICANTES;1
7139;78;5003;FLETES Y CORREO;FLETES Y CORREO;1
7140;78;5005;LIBRERIA Y PAPELERIA;LIBRERIA Y PAPELERIA;1
7141;78;5006;HONORARIOS PROFESIONALES;HONORARIOS PROFESIONALES;1
7142;78;5007;ALQUILERES PAGADOS;ALQUILERES PAGADOS;1
7143;78;5008;SEGUROS PAGADOS;SEGUROS PAGADOS;1
7144;78;5010;GASTOS GENERALES;GASTOS GENERALES;1
7145;78;5011;SERVICISO INFORMATICOS;SERVICIOS INFORMATICOS;1
7146;78;5012;CANON;CANON;1
7147;78;5013;SERVICIOS JURIDICOS;SERVICIOS JURIDICOS;1
7148;78;5030;BANCO NACION - INTERES POR DESCUBIERTO;BANCO NACION - INTERES POR DESCUBIERTO;1
7149;78;5009;INTERESES BANCARIOS;INTERESES BANCARIOS;1
7150;78;5031;BANCO NACION - GASTOS DE MANTENIMIENTO DE CUENTA;BANCO NACION - GASTOS DE MANTENIMIENTO DE CUENTA;1
7151;78;5032;BANCO NACION - INTERESES POR PRESTAMOS;BANCO NACION - INTERESES POR PRESTAMOS;1
7152;78;5033;BANCO SANTANDER - INTERES POR DESCUBIERTO;BANCO SANTANDER - INTERES POR DESCUBIERTO;1
7153;78;5036;BANCO GALICIA - INTERES POR DESCUBIERTO;BANCO GALICIA - INTERES POR DESCUBIERTO;1
7154;78;5039;BBVA FRANCES - INTERES POR DESCUBIERTO;BBVA FRANCES - INTERES POR DESCUBIERTO;1
7155;78;5042;BANCO CREDICOOP - INTERES POR DESCUBIERTO;BANCO CREDICOOP - INTERES POR DESCUBIERTO;1
7156;78;5045;BANCO HSBC - INTERES POR DESCUBIERTO;BANCO HSBC - INTERES POR DESCUBIERTO;1
7157;78;5048;BANCO PATAGONIA - INTERES POR DESCUBIERTO;BANCO PATAGONIA - INTERES POR DESCUBIERTO;1
7158;78;5034;BANCO SANTANDER - GASTOS DE MANTENIMIENTO DE CUENTA;BANCO SANTANDER - GASTOS DE MANTENIMIENTO DE CUENTA;1
7159;78;5037;BANCO GALICIA - GASTOS DE MANTENIMIENTO DE CUENTA;BANCO GALICIA - GASTOS DE MANTENIMIENTO DE CUENTA;1
7160;78;5043;BANCO CREDICOOP - GASTOS DE MANTENIMIENTO DE CUENTA;BANCO CREDICOOP - GASTOS DE MANTENIMIENTO DE CUENTA;1
7161;78;5046;BANCO HSBC - GASTOS DE MANTENIMIENTO DE CUENTA;BANCO HSBC - GASTOS DE MANTENIMIENTO DE CUENTA;1
7162;78;5049;BANCO PATAGONIA - GASTOS DE MANTENIMIENTO DE CUENTA;BANCO PATAGONIA - GASTOS DE MANTENIMIENTO DE CUENTA;1
7163;78;5035;BANCO SANTANDER - INTERESES POR PRESTAMOS;BANCO SANTANDER - INTERESES POR PRESTAMOS;1
7164;78;5038;BANCO GALICIA - INTERESES POR PRESTAMOS;BANCO GALICIA - INTERESES POR PRESTAMOS;1
7165;78;5041;BBVA FRANCES - INTERESES POR PRESTAMOS;BBVA FRANCES - INTERESES POR PRESTAMOS;1
7166;78;5044;BANCO CREDICOOP- INTERESES POR PRESTAMOS;BANCO CREDICOOP- INTERESES POR PRESTAMOS;1
7167;78;5047;BANCO HSBC - INTERESES POR PRESTAMOS;BANCO HSBC - INTERESES POR PRESTAMOS;1
7168;78;5050;BANCO PATAGONIA- INTERESES POR PRESTAMOS;BANCO PATAGONIA- INTERESES POR PRESTAMOS;1
7169;78;1050;RODADOS - BIENES DE USO;RODADOS - BIENES DE USO;1
7170;78;1051;MUEBLES Y UTILES - BIENES DE USO;MUEBLES Y UTILES - BIENES DE USO;1
7171;78;1052;MAQUINARIA - BIENES DE USO;MAQUINARIA - BIENES DE USO;1
7172;78;1053;INMUEBLES - BIENES DE USO;INMUEBLES - BIENES DE USO;1
7173;78;5020;RODADOS - GASTOS DE MANTENIMIENTO;RODADOS - GASTOS DE MANTENIMIENTO;1
7174;78;5021;MUEBLES Y UTILES - GASTOS DE MANTENIMIENTO;MUEBLES Y UTILES - GASTOS DE MANTENIMIENTO;1
7175;78;5022;MAQUINARIA - GASTOS DE MANTENIMIENTO;MAQUINARIA - GASTOS DE MANTENIMIENTO;1
7176;78;5023;INMUEBLES - GASTOS DE MANTENIMIENTO;INMUEBLES - GASTOS DE MANTENIMIENTO;1
7177;78;5024;COMPRA DE BIENES USADOS A CF;COMPRA DE BIENES USADOS A CF;1
7178;78;1059;INSTALACIONES - BIENES DE USO;INSTALACIONES - BIENES DE USO;1
7179;78;5025;INSTALACIONES - GASTOS DE MANTENIMIENTO;INSTALACIONES - GASTOS DE MANTENIMIENTO;1
7180;78;5004;SERVICIOS Y TASAS;SERVICIOS Y TASAS;1
7181;18;4000;VENTAS;VENTAS;1
7182;18;5000;COMPRAS;COMPRAS;1
7183;18;5001;COMISION TARJETAS DE CREDITO;COMISION TARJETAS DE CREDITO;1
7184;18;5002;COMBUSTIBLES Y LUBRICANTES;COMBUSTIBLES Y LUBRICANTES;1
7185;18;5003;FLETES Y CORREO;FLETES Y CORREO;1
7186;18;5005;LIBRERIA Y PAPELERIA;LIBRERIA Y PAPELERIA;1
7187;18;5006;HONORARIOS PROFESIONALES;HONORARIOS PROFESIONALES;1
7188;18;5007;ALQUILERES PAGADOS;ALQUILERES PAGADOS;1
7189;18;5008;SEGUROS PAGADOS;SEGUROS PAGADOS;1
7190;18;5010;GASTOS GENERALES;GASTOS GENERALES;1
7191;18;5011;SERVICISO INFORMATICOS;SERVICIOS INFORMATICOS;1
7192;18;5012;CANON;CANON;1
7193;18;5013;SERVICIOS JURIDICOS;SERVICIOS JURIDICOS;1
7194;18;5030;BANCO NACION - INTERES POR DESCUBIERTO;BANCO NACION - INTERES POR DESCUBIERTO;1
7195;18;5009;INTERESES BANCARIOS;INTERESES BANCARIOS;1
7196;18;5031;BANCO NACION - GASTOS DE MANTENIMIENTO DE CUENTA;BANCO NACION - GASTOS DE MANTENIMIENTO DE CUENTA;1
7197;18;5032;BANCO NACION - INTERESES POR PRESTAMOS;BANCO NACION - INTERESES POR PRESTAMOS;1
7198;18;5033;BANCO SANTANDER - INTERES POR DESCUBIERTO;BANCO SANTANDER - INTERES POR DESCUBIERTO;1
7199;18;5036;BANCO GALICIA - INTERES POR DESCUBIERTO;BANCO GALICIA - INTERES POR DESCUBIERTO;1
7200;18;5039;BBVA FRANCES - INTERES POR DESCUBIERTO;BBVA FRANCES - INTERES POR DESCUBIERTO;1
7201;18;5042;BANCO CREDICOOP - INTERES POR DESCUBIERTO;BANCO CREDICOOP - INTERES POR DESCUBIERTO;1
7202;18;5045;BANCO HSBC - INTERES POR DESCUBIERTO;BANCO HSBC - INTERES POR DESCUBIERTO;1
7203;18;5048;BANCO PATAGONIA - INTERES POR DESCUBIERTO;BANCO PATAGONIA - INTERES POR DESCUBIERTO;1
7204;18;5034;BANCO SANTANDER - GASTOS DE MANTENIMIENTO DE CUENTA;BANCO SANTANDER - GASTOS DE MANTENIMIENTO DE CUENTA;1
7205;18;5037;BANCO GALICIA - GASTOS DE MANTENIMIENTO DE CUENTA;BANCO GALICIA - GASTOS DE MANTENIMIENTO DE CUENTA;1
7206;18;5043;BANCO CREDICOOP - GASTOS DE MANTENIMIENTO DE CUENTA;BANCO CREDICOOP - GASTOS DE MANTENIMIENTO DE CUENTA;1
7207;18;5046;BANCO HSBC - GASTOS DE MANTENIMIENTO DE CUENTA;BANCO HSBC - GASTOS DE MANTENIMIENTO DE CUENTA;1
7208;18;5049;BANCO PATAGONIA - GASTOS DE MANTENIMIENTO DE CUENTA;BANCO PATAGONIA - GASTOS DE MANTENIMIENTO DE CUENTA;1
7209;18;5035;BANCO SANTANDER - INTERESES POR PRESTAMOS;BANCO SANTANDER - INTERESES POR PRESTAMOS;1
7210;18;5038;BANCO GALICIA - INTERESES POR PRESTAMOS;BANCO GALICIA - INTERESES POR PRESTAMOS;1
7211;18;5041;BBVA FRANCES - INTERESES POR PRESTAMOS;BBVA FRANCES - INTERESES POR PRESTAMOS;1
7212;18;5044;BANCO CREDICOOP- INTERESES POR PRESTAMOS;BANCO CREDICOOP- INTERESES POR PRESTAMOS;1
7213;18;5047;BANCO HSBC - INTERESES POR PRESTAMOS;BANCO HSBC - INTERESES POR PRESTAMOS;1
7214;18;5050;BANCO PATAGONIA- INTERESES POR PRESTAMOS;BANCO PATAGONIA- INTERESES POR PRESTAMOS;1
7215;18;1050;RODADOS - BIENES DE USO;RODADOS - BIENES DE USO;1
7216;18;1051;MUEBLES Y UTILES - BIENES DE USO;MUEBLES Y UTILES - BIENES DE USO;1
7217;18;1052;MAQUINARIA - BIENES DE USO;MAQUINARIA - BIENES DE USO;1
7218;18;1053;INMUEBLES - BIENES DE USO;INMUEBLES - BIENES DE USO;1
7219;18;5020;RODADOS - GASTOS DE MANTENIMIENTO;RODADOS - GASTOS DE MANTENIMIENTO;1
7220;18;5021;MUEBLES Y UTILES - GASTOS DE MANTENIMIENTO;MUEBLES Y UTILES - GASTOS DE MANTENIMIENTO;1
7221;18;5022;MAQUINARIA - GASTOS DE MANTENIMIENTO;MAQUINARIA - GASTOS DE MANTENIMIENTO;1
7222;18;5023;INMUEBLES - GASTOS DE MANTENIMIENTO;INMUEBLES - GASTOS DE MANTENIMIENTO;1
7223;18;5024;COMPRA DE BIENES USADOS A CF;COMPRA DE BIENES USADOS A CF;1
7224;18;1059;INSTALACIONES - BIENES DE USO;INSTALACIONES - BIENES DE USO;1
7225;18;5025;INSTALACIONES - GASTOS DE MANTENIMIENTO;INSTALACIONES - GASTOS DE MANTENIMIENTO;1
7226;18;5004;SERVICIOS Y TASAS;SERVICIOS Y TASAS;1
7227;112;4000;VENTAS;VENTAS;1
7228;112;5000;COMPRAS;COMPRAS;1
7229;112;5001;COMISION TARJETAS DE CREDITO;COMISION TARJETAS DE CREDITO;1
7230;112;5002;COMBUSTIBLES Y LUBRICANTES;COMBUSTIBLES Y LUBRICANTES;1
7231;112;5003;FLETES Y CORREO;FLETES Y CORREO;1
7232;112;5005;LIBRERIA Y PAPELERIA;LIBRERIA Y PAPELERIA;1
7233;112;5006;HONORARIOS PROFESIONALES;HONORARIOS PROFESIONALES;1
7234;112;5007;ALQUILERES PAGADOS;ALQUILERES PAGADOS;1
7235;112;5008;SEGUROS PAGADOS;SEGUROS PAGADOS;1
7236;112;5010;GASTOS GENERALES;GASTOS GENERALES;1
7237;112;5011;SERVICISO INFORMATICOS;SERVICIOS INFORMATICOS;1
7238;112;5012;CANON;CANON;1
7239;112;5013;SERVICIOS JURIDICOS;SERVICIOS JURIDICOS;1
7240;112;5030;BANCO NACION - INTERES POR DESCUBIERTO;BANCO NACION - INTERES POR DESCUBIERTO;1
7241;112;5009;INTERESES BANCARIOS;INTERESES BANCARIOS;1
7242;112;5031;BANCO NACION - GASTOS DE MANTENIMIENTO DE CUENTA;BANCO NACION - GASTOS DE MANTENIMIENTO DE CUENTA;1
7243;112;5032;BANCO NACION - INTERESES POR PRESTAMOS;BANCO NACION - INTERESES POR PRESTAMOS;1
7244;112;5033;BANCO SANTANDER - INTERES POR DESCUBIERTO;BANCO SANTANDER - INTERES POR DESCUBIERTO;1
7245;112;5036;BANCO GALICIA - INTERES POR DESCUBIERTO;BANCO GALICIA - INTERES POR DESCUBIERTO;1
7246;112;5039;BBVA FRANCES - INTERES POR DESCUBIERTO;BBVA FRANCES - INTERES POR DESCUBIERTO;1
7247;112;5042;BANCO CREDICOOP - INTERES POR DESCUBIERTO;BANCO CREDICOOP - INTERES POR DESCUBIERTO;1
7248;112;5045;BANCO HSBC - INTERES POR DESCUBIERTO;BANCO HSBC - INTERES POR DESCUBIERTO;1
7249;112;5048;BANCO PATAGONIA - INTERES POR DESCUBIERTO;BANCO PATAGONIA - INTERES POR DESCUBIERTO;1
7250;112;5034;BANCO SANTANDER - GASTOS DE MANTENIMIENTO DE CUENTA;BANCO SANTANDER - GASTOS DE MANTENIMIENTO DE CUENTA;1
7251;112;5037;BANCO GALICIA - GASTOS DE MANTENIMIENTO DE CUENTA;BANCO GALICIA - GASTOS DE MANTENIMIENTO DE CUENTA;1
7252;112;5043;BANCO CREDICOOP - GASTOS DE MANTENIMIENTO DE CUENTA;BANCO CREDICOOP - GASTOS DE MANTENIMIENTO DE CUENTA;1
7253;112;5046;BANCO HSBC - GASTOS DE MANTENIMIENTO DE CUENTA;BANCO HSBC - GASTOS DE MANTENIMIENTO DE CUENTA;1
7254;112;5049;BANCO PATAGONIA - GASTOS DE MANTENIMIENTO DE CUENTA;BANCO PATAGONIA - GASTOS DE MANTENIMIENTO DE CUENTA;1
7255;112;5035;BANCO SANTANDER - INTERESES POR PRESTAMOS;BANCO SANTANDER - INTERESES POR PRESTAMOS;1
7256;112;5038;BANCO GALICIA - INTERESES POR PRESTAMOS;BANCO GALICIA - INTERESES POR PRESTAMOS;1
7257;112;5041;BBVA FRANCES - INTERESES POR PRESTAMOS;BBVA FRANCES - INTERESES POR PRESTAMOS;1
7258;112;5044;BANCO CREDICOOP- INTERESES POR PRESTAMOS;BANCO CREDICOOP- INTERESES POR PRESTAMOS;1
7259;112;5047;BANCO HSBC - INTERESES POR PRESTAMOS;BANCO HSBC - INTERESES POR PRESTAMOS;1
7260;112;5050;BANCO PATAGONIA- INTERESES POR PRESTAMOS;BANCO PATAGONIA- INTERESES POR PRESTAMOS;1
7261;112;1050;RODADOS - BIENES DE USO;RODADOS - BIENES DE USO;1
7262;112;1051;MUEBLES Y UTILES - BIENES DE USO;MUEBLES Y UTILES - BIENES DE USO;1
7263;112;1052;MAQUINARIA - BIENES DE USO;MAQUINARIA - BIENES DE USO;1
7264;112;1053;INMUEBLES - BIENES DE USO;INMUEBLES - BIENES DE USO;1
7265;112;5020;RODADOS - GASTOS DE MANTENIMIENTO;RODADOS - GASTOS DE MANTENIMIENTO;1
7266;112;5021;MUEBLES Y UTILES - GASTOS DE MANTENIMIENTO;MUEBLES Y UTILES - GASTOS DE MANTENIMIENTO;1
7267;112;5022;MAQUINARIA - GASTOS DE MANTENIMIENTO;MAQUINARIA - GASTOS DE MANTENIMIENTO;1
7268;112;5023;INMUEBLES - GASTOS DE MANTENIMIENTO;INMUEBLES - GASTOS DE MANTENIMIENTO;1
7269;112;5024;COMPRA DE BIENES USADOS A CF;COMPRA DE BIENES USADOS A CF;1
7270;112;1059;INSTALACIONES - BIENES DE USO;INSTALACIONES - BIENES DE USO;1
7271;112;5025;INSTALACIONES - GASTOS DE MANTENIMIENTO;INSTALACIONES - GASTOS DE MANTENIMIENTO;1
7272;112;5004;SERVICIOS Y TASAS;SERVICIOS Y TASAS;1
7273;88;4000;VENTAS;VENTAS;1
7274;88;5000;COMPRAS;COMPRAS;1
7275;88;5001;COMISION TARJETAS DE CREDITO;COMISION TARJETAS DE CREDITO;1
7276;88;5002;COMBUSTIBLES Y LUBRICANTES;COMBUSTIBLES Y LUBRICANTES;1
7277;88;5003;FLETES Y CORREO;FLETES Y CORREO;1
7278;88;5005;LIBRERIA Y PAPELERIA;LIBRERIA Y PAPELERIA;1
7279;88;5006;HONORARIOS PROFESIONALES;HONORARIOS PROFESIONALES;1
7280;88;5007;ALQUILERES PAGADOS;ALQUILERES PAGADOS;1
7281;88;5008;SEGUROS PAGADOS;SEGUROS PAGADOS;1
7282;88;5010;GASTOS GENERALES;GASTOS GENERALES;1
7283;88;5011;SERVICISO INFORMATICOS;SERVICIOS INFORMATICOS;1
7284;88;5012;CANON;CANON;1
7285;88;5013;SERVICIOS JURIDICOS;SERVICIOS JURIDICOS;1
7286;88;5030;BANCO NACION - INTERES POR DESCUBIERTO;BANCO NACION - INTERES POR DESCUBIERTO;1
7287;88;5009;INTERESES BANCARIOS;INTERESES BANCARIOS;1
7288;88;5031;BANCO NACION - GASTOS DE MANTENIMIENTO DE CUENTA;BANCO NACION - GASTOS DE MANTENIMIENTO DE CUENTA;1
7289;88;5032;BANCO NACION - INTERESES POR PRESTAMOS;BANCO NACION - INTERESES POR PRESTAMOS;1
7290;88;5033;BANCO SANTANDER - INTERES POR DESCUBIERTO;BANCO SANTANDER - INTERES POR DESCUBIERTO;1
7291;88;5036;BANCO GALICIA - INTERES POR DESCUBIERTO;BANCO GALICIA - INTERES POR DESCUBIERTO;1
7292;88;5039;BBVA FRANCES - INTERES POR DESCUBIERTO;BBVA FRANCES - INTERES POR DESCUBIERTO;1
7293;88;5042;BANCO CREDICOOP - INTERES POR DESCUBIERTO;BANCO CREDICOOP - INTERES POR DESCUBIERTO;1
7294;88;5045;BANCO HSBC - INTERES POR DESCUBIERTO;BANCO HSBC - INTERES POR DESCUBIERTO;1
7295;88;5048;BANCO PATAGONIA - INTERES POR DESCUBIERTO;BANCO PATAGONIA - INTERES POR DESCUBIERTO;1
7296;88;5034;BANCO SANTANDER - GASTOS DE MANTENIMIENTO DE CUENTA;BANCO SANTANDER - GASTOS DE MANTENIMIENTO DE CUENTA;1
7297;88;5037;BANCO GALICIA - GASTOS DE MANTENIMIENTO DE CUENTA;BANCO GALICIA - GASTOS DE MANTENIMIENTO DE CUENTA;1
7298;88;5043;BANCO CREDICOOP - GASTOS DE MANTENIMIENTO DE CUENTA;BANCO CREDICOOP - GASTOS DE MANTENIMIENTO DE CUENTA;1
7299;88;5046;BANCO HSBC - GASTOS DE MANTENIMIENTO DE CUENTA;BANCO HSBC - GASTOS DE MANTENIMIENTO DE CUENTA;1
7300;88;5049;BANCO PATAGONIA - GASTOS DE MANTENIMIENTO DE CUENTA;BANCO PATAGONIA - GASTOS DE MANTENIMIENTO DE CUENTA;1
7301;88;5035;BANCO SANTANDER - INTERESES POR PRESTAMOS;BANCO SANTANDER - INTERESES POR PRESTAMOS;1
7302;88;5038;BANCO GALICIA - INTERESES POR PRESTAMOS;BANCO GALICIA - INTERESES POR PRESTAMOS;1
7303;88;5041;BBVA FRANCES - INTERESES POR PRESTAMOS;BBVA FRANCES - INTERESES POR PRESTAMOS;1
7304;88;5044;BANCO CREDICOOP- INTERESES POR PRESTAMOS;BANCO CREDICOOP- INTERESES POR PRESTAMOS;1
7305;88;5047;BANCO HSBC - INTERESES POR PRESTAMOS;BANCO HSBC - INTERESES POR PRESTAMOS;1
7306;88;5050;BANCO PATAGONIA- INTERESES POR PRESTAMOS;BANCO PATAGONIA- INTERESES POR PRESTAMOS;1
7307;88;1050;RODADOS - BIENES DE USO;RODADOS - BIENES DE USO;1
7308;88;1051;MUEBLES Y UTILES - BIENES DE USO;MUEBLES Y UTILES - BIENES DE USO;1
7309;88;1052;MAQUINARIA - BIENES DE USO;MAQUINARIA - BIENES DE USO;1
7310;88;1053;INMUEBLES - BIENES DE USO;INMUEBLES - BIENES DE USO;1
7311;88;5020;RODADOS - GASTOS DE MANTENIMIENTO;RODADOS - GASTOS DE MANTENIMIENTO;1
7312;88;5021;MUEBLES Y UTILES - GASTOS DE MANTENIMIENTO;MUEBLES Y UTILES - GASTOS DE MANTENIMIENTO;1
7313;88;5022;MAQUINARIA - GASTOS DE MANTENIMIENTO;MAQUINARIA - GASTOS DE MANTENIMIENTO;1
7314;88;5023;INMUEBLES - GASTOS DE MANTENIMIENTO;INMUEBLES - GASTOS DE MANTENIMIENTO;1
7315;88;5024;COMPRA DE BIENES USADOS A CF;COMPRA DE BIENES USADOS A CF;1
7316;88;1059;INSTALACIONES - BIENES DE USO;INSTALACIONES - BIENES DE USO;1
7317;88;5025;INSTALACIONES - GASTOS DE MANTENIMIENTO;INSTALACIONES - GASTOS DE MANTENIMIENTO;1
7318;88;5004;SERVICIOS Y TASAS;SERVICIOS Y TASAS;1
7319;33;4000;VENTAS;VENTAS;1
7320;33;5000;COMPRAS;COMPRAS;1
7321;33;5001;COMISION TARJETAS DE CREDITO;COMISION TARJETAS DE CREDITO;1
7322;33;5002;COMBUSTIBLES Y LUBRICANTES;COMBUSTIBLES Y LUBRICANTES;1
7323;33;5003;FLETES Y CORREO;FLETES Y CORREO;1
7324;33;5005;LIBRERIA Y PAPELERIA;LIBRERIA Y PAPELERIA;1
7325;33;5006;HONORARIOS PROFESIONALES;HONORARIOS PROFESIONALES;1
7326;33;5007;ALQUILERES PAGADOS;ALQUILERES PAGADOS;1
7327;33;5008;SEGUROS PAGADOS;SEGUROS PAGADOS;1
7328;33;5010;GASTOS GENERALES;GASTOS GENERALES;1
7329;33;5011;SERVICISO INFORMATICOS;SERVICIOS INFORMATICOS;1
7330;33;5012;CANON;CANON;1
7331;33;5013;SERVICIOS JURIDICOS;SERVICIOS JURIDICOS;1
7332;33;5030;BANCO NACION - INTERES POR DESCUBIERTO;BANCO NACION - INTERES POR DESCUBIERTO;1
7333;33;5009;INTERESES BANCARIOS;INTERESES BANCARIOS;1
7334;33;5031;BANCO NACION - GASTOS DE MANTENIMIENTO DE CUENTA;BANCO NACION - GASTOS DE MANTENIMIENTO DE CUENTA;1
7335;33;5032;BANCO NACION - INTERESES POR PRESTAMOS;BANCO NACION - INTERESES POR PRESTAMOS;1
7336;33;5033;BANCO SANTANDER - INTERES POR DESCUBIERTO;BANCO SANTANDER - INTERES POR DESCUBIERTO;1
7337;33;5036;BANCO GALICIA - INTERES POR DESCUBIERTO;BANCO GALICIA - INTERES POR DESCUBIERTO;1
7338;33;5039;BBVA FRANCES - INTERES POR DESCUBIERTO;BBVA FRANCES - INTERES POR DESCUBIERTO;1
7339;33;5042;BANCO CREDICOOP - INTERES POR DESCUBIERTO;BANCO CREDICOOP - INTERES POR DESCUBIERTO;1
7340;33;5045;BANCO HSBC - INTERES POR DESCUBIERTO;BANCO HSBC - INTERES POR DESCUBIERTO;1
7341;33;5048;BANCO PATAGONIA - INTERES POR DESCUBIERTO;BANCO PATAGONIA - INTERES POR DESCUBIERTO;1
7342;33;5034;BANCO SANTANDER - GASTOS DE MANTENIMIENTO DE CUENTA;BANCO SANTANDER - GASTOS DE MANTENIMIENTO DE CUENTA;1
7343;33;5037;BANCO GALICIA - GASTOS DE MANTENIMIENTO DE CUENTA;BANCO GALICIA - GASTOS DE MANTENIMIENTO DE CUENTA;1
7344;33;5043;BANCO CREDICOOP - GASTOS DE MANTENIMIENTO DE CUENTA;BANCO CREDICOOP - GASTOS DE MANTENIMIENTO DE CUENTA;1
7345;33;5046;BANCO HSBC - GASTOS DE MANTENIMIENTO DE CUENTA;BANCO HSBC - GASTOS DE MANTENIMIENTO DE CUENTA;1
7346;33;5049;BANCO PATAGONIA - GASTOS DE MANTENIMIENTO DE CUENTA;BANCO PATAGONIA - GASTOS DE MANTENIMIENTO DE CUENTA;1
7347;33;5035;BANCO SANTANDER - INTERESES POR PRESTAMOS;BANCO SANTANDER - INTERESES POR PRESTAMOS;1
7348;33;5038;BANCO GALICIA - INTERESES POR PRESTAMOS;BANCO GALICIA - INTERESES POR PRESTAMOS;1
7349;33;5041;BBVA FRANCES - INTERESES POR PRESTAMOS;BBVA FRANCES - INTERESES POR PRESTAMOS;1
7350;33;5044;BANCO CREDICOOP- INTERESES POR PRESTAMOS;BANCO CREDICOOP- INTERESES POR PRESTAMOS;1
7351;33;5047;BANCO HSBC - INTERESES POR PRESTAMOS;BANCO HSBC - INTERESES POR PRESTAMOS;1
7352;33;5050;BANCO PATAGONIA- INTERESES POR PRESTAMOS;BANCO PATAGONIA- INTERESES POR PRESTAMOS;1
7353;33;1050;RODADOS - BIENES DE USO;RODADOS - BIENES DE USO;1
7354;33;1051;MUEBLES Y UTILES - BIENES DE USO;MUEBLES Y UTILES - BIENES DE USO;1
7355;33;1052;MAQUINARIA - BIENES DE USO;MAQUINARIA - BIENES DE USO;1
7356;33;1053;INMUEBLES - BIENES DE USO;INMUEBLES - BIENES DE USO;1
7357;33;5020;RODADOS - GASTOS DE MANTENIMIENTO;RODADOS - GASTOS DE MANTENIMIENTO;1
7358;33;5021;MUEBLES Y UTILES - GASTOS DE MANTENIMIENTO;MUEBLES Y UTILES - GASTOS DE MANTENIMIENTO;1
7359;33;5022;MAQUINARIA - GASTOS DE MANTENIMIENTO;MAQUINARIA - GASTOS DE MANTENIMIENTO;1
7360;33;5023;INMUEBLES - GASTOS DE MANTENIMIENTO;INMUEBLES - GASTOS DE MANTENIMIENTO;1
7361;33;5024;COMPRA DE BIENES USADOS A CF;COMPRA DE BIENES USADOS A CF;1
7362;33;1059;INSTALACIONES - BIENES DE USO;INSTALACIONES - BIENES DE USO;1
7363;33;5025;INSTALACIONES - GASTOS DE MANTENIMIENTO;INSTALACIONES - GASTOS DE MANTENIMIENTO;1
7364;33;5004;SERVICIOS Y TASAS;SERVICIOS Y TASAS;1
7365;20;4000;VENTAS;VENTAS;1
7366;20;5000;COMPRAS;COMPRAS;1
7367;20;5001;COMISION TARJETAS DE CREDITO;COMISION TARJETAS DE CREDITO;1
7368;20;5002;COMBUSTIBLES Y LUBRICANTES;COMBUSTIBLES Y LUBRICANTES;1
7369;20;5003;FLETES Y CORREO;FLETES Y CORREO;1
7370;20;5005;LIBRERIA Y PAPELERIA;LIBRERIA Y PAPELERIA;1
7371;20;5006;HONORARIOS PROFESIONALES;HONORARIOS PROFESIONALES;1
7372;20;5007;ALQUILERES PAGADOS;ALQUILERES PAGADOS;1
7373;20;5008;SEGUROS PAGADOS;SEGUROS PAGADOS;1
7374;20;5010;GASTOS GENERALES;GASTOS GENERALES;1
7375;20;5011;SERVICISO INFORMATICOS;SERVICIOS INFORMATICOS;1
7376;20;5012;CANON;CANON;1
7377;20;5013;SERVICIOS JURIDICOS;SERVICIOS JURIDICOS;1
7378;20;5030;BANCO NACION - INTERES POR DESCUBIERTO;BANCO NACION - INTERES POR DESCUBIERTO;1
7379;20;5009;INTERESES BANCARIOS;INTERESES BANCARIOS;1
7380;20;5031;BANCO NACION - GASTOS DE MANTENIMIENTO DE CUENTA;BANCO NACION - GASTOS DE MANTENIMIENTO DE CUENTA;1
7381;20;5032;BANCO NACION - INTERESES POR PRESTAMOS;BANCO NACION - INTERESES POR PRESTAMOS;1
7382;20;5033;BANCO SANTANDER - INTERES POR DESCUBIERTO;BANCO SANTANDER - INTERES POR DESCUBIERTO;1
7383;20;5036;BANCO GALICIA - INTERES POR DESCUBIERTO;BANCO GALICIA - INTERES POR DESCUBIERTO;1
7384;20;5039;BBVA FRANCES - INTERES POR DESCUBIERTO;BBVA FRANCES - INTERES POR DESCUBIERTO;1
7385;20;5042;BANCO CREDICOOP - INTERES POR DESCUBIERTO;BANCO CREDICOOP - INTERES POR DESCUBIERTO;1
7386;20;5045;BANCO HSBC - INTERES POR DESCUBIERTO;BANCO HSBC - INTERES POR DESCUBIERTO;1
7387;20;5048;BANCO PATAGONIA - INTERES POR DESCUBIERTO;BANCO PATAGONIA - INTERES POR DESCUBIERTO;1
7388;20;5034;BANCO SANTANDER - GASTOS DE MANTENIMIENTO DE CUENTA;BANCO SANTANDER - GASTOS DE MANTENIMIENTO DE CUENTA;1
7389;20;5037;BANCO GALICIA - GASTOS DE MANTENIMIENTO DE CUENTA;BANCO GALICIA - GASTOS DE MANTENIMIENTO DE CUENTA;1
7390;20;5043;BANCO CREDICOOP - GASTOS DE MANTENIMIENTO DE CUENTA;BANCO CREDICOOP - GASTOS DE MANTENIMIENTO DE CUENTA;1
7391;20;5046;BANCO HSBC - GASTOS DE MANTENIMIENTO DE CUENTA;BANCO HSBC - GASTOS DE MANTENIMIENTO DE CUENTA;1
7392;20;5049;BANCO PATAGONIA - GASTOS DE MANTENIMIENTO DE CUENTA;BANCO PATAGONIA - GASTOS DE MANTENIMIENTO DE CUENTA;1
7393;20;5035;BANCO SANTANDER - INTERESES POR PRESTAMOS;BANCO SANTANDER - INTERESES POR PRESTAMOS;1
7394;20;5038;BANCO GALICIA - INTERESES POR PRESTAMOS;BANCO GALICIA - INTERESES POR PRESTAMOS;1
7395;20;5041;BBVA FRANCES - INTERESES POR PRESTAMOS;BBVA FRANCES - INTERESES POR PRESTAMOS;1
7396;20;5044;BANCO CREDICOOP- INTERESES POR PRESTAMOS;BANCO CREDICOOP- INTERESES POR PRESTAMOS;1
7397;20;5047;BANCO HSBC - INTERESES POR PRESTAMOS;BANCO HSBC - INTERESES POR PRESTAMOS;1
7398;20;5050;BANCO PATAGONIA- INTERESES POR PRESTAMOS;BANCO PATAGONIA- INTERESES POR PRESTAMOS;1
7399;20;1050;RODADOS - BIENES DE USO;RODADOS - BIENES DE USO;1
7400;20;1051;MUEBLES Y UTILES - BIENES DE USO;MUEBLES Y UTILES - BIENES DE USO;1
7401;20;1052;MAQUINARIA - BIENES DE USO;MAQUINARIA - BIENES DE USO;1
7402;20;1053;INMUEBLES - BIENES DE USO;INMUEBLES - BIENES DE USO;1
7403;20;5020;RODADOS - GASTOS DE MANTENIMIENTO;RODADOS - GASTOS DE MANTENIMIENTO;1
7404;20;5021;MUEBLES Y UTILES - GASTOS DE MANTENIMIENTO;MUEBLES Y UTILES - GASTOS DE MANTENIMIENTO;1
7405;20;5022;MAQUINARIA - GASTOS DE MANTENIMIENTO;MAQUINARIA - GASTOS DE MANTENIMIENTO;1
7406;20;5023;INMUEBLES - GASTOS DE MANTENIMIENTO;INMUEBLES - GASTOS DE MANTENIMIENTO;1
7407;20;5024;COMPRA DE BIENES USADOS A CF;COMPRA DE BIENES USADOS A CF;1
7408;20;1059;INSTALACIONES - BIENES DE USO;INSTALACIONES - BIENES DE USO;1
7409;20;5025;INSTALACIONES - GASTOS DE MANTENIMIENTO;INSTALACIONES - GASTOS DE MANTENIMIENTO;1
7410;20;5004;SERVICIOS Y TASAS;SERVICIOS Y TASAS;1
7411;22;4000;VENTAS;VENTAS;1
7412;22;5000;COMPRAS;COMPRAS;1
7413;22;5001;COMISION TARJETAS DE CREDITO;COMISION TARJETAS DE CREDITO;1
7414;22;5002;COMBUSTIBLES Y LUBRICANTES;COMBUSTIBLES Y LUBRICANTES;1
7415;22;5003;FLETES Y CORREO;FLETES Y CORREO;1
7416;22;5005;LIBRERIA Y PAPELERIA;LIBRERIA Y PAPELERIA;1
7417;22;5006;HONORARIOS PROFESIONALES;HONORARIOS PROFESIONALES;1
7418;22;5007;ALQUILERES PAGADOS;ALQUILERES PAGADOS;1
7419;22;5008;SEGUROS PAGADOS;SEGUROS PAGADOS;1
7420;22;5010;GASTOS GENERALES;GASTOS GENERALES;1
7421;22;5011;SERVICISO INFORMATICOS;SERVICIOS INFORMATICOS;1
7422;22;5012;CANON;CANON;1
7423;22;5013;SERVICIOS JURIDICOS;SERVICIOS JURIDICOS;1
7424;22;5030;BANCO NACION - INTERES POR DESCUBIERTO;BANCO NACION - INTERES POR DESCUBIERTO;1
7425;22;5009;INTERESES BANCARIOS;INTERESES BANCARIOS;1
7426;22;5031;BANCO NACION - GASTOS DE MANTENIMIENTO DE CUENTA;BANCO NACION - GASTOS DE MANTENIMIENTO DE CUENTA;1
7427;22;5032;BANCO NACION - INTERESES POR PRESTAMOS;BANCO NACION - INTERESES POR PRESTAMOS;1
7428;22;5033;BANCO SANTANDER - INTERES POR DESCUBIERTO;BANCO SANTANDER - INTERES POR DESCUBIERTO;1
7429;22;5036;BANCO GALICIA - INTERES POR DESCUBIERTO;BANCO GALICIA - INTERES POR DESCUBIERTO;1
7430;22;5039;BBVA FRANCES - INTERES POR DESCUBIERTO;BBVA FRANCES - INTERES POR DESCUBIERTO;1
7431;22;5042;BANCO CREDICOOP - INTERES POR DESCUBIERTO;BANCO CREDICOOP - INTERES POR DESCUBIERTO;1
7432;22;5045;BANCO HSBC - INTERES POR DESCUBIERTO;BANCO HSBC - INTERES POR DESCUBIERTO;1
7433;22;5048;BANCO PATAGONIA - INTERES POR DESCUBIERTO;BANCO PATAGONIA - INTERES POR DESCUBIERTO;1
7434;22;5034;BANCO SANTANDER - GASTOS DE MANTENIMIENTO DE CUENTA;BANCO SANTANDER - GASTOS DE MANTENIMIENTO DE CUENTA;1
7435;22;5037;BANCO GALICIA - GASTOS DE MANTENIMIENTO DE CUENTA;BANCO GALICIA - GASTOS DE MANTENIMIENTO DE CUENTA;1
7436;22;5043;BANCO CREDICOOP - GASTOS DE MANTENIMIENTO DE CUENTA;BANCO CREDICOOP - GASTOS DE MANTENIMIENTO DE CUENTA;1
7437;22;5046;BANCO HSBC - GASTOS DE MANTENIMIENTO DE CUENTA;BANCO HSBC - GASTOS DE MANTENIMIENTO DE CUENTA;1
7438;22;5049;BANCO PATAGONIA - GASTOS DE MANTENIMIENTO DE CUENTA;BANCO PATAGONIA - GASTOS DE MANTENIMIENTO DE CUENTA;1
7439;22;5035;BANCO SANTANDER - INTERESES POR PRESTAMOS;BANCO SANTANDER - INTERESES POR PRESTAMOS;1
7440;22;5038;BANCO GALICIA - INTERESES POR PRESTAMOS;BANCO GALICIA - INTERESES POR PRESTAMOS;1
7441;22;5041;BBVA FRANCES - INTERESES POR PRESTAMOS;BBVA FRANCES - INTERESES POR PRESTAMOS;1
7442;22;5044;BANCO CREDICOOP- INTERESES POR PRESTAMOS;BANCO CREDICOOP- INTERESES POR PRESTAMOS;1
7443;22;5047;BANCO HSBC - INTERESES POR PRESTAMOS;BANCO HSBC - INTERESES POR PRESTAMOS;1
7444;22;5050;BANCO PATAGONIA- INTERESES POR PRESTAMOS;BANCO PATAGONIA- INTERESES POR PRESTAMOS;1
7445;22;1050;RODADOS - BIENES DE USO;RODADOS - BIENES DE USO;1
7446;22;1051;MUEBLES Y UTILES - BIENES DE USO;MUEBLES Y UTILES - BIENES DE USO;1
7447;22;1052;MAQUINARIA - BIENES DE USO;MAQUINARIA - BIENES DE USO;1
7448;22;1053;INMUEBLES - BIENES DE USO;INMUEBLES - BIENES DE USO;1
7449;22;5020;RODADOS - GASTOS DE MANTENIMIENTO;RODADOS - GASTOS DE MANTENIMIENTO;1
7450;22;5021;MUEBLES Y UTILES - GASTOS DE MANTENIMIENTO;MUEBLES Y UTILES - GASTOS DE MANTENIMIENTO;1
7451;22;5022;MAQUINARIA - GASTOS DE MANTENIMIENTO;MAQUINARIA - GASTOS DE MANTENIMIENTO;1
7452;22;5023;INMUEBLES - GASTOS DE MANTENIMIENTO;INMUEBLES - GASTOS DE MANTENIMIENTO;1
7453;22;5024;COMPRA DE BIENES USADOS A CF;COMPRA DE BIENES USADOS A CF;1
7454;22;1059;INSTALACIONES - BIENES DE USO;INSTALACIONES - BIENES DE USO;1
7455;22;5025;INSTALACIONES - GASTOS DE MANTENIMIENTO;INSTALACIONES - GASTOS DE MANTENIMIENTO;1
7456;22;5004;SERVICIOS Y TASAS;SERVICIOS Y TASAS;1
7457;38;4000;VENTAS;VENTAS;1
7458;38;5000;COMPRAS;COMPRAS;1
7459;38;5001;COMISION TARJETAS DE CREDITO;COMISION TARJETAS DE CREDITO;1
7460;38;5002;COMBUSTIBLES Y LUBRICANTES;COMBUSTIBLES Y LUBRICANTES;1
7461;38;5003;FLETES Y CORREO;FLETES Y CORREO;1
7462;38;5005;LIBRERIA Y PAPELERIA;LIBRERIA Y PAPELERIA;1
7463;38;5006;HONORARIOS PROFESIONALES;HONORARIOS PROFESIONALES;1
7464;38;5007;ALQUILERES PAGADOS;ALQUILERES PAGADOS;1
7465;38;5008;SEGUROS PAGADOS;SEGUROS PAGADOS;1
7466;38;5010;GASTOS GENERALES;GASTOS GENERALES;1
7467;38;5011;SERVICISO INFORMATICOS;SERVICIOS INFORMATICOS;1
7468;38;5012;CANON;CANON;1
7469;38;5013;SERVICIOS JURIDICOS;SERVICIOS JURIDICOS;1
7470;38;5030;BANCO NACION - INTERES POR DESCUBIERTO;BANCO NACION - INTERES POR DESCUBIERTO;1
7471;38;5009;INTERESES BANCARIOS;INTERESES BANCARIOS;1
7472;38;5031;BANCO NACION - GASTOS DE MANTENIMIENTO DE CUENTA;BANCO NACION - GASTOS DE MANTENIMIENTO DE CUENTA;1
7473;38;5032;BANCO NACION - INTERESES POR PRESTAMOS;BANCO NACION - INTERESES POR PRESTAMOS;1
7474;38;5033;BANCO SANTANDER - INTERES POR DESCUBIERTO;BANCO SANTANDER - INTERES POR DESCUBIERTO;1
7475;38;5036;BANCO GALICIA - INTERES POR DESCUBIERTO;BANCO GALICIA - INTERES POR DESCUBIERTO;1
7476;38;5039;BBVA FRANCES - INTERES POR DESCUBIERTO;BBVA FRANCES - INTERES POR DESCUBIERTO;1
7477;38;5042;BANCO CREDICOOP - INTERES POR DESCUBIERTO;BANCO CREDICOOP - INTERES POR DESCUBIERTO;1
7478;38;5045;BANCO HSBC - INTERES POR DESCUBIERTO;BANCO HSBC - INTERES POR DESCUBIERTO;1
7479;38;5048;BANCO PATAGONIA - INTERES POR DESCUBIERTO;BANCO PATAGONIA - INTERES POR DESCUBIERTO;1
7480;38;5034;BANCO SANTANDER - GASTOS DE MANTENIMIENTO DE CUENTA;BANCO SANTANDER - GASTOS DE MANTENIMIENTO DE CUENTA;1
7481;38;5037;BANCO GALICIA - GASTOS DE MANTENIMIENTO DE CUENTA;BANCO GALICIA - GASTOS DE MANTENIMIENTO DE CUENTA;1
7482;38;5043;BANCO CREDICOOP - GASTOS DE MANTENIMIENTO DE CUENTA;BANCO CREDICOOP - GASTOS DE MANTENIMIENTO DE CUENTA;1
7483;38;5046;BANCO HSBC - GASTOS DE MANTENIMIENTO DE CUENTA;BANCO HSBC - GASTOS DE MANTENIMIENTO DE CUENTA;1
7484;38;5049;BANCO PATAGONIA - GASTOS DE MANTENIMIENTO DE CUENTA;BANCO PATAGONIA - GASTOS DE MANTENIMIENTO DE CUENTA;1
7485;38;5035;BANCO SANTANDER - INTERESES POR PRESTAMOS;BANCO SANTANDER - INTERESES POR PRESTAMOS;1
7486;38;5038;BANCO GALICIA - INTERESES POR PRESTAMOS;BANCO GALICIA - INTERESES POR PRESTAMOS;1
7487;38;5041;BBVA FRANCES - INTERESES POR PRESTAMOS;BBVA FRANCES - INTERESES POR PRESTAMOS;1
7488;38;5044;BANCO CREDICOOP- INTERESES POR PRESTAMOS;BANCO CREDICOOP- INTERESES POR PRESTAMOS;1
7489;38;5047;BANCO HSBC - INTERESES POR PRESTAMOS;BANCO HSBC - INTERESES POR PRESTAMOS;1
7490;38;5050;BANCO PATAGONIA- INTERESES POR PRESTAMOS;BANCO PATAGONIA- INTERESES POR PRESTAMOS;1
7491;38;1050;RODADOS - BIENES DE USO;RODADOS - BIENES DE USO;1
7492;38;1051;MUEBLES Y UTILES - BIENES DE USO;MUEBLES Y UTILES - BIENES DE USO;1
7493;38;1052;MAQUINARIA - BIENES DE USO;MAQUINARIA - BIENES DE USO;1
7494;38;1053;INMUEBLES - BIENES DE USO;INMUEBLES - BIENES DE USO;1
7495;38;5020;RODADOS - GASTOS DE MANTENIMIENTO;RODADOS - GASTOS DE MANTENIMIENTO;1
7496;38;5021;MUEBLES Y UTILES - GASTOS DE MANTENIMIENTO;MUEBLES Y UTILES - GASTOS DE MANTENIMIENTO;1
7497;38;5022;MAQUINARIA - GASTOS DE MANTENIMIENTO;MAQUINARIA - GASTOS DE MANTENIMIENTO;1
7498;38;5023;INMUEBLES - GASTOS DE MANTENIMIENTO;INMUEBLES - GASTOS DE MANTENIMIENTO;1
7499;38;5024;COMPRA DE BIENES USADOS A CF;COMPRA DE BIENES USADOS A CF;1
7500;38;1059;INSTALACIONES - BIENES DE USO;INSTALACIONES - BIENES DE USO;1
7501;38;5025;INSTALACIONES - GASTOS DE MANTENIMIENTO;INSTALACIONES - GASTOS DE MANTENIMIENTO;1
7502;38;5004;SERVICIOS Y TASAS;SERVICIOS Y TASAS;1
7503;5;4000;VENTAS;VENTAS;1
7504;5;5000;COMPRAS;COMPRAS;1
7505;5;5001;COMISION TARJETAS DE CREDITO;COMISION TARJETAS DE CREDITO;1
7506;5;5002;COMBUSTIBLES Y LUBRICANTES;COMBUSTIBLES Y LUBRICANTES;1
7507;5;5003;FLETES Y CORREO;FLETES Y CORREO;1
7508;5;5005;LIBRERIA Y PAPELERIA;LIBRERIA Y PAPELERIA;1
7509;5;5006;HONORARIOS PROFESIONALES;HONORARIOS PROFESIONALES;1
7510;5;5007;ALQUILERES PAGADOS;ALQUILERES PAGADOS;1
7511;5;5008;SEGUROS PAGADOS;SEGUROS PAGADOS;1
7512;5;5010;GASTOS GENERALES;GASTOS GENERALES;1
7513;5;5011;SERVICISO INFORMATICOS;SERVICIOS INFORMATICOS;1
7514;5;5012;CANON;CANON;1
7515;5;5013;SERVICIOS JURIDICOS;SERVICIOS JURIDICOS;1
7516;5;5030;BANCO NACION - INTERES POR DESCUBIERTO;BANCO NACION - INTERES POR DESCUBIERTO;1
7517;5;5009;INTERESES BANCARIOS;INTERESES BANCARIOS;1
7518;5;5031;BANCO NACION - GASTOS DE MANTENIMIENTO DE CUENTA;BANCO NACION - GASTOS DE MANTENIMIENTO DE CUENTA;1
7519;5;5032;BANCO NACION - INTERESES POR PRESTAMOS;BANCO NACION - INTERESES POR PRESTAMOS;1
7520;5;5033;BANCO SANTANDER - INTERES POR DESCUBIERTO;BANCO SANTANDER - INTERES POR DESCUBIERTO;1
7521;5;5036;BANCO GALICIA - INTERES POR DESCUBIERTO;BANCO GALICIA - INTERES POR DESCUBIERTO;1
7522;5;5039;BBVA FRANCES - INTERES POR DESCUBIERTO;BBVA FRANCES - INTERES POR DESCUBIERTO;1
7523;5;5042;BANCO CREDICOOP - INTERES POR DESCUBIERTO;BANCO CREDICOOP - INTERES POR DESCUBIERTO;1
7524;5;5045;BANCO HSBC - INTERES POR DESCUBIERTO;BANCO HSBC - INTERES POR DESCUBIERTO;1
7525;5;5048;BANCO PATAGONIA - INTERES POR DESCUBIERTO;BANCO PATAGONIA - INTERES POR DESCUBIERTO;1
7526;5;5034;BANCO SANTANDER - GASTOS DE MANTENIMIENTO DE CUENTA;BANCO SANTANDER - GASTOS DE MANTENIMIENTO DE CUENTA;1
7527;5;5037;BANCO GALICIA - GASTOS DE MANTENIMIENTO DE CUENTA;BANCO GALICIA - GASTOS DE MANTENIMIENTO DE CUENTA;1
7528;5;5043;BANCO CREDICOOP - GASTOS DE MANTENIMIENTO DE CUENTA;BANCO CREDICOOP - GASTOS DE MANTENIMIENTO DE CUENTA;1
7529;5;5046;BANCO HSBC - GASTOS DE MANTENIMIENTO DE CUENTA;BANCO HSBC - GASTOS DE MANTENIMIENTO DE CUENTA;1
7530;5;5049;BANCO PATAGONIA - GASTOS DE MANTENIMIENTO DE CUENTA;BANCO PATAGONIA - GASTOS DE MANTENIMIENTO DE CUENTA;1
7531;5;5035;BANCO SANTANDER - INTERESES POR PRESTAMOS;BANCO SANTANDER - INTERESES POR PRESTAMOS;1
7532;5;5038;BANCO GALICIA - INTERESES POR PRESTAMOS;BANCO GALICIA - INTERESES POR PRESTAMOS;1
7533;5;5041;BBVA FRANCES - INTERESES POR PRESTAMOS;BBVA FRANCES - INTERESES POR PRESTAMOS;1
7534;5;5044;BANCO CREDICOOP- INTERESES POR PRESTAMOS;BANCO CREDICOOP- INTERESES POR PRESTAMOS;1
7535;5;5047;BANCO HSBC - INTERESES POR PRESTAMOS;BANCO HSBC - INTERESES POR PRESTAMOS;1
7536;5;5050;BANCO PATAGONIA- INTERESES POR PRESTAMOS;BANCO PATAGONIA- INTERESES POR PRESTAMOS;1
7537;5;1050;RODADOS - BIENES DE USO;RODADOS - BIENES DE USO;1
7538;5;1051;MUEBLES Y UTILES - BIENES DE USO;MUEBLES Y UTILES - BIENES DE USO;1
7539;5;1052;MAQUINARIA - BIENES DE USO;MAQUINARIA - BIENES DE USO;1
7540;5;1053;INMUEBLES - BIENES DE USO;INMUEBLES - BIENES DE USO;1
7541;5;5020;RODADOS - GASTOS DE MANTENIMIENTO;RODADOS - GASTOS DE MANTENIMIENTO;1
7542;5;5021;MUEBLES Y UTILES - GASTOS DE MANTENIMIENTO;MUEBLES Y UTILES - GASTOS DE MANTENIMIENTO;1
7543;5;5022;MAQUINARIA - GASTOS DE MANTENIMIENTO;MAQUINARIA - GASTOS DE MANTENIMIENTO;1
7544;5;5023;INMUEBLES - GASTOS DE MANTENIMIENTO;INMUEBLES - GASTOS DE MANTENIMIENTO;1
7545;5;5024;COMPRA DE BIENES USADOS A CF;COMPRA DE BIENES USADOS A CF;1
7546;5;1059;INSTALACIONES - BIENES DE USO;INSTALACIONES - BIENES DE USO;1
7547;5;5025;INSTALACIONES - GASTOS DE MANTENIMIENTO;INSTALACIONES - GASTOS DE MANTENIMIENTO;1
7548;5;5004;SERVICIOS Y TASAS;SERVICIOS Y TASAS;1
7549;43;4000;VENTAS;VENTAS;1
7550;56;4000;VENTAS;VENTAS;1
7551;56;5000;COMPRAS;COMPRAS;1
7552;56;5001;COMISION TARJETAS DE CREDITO;COMISION TARJETAS DE CREDITO;1
7553;56;5002;COMBUSTIBLES Y LUBRICANTES;COMBUSTIBLES Y LUBRICANTES;1
7554;56;5003;FLETES Y CORREO;FLETES Y CORREO;1
7555;56;5005;LIBRERIA Y PAPELERIA;LIBRERIA Y PAPELERIA;1
7556;56;5006;HONORARIOS PROFESIONALES;HONORARIOS PROFESIONALES;1
7557;56;5007;ALQUILERES PAGADOS;ALQUILERES PAGADOS;1
7558;56;5008;SEGUROS PAGADOS;SEGUROS PAGADOS;1
7559;56;5010;GASTOS GENERALES;GASTOS GENERALES;1
7560;56;5011;SERVICISO INFORMATICOS;SERVICIOS INFORMATICOS;1
7561;56;5012;CANON;CANON;1
7562;56;5013;SERVICIOS JURIDICOS;SERVICIOS JURIDICOS;1
7563;56;5030;BANCO NACION - INTERES POR DESCUBIERTO;BANCO NACION - INTERES POR DESCUBIERTO;1
7564;56;5009;INTERESES BANCARIOS;INTERESES BANCARIOS;1
7565;56;5031;BANCO NACION - GASTOS DE MANTENIMIENTO DE CUENTA;BANCO NACION - GASTOS DE MANTENIMIENTO DE CUENTA;1
7566;56;5032;BANCO NACION - INTERESES POR PRESTAMOS;BANCO NACION - INTERESES POR PRESTAMOS;1
7567;56;5033;BANCO SANTANDER - INTERES POR DESCUBIERTO;BANCO SANTANDER - INTERES POR DESCUBIERTO;1
7568;56;5036;BANCO GALICIA - INTERES POR DESCUBIERTO;BANCO GALICIA - INTERES POR DESCUBIERTO;1
7569;56;5039;BBVA FRANCES - INTERES POR DESCUBIERTO;BBVA FRANCES - INTERES POR DESCUBIERTO;1
7570;56;5042;BANCO CREDICOOP - INTERES POR DESCUBIERTO;BANCO CREDICOOP - INTERES POR DESCUBIERTO;1
7571;56;5045;BANCO HSBC - INTERES POR DESCUBIERTO;BANCO HSBC - INTERES POR DESCUBIERTO;1
7572;56;5048;BANCO PATAGONIA - INTERES POR DESCUBIERTO;BANCO PATAGONIA - INTERES POR DESCUBIERTO;1
7573;56;5034;BANCO SANTANDER - GASTOS DE MANTENIMIENTO DE CUENTA;BANCO SANTANDER - GASTOS DE MANTENIMIENTO DE CUENTA;1
7574;56;5037;BANCO GALICIA - GASTOS DE MANTENIMIENTO DE CUENTA;BANCO GALICIA - GASTOS DE MANTENIMIENTO DE CUENTA;1
7575;56;5043;BANCO CREDICOOP - GASTOS DE MANTENIMIENTO DE CUENTA;BANCO CREDICOOP - GASTOS DE MANTENIMIENTO DE CUENTA;1
7576;56;5046;BANCO HSBC - GASTOS DE MANTENIMIENTO DE CUENTA;BANCO HSBC - GASTOS DE MANTENIMIENTO DE CUENTA;1
7577;56;5049;BANCO PATAGONIA - GASTOS DE MANTENIMIENTO DE CUENTA;BANCO PATAGONIA - GASTOS DE MANTENIMIENTO DE CUENTA;1
7578;56;5035;BANCO SANTANDER - INTERESES POR PRESTAMOS;BANCO SANTANDER - INTERESES POR PRESTAMOS;1
7579;56;5038;BANCO GALICIA - INTERESES POR PRESTAMOS;BANCO GALICIA - INTERESES POR PRESTAMOS;1
7580;56;5041;BBVA FRANCES - INTERESES POR PRESTAMOS;BBVA FRANCES - INTERESES POR PRESTAMOS;1
7581;56;5044;BANCO CREDICOOP- INTERESES POR PRESTAMOS;BANCO CREDICOOP- INTERESES POR PRESTAMOS;1
7582;56;5047;BANCO HSBC - INTERESES POR PRESTAMOS;BANCO HSBC - INTERESES POR PRESTAMOS;1
7583;56;5050;BANCO PATAGONIA- INTERESES POR PRESTAMOS;BANCO PATAGONIA- INTERESES POR PRESTAMOS;1
7584;56;1050;RODADOS - BIENES DE USO;RODADOS - BIENES DE USO;1
7585;56;1051;MUEBLES Y UTILES - BIENES DE USO;MUEBLES Y UTILES - BIENES DE USO;1
7586;56;1052;MAQUINARIA - BIENES DE USO;MAQUINARIA - BIENES DE USO;1
7587;56;1053;INMUEBLES - BIENES DE USO;INMUEBLES - BIENES DE USO;1
7588;56;5020;RODADOS - GASTOS DE MANTENIMIENTO;RODADOS - GASTOS DE MANTENIMIENTO;1
7589;56;5021;MUEBLES Y UTILES - GASTOS DE MANTENIMIENTO;MUEBLES Y UTILES - GASTOS DE MANTENIMIENTO;1
7590;56;5022;MAQUINARIA - GASTOS DE MANTENIMIENTO;MAQUINARIA - GASTOS DE MANTENIMIENTO;1
7591;56;5023;INMUEBLES - GASTOS DE MANTENIMIENTO;INMUEBLES - GASTOS DE MANTENIMIENTO;1
7592;56;5024;COMPRA DE BIENES USADOS A CF;COMPRA DE BIENES USADOS A CF;1
7593;56;1059;INSTALACIONES - BIENES DE USO;INSTALACIONES - BIENES DE USO;1
7594;56;5025;INSTALACIONES - GASTOS DE MANTENIMIENTO;INSTALACIONES - GASTOS DE MANTENIMIENTO;1
7595;56;5004;SERVICIOS Y TASAS;SERVICIOS Y TASAS;1
7596;58;4000;VENTAS;VENTAS;1
7597;58;5000;COMPRAS;COMPRAS;1
7598;58;5001;COMISION TARJETAS DE CREDITO;COMISION TARJETAS DE CREDITO;1
7599;58;5002;COMBUSTIBLES Y LUBRICANTES;COMBUSTIBLES Y LUBRICANTES;1
7600;58;5003;FLETES Y CORREO;FLETES Y CORREO;1
7601;58;5005;LIBRERIA Y PAPELERIA;LIBRERIA Y PAPELERIA;1
7602;58;5006;HONORARIOS PROFESIONALES;HONORARIOS PROFESIONALES;1
7603;58;5007;ALQUILERES PAGADOS;ALQUILERES PAGADOS;1
7604;58;5008;SEGUROS PAGADOS;SEGUROS PAGADOS;1
7605;58;5010;GASTOS GENERALES;GASTOS GENERALES;1
7606;58;5011;SERVICISO INFORMATICOS;SERVICIOS INFORMATICOS;1
7607;58;5012;CANON;CANON;1
7608;58;5013;SERVICIOS JURIDICOS;SERVICIOS JURIDICOS;1
7609;58;5030;BANCO NACION - INTERES POR DESCUBIERTO;BANCO NACION - INTERES POR DESCUBIERTO;1
7610;58;5009;INTERESES BANCARIOS;INTERESES BANCARIOS;1
7611;58;5031;BANCO NACION - GASTOS DE MANTENIMIENTO DE CUENTA;BANCO NACION - GASTOS DE MANTENIMIENTO DE CUENTA;1
7612;58;5032;BANCO NACION - INTERESES POR PRESTAMOS;BANCO NACION - INTERESES POR PRESTAMOS;1
7613;58;5033;BANCO SANTANDER - INTERES POR DESCUBIERTO;BANCO SANTANDER - INTERES POR DESCUBIERTO;1
7614;58;5036;BANCO GALICIA - INTERES POR DESCUBIERTO;BANCO GALICIA - INTERES POR DESCUBIERTO;1
7615;58;5039;BBVA FRANCES - INTERES POR DESCUBIERTO;BBVA FRANCES - INTERES POR DESCUBIERTO;1
7616;58;5042;BANCO CREDICOOP - INTERES POR DESCUBIERTO;BANCO CREDICOOP - INTERES POR DESCUBIERTO;1
7617;58;5045;BANCO HSBC - INTERES POR DESCUBIERTO;BANCO HSBC - INTERES POR DESCUBIERTO;1
7618;58;5048;BANCO PATAGONIA - INTERES POR DESCUBIERTO;BANCO PATAGONIA - INTERES POR DESCUBIERTO;1
7619;58;5034;BANCO SANTANDER - GASTOS DE MANTENIMIENTO DE CUENTA;BANCO SANTANDER - GASTOS DE MANTENIMIENTO DE CUENTA;1
7620;58;5037;BANCO GALICIA - GASTOS DE MANTENIMIENTO DE CUENTA;BANCO GALICIA - GASTOS DE MANTENIMIENTO DE CUENTA;1
7621;58;5043;BANCO CREDICOOP - GASTOS DE MANTENIMIENTO DE CUENTA;BANCO CREDICOOP - GASTOS DE MANTENIMIENTO DE CUENTA;1
7622;58;5046;BANCO HSBC - GASTOS DE MANTENIMIENTO DE CUENTA;BANCO HSBC - GASTOS DE MANTENIMIENTO DE CUENTA;1
7623;58;5049;BANCO PATAGONIA - GASTOS DE MANTENIMIENTO DE CUENTA;BANCO PATAGONIA - GASTOS DE MANTENIMIENTO DE CUENTA;1
7624;58;5035;BANCO SANTANDER - INTERESES POR PRESTAMOS;BANCO SANTANDER - INTERESES POR PRESTAMOS;1
7625;58;5038;BANCO GALICIA - INTERESES POR PRESTAMOS;BANCO GALICIA - INTERESES POR PRESTAMOS;1
7626;58;5041;BBVA FRANCES - INTERESES POR PRESTAMOS;BBVA FRANCES - INTERESES POR PRESTAMOS;1
7627;58;5044;BANCO CREDICOOP- INTERESES POR PRESTAMOS;BANCO CREDICOOP- INTERESES POR PRESTAMOS;1
7628;58;5047;BANCO HSBC - INTERESES POR PRESTAMOS;BANCO HSBC - INTERESES POR PRESTAMOS;1
7629;58;5050;BANCO PATAGONIA- INTERESES POR PRESTAMOS;BANCO PATAGONIA- INTERESES POR PRESTAMOS;1
7630;58;1050;RODADOS - BIENES DE USO;RODADOS - BIENES DE USO;1
7631;58;1051;MUEBLES Y UTILES - BIENES DE USO;MUEBLES Y UTILES - BIENES DE USO;1
7632;58;1052;MAQUINARIA - BIENES DE USO;MAQUINARIA - BIENES DE USO;1
7633;58;1053;INMUEBLES - BIENES DE USO;INMUEBLES - BIENES DE USO;1
7634;58;5020;RODADOS - GASTOS DE MANTENIMIENTO;RODADOS - GASTOS DE MANTENIMIENTO;1
7635;58;5021;MUEBLES Y UTILES - GASTOS DE MANTENIMIENTO;MUEBLES Y UTILES - GASTOS DE MANTENIMIENTO;1
7636;58;5022;MAQUINARIA - GASTOS DE MANTENIMIENTO;MAQUINARIA - GASTOS DE MANTENIMIENTO;1
7637;58;5023;INMUEBLES - GASTOS DE MANTENIMIENTO;INMUEBLES - GASTOS DE MANTENIMIENTO;1
7638;58;5024;COMPRA DE BIENES USADOS A CF;COMPRA DE BIENES USADOS A CF;1
7639;58;1059;INSTALACIONES - BIENES DE USO;INSTALACIONES - BIENES DE USO;1
7640;58;5025;INSTALACIONES - GASTOS DE MANTENIMIENTO;INSTALACIONES - GASTOS DE MANTENIMIENTO;1
7641;58;5004;SERVICIOS Y TASAS;SERVICIOS Y TASAS;1
7642;60;4000;VENTAS;VENTAS;1
7643;60;5000;COMPRAS;COMPRAS;1
7644;60;5001;COMISION TARJETAS DE CREDITO;COMISION TARJETAS DE CREDITO;1
7645;60;5002;COMBUSTIBLES Y LUBRICANTES;COMBUSTIBLES Y LUBRICANTES;1
7646;60;5003;FLETES Y CORREO;FLETES Y CORREO;1
7647;60;5005;LIBRERIA Y PAPELERIA;LIBRERIA Y PAPELERIA;1
7648;60;5006;HONORARIOS PROFESIONALES;HONORARIOS PROFESIONALES;1
7649;60;5007;ALQUILERES PAGADOS;ALQUILERES PAGADOS;1
7650;60;5008;SEGUROS PAGADOS;SEGUROS PAGADOS;1
7651;60;5010;GASTOS GENERALES;GASTOS GENERALES;1
7652;60;5011;SERVICISO INFORMATICOS;SERVICIOS INFORMATICOS;1
7653;60;5012;CANON;CANON;1
7654;60;5013;SERVICIOS JURIDICOS;SERVICIOS JURIDICOS;1
7655;60;5030;BANCO NACION - INTERES POR DESCUBIERTO;BANCO NACION - INTERES POR DESCUBIERTO;1
7656;60;5009;INTERESES BANCARIOS;INTERESES BANCARIOS;1
7657;60;5031;BANCO NACION - GASTOS DE MANTENIMIENTO DE CUENTA;BANCO NACION - GASTOS DE MANTENIMIENTO DE CUENTA;1
7658;60;5032;BANCO NACION - INTERESES POR PRESTAMOS;BANCO NACION - INTERESES POR PRESTAMOS;1
7659;60;5033;BANCO SANTANDER - INTERES POR DESCUBIERTO;BANCO SANTANDER - INTERES POR DESCUBIERTO;1
7660;60;5036;BANCO GALICIA - INTERES POR DESCUBIERTO;BANCO GALICIA - INTERES POR DESCUBIERTO;1
7661;60;5039;BBVA FRANCES - INTERES POR DESCUBIERTO;BBVA FRANCES - INTERES POR DESCUBIERTO;1
7662;60;5042;BANCO CREDICOOP - INTERES POR DESCUBIERTO;BANCO CREDICOOP - INTERES POR DESCUBIERTO;1
7663;60;5045;BANCO HSBC - INTERES POR DESCUBIERTO;BANCO HSBC - INTERES POR DESCUBIERTO;1
7664;60;5048;BANCO PATAGONIA - INTERES POR DESCUBIERTO;BANCO PATAGONIA - INTERES POR DESCUBIERTO;1
7665;60;5034;BANCO SANTANDER - GASTOS DE MANTENIMIENTO DE CUENTA;BANCO SANTANDER - GASTOS DE MANTENIMIENTO DE CUENTA;1
7666;60;5037;BANCO GALICIA - GASTOS DE MANTENIMIENTO DE CUENTA;BANCO GALICIA - GASTOS DE MANTENIMIENTO DE CUENTA;1
7667;60;5043;BANCO CREDICOOP - GASTOS DE MANTENIMIENTO DE CUENTA;BANCO CREDICOOP - GASTOS DE MANTENIMIENTO DE CUENTA;1
7668;60;5046;BANCO HSBC - GASTOS DE MANTENIMIENTO DE CUENTA;BANCO HSBC - GASTOS DE MANTENIMIENTO DE CUENTA;1
7669;60;5049;BANCO PATAGONIA - GASTOS DE MANTENIMIENTO DE CUENTA;BANCO PATAGONIA - GASTOS DE MANTENIMIENTO DE CUENTA;1
7670;60;5035;BANCO SANTANDER - INTERESES POR PRESTAMOS;BANCO SANTANDER - INTERESES POR PRESTAMOS;1
7671;60;5038;BANCO GALICIA - INTERESES POR PRESTAMOS;BANCO GALICIA - INTERESES POR PRESTAMOS;1
7672;60;5041;BBVA FRANCES - INTERESES POR PRESTAMOS;BBVA FRANCES - INTERESES POR PRESTAMOS;1
7673;60;5044;BANCO CREDICOOP- INTERESES POR PRESTAMOS;BANCO CREDICOOP- INTERESES POR PRESTAMOS;1
7674;60;5047;BANCO HSBC - INTERESES POR PRESTAMOS;BANCO HSBC - INTERESES POR PRESTAMOS;1
7675;60;5050;BANCO PATAGONIA- INTERESES POR PRESTAMOS;BANCO PATAGONIA- INTERESES POR PRESTAMOS;1
7676;60;1050;RODADOS - BIENES DE USO;RODADOS - BIENES DE USO;1
7677;60;1051;MUEBLES Y UTILES - BIENES DE USO;MUEBLES Y UTILES - BIENES DE USO;1
7678;60;1052;MAQUINARIA - BIENES DE USO;MAQUINARIA - BIENES DE USO;1
7679;60;1053;INMUEBLES - BIENES DE USO;INMUEBLES - BIENES DE USO;1
7680;60;5020;RODADOS - GASTOS DE MANTENIMIENTO;RODADOS - GASTOS DE MANTENIMIENTO;1
7681;60;5021;MUEBLES Y UTILES - GASTOS DE MANTENIMIENTO;MUEBLES Y UTILES - GASTOS DE MANTENIMIENTO;1
7682;60;5022;MAQUINARIA - GASTOS DE MANTENIMIENTO;MAQUINARIA - GASTOS DE MANTENIMIENTO;1
7683;60;5023;INMUEBLES - GASTOS DE MANTENIMIENTO;INMUEBLES - GASTOS DE MANTENIMIENTO;1
7684;60;5024;COMPRA DE BIENES USADOS A CF;COMPRA DE BIENES USADOS A CF;1
7685;60;1059;INSTALACIONES - BIENES DE USO;INSTALACIONES - BIENES DE USO;1
7686;60;5025;INSTALACIONES - GASTOS DE MANTENIMIENTO;INSTALACIONES - GASTOS DE MANTENIMIENTO;1
7687;60;5004;SERVICIOS Y TASAS;SERVICIOS Y TASAS;1
7688;82;4000;VENTAS;VENTAS;1
7689;82;5000;COMPRAS;COMPRAS;1
7690;82;5001;COMISION TARJETAS DE CREDITO;COMISION TARJETAS DE CREDITO;1
7691;82;5002;COMBUSTIBLES Y LUBRICANTES;COMBUSTIBLES Y LUBRICANTES;1
7692;82;5003;FLETES Y CORREO;FLETES Y CORREO;1
7693;82;5005;LIBRERIA Y PAPELERIA;LIBRERIA Y PAPELERIA;1
7694;82;5006;HONORARIOS PROFESIONALES;HONORARIOS PROFESIONALES;1
7695;82;5007;ALQUILERES PAGADOS;ALQUILERES PAGADOS;1
7696;82;5008;SEGUROS PAGADOS;SEGUROS PAGADOS;1
7697;82;5010;GASTOS GENERALES;GASTOS GENERALES;1
7698;82;5011;SERVICISO INFORMATICOS;SERVICIOS INFORMATICOS;1
7699;82;5012;CANON;CANON;1
7700;82;5013;SERVICIOS JURIDICOS;SERVICIOS JURIDICOS;1
7701;82;5030;BANCO NACION - INTERES POR DESCUBIERTO;BANCO NACION - INTERES POR DESCUBIERTO;1
7702;82;5009;INTERESES BANCARIOS;INTERESES BANCARIOS;1
7703;82;5031;BANCO NACION - GASTOS DE MANTENIMIENTO DE CUENTA;BANCO NACION - GASTOS DE MANTENIMIENTO DE CUENTA;1
7704;82;5032;BANCO NACION - INTERESES POR PRESTAMOS;BANCO NACION - INTERESES POR PRESTAMOS;1
7705;82;5033;BANCO SANTANDER - INTERES POR DESCUBIERTO;BANCO SANTANDER - INTERES POR DESCUBIERTO;1
7706;82;5036;BANCO GALICIA - INTERES POR DESCUBIERTO;BANCO GALICIA - INTERES POR DESCUBIERTO;1
7707;82;5039;BBVA FRANCES - INTERES POR DESCUBIERTO;BBVA FRANCES - INTERES POR DESCUBIERTO;1
7708;82;5042;BANCO CREDICOOP - INTERES POR DESCUBIERTO;BANCO CREDICOOP - INTERES POR DESCUBIERTO;1
7709;82;5045;BANCO HSBC - INTERES POR DESCUBIERTO;BANCO HSBC - INTERES POR DESCUBIERTO;1
7710;82;5048;BANCO PATAGONIA - INTERES POR DESCUBIERTO;BANCO PATAGONIA - INTERES POR DESCUBIERTO;1
7711;82;5034;BANCO SANTANDER - GASTOS DE MANTENIMIENTO DE CUENTA;BANCO SANTANDER - GASTOS DE MANTENIMIENTO DE CUENTA;1
7712;82;5037;BANCO GALICIA - GASTOS DE MANTENIMIENTO DE CUENTA;BANCO GALICIA - GASTOS DE MANTENIMIENTO DE CUENTA;1
7713;82;5043;BANCO CREDICOOP - GASTOS DE MANTENIMIENTO DE CUENTA;BANCO CREDICOOP - GASTOS DE MANTENIMIENTO DE CUENTA;1
7714;82;5046;BANCO HSBC - GASTOS DE MANTENIMIENTO DE CUENTA;BANCO HSBC - GASTOS DE MANTENIMIENTO DE CUENTA;1
7715;82;5049;BANCO PATAGONIA - GASTOS DE MANTENIMIENTO DE CUENTA;BANCO PATAGONIA - GASTOS DE MANTENIMIENTO DE CUENTA;1
7716;82;5035;BANCO SANTANDER - INTERESES POR PRESTAMOS;BANCO SANTANDER - INTERESES POR PRESTAMOS;1
7717;82;5038;BANCO GALICIA - INTERESES POR PRESTAMOS;BANCO GALICIA - INTERESES POR PRESTAMOS;1
7718;82;5041;BBVA FRANCES - INTERESES POR PRESTAMOS;BBVA FRANCES - INTERESES POR PRESTAMOS;1
7719;82;5044;BANCO CREDICOOP- INTERESES POR PRESTAMOS;BANCO CREDICOOP- INTERESES POR PRESTAMOS;1
7720;82;5047;BANCO HSBC - INTERESES POR PRESTAMOS;BANCO HSBC - INTERESES POR PRESTAMOS;1
7721;82;5050;BANCO PATAGONIA- INTERESES POR PRESTAMOS;BANCO PATAGONIA- INTERESES POR PRESTAMOS;1
7722;82;1050;RODADOS - BIENES DE USO;RODADOS - BIENES DE USO;1
7723;82;1051;MUEBLES Y UTILES - BIENES DE USO;MUEBLES Y UTILES - BIENES DE USO;1
7724;82;1052;MAQUINARIA - BIENES DE USO;MAQUINARIA - BIENES DE USO;1
7725;82;1053;INMUEBLES - BIENES DE USO;INMUEBLES - BIENES DE USO;1
7726;82;5020;RODADOS - GASTOS DE MANTENIMIENTO;RODADOS - GASTOS DE MANTENIMIENTO;1
7727;82;5021;MUEBLES Y UTILES - GASTOS DE MANTENIMIENTO;MUEBLES Y UTILES - GASTOS DE MANTENIMIENTO;1
7728;82;5022;MAQUINARIA - GASTOS DE MANTENIMIENTO;MAQUINARIA - GASTOS DE MANTENIMIENTO;1
7729;82;5023;INMUEBLES - GASTOS DE MANTENIMIENTO;INMUEBLES - GASTOS DE MANTENIMIENTO;1
7730;82;5024;COMPRA DE BIENES USADOS A CF;COMPRA DE BIENES USADOS A CF;1
7731;82;1059;INSTALACIONES - BIENES DE USO;INSTALACIONES - BIENES DE USO;1
7732;82;5025;INSTALACIONES - GASTOS DE MANTENIMIENTO;INSTALACIONES - GASTOS DE MANTENIMIENTO;1
7733;82;5004;SERVICIOS Y TASAS;SERVICIOS Y TASAS;1
7734;85;4000;VENTAS;VENTAS;1
7735;85;5000;COMPRAS;COMPRAS;1
7736;85;5001;COMISION TARJETAS DE CREDITO;COMISION TARJETAS DE CREDITO;1
7737;85;5002;COMBUSTIBLES Y LUBRICANTES;COMBUSTIBLES Y LUBRICANTES;1
7738;85;5003;FLETES Y CORREO;FLETES Y CORREO;1
7739;85;5005;LIBRERIA Y PAPELERIA;LIBRERIA Y PAPELERIA;1
7740;85;5006;HONORARIOS PROFESIONALES;HONORARIOS PROFESIONALES;1
7741;85;5007;ALQUILERES PAGADOS;ALQUILERES PAGADOS;1
7742;85;5008;SEGUROS PAGADOS;SEGUROS PAGADOS;1
7743;85;5010;GASTOS GENERALES;GASTOS GENERALES;1
7744;85;5011;SERVICISO INFORMATICOS;SERVICIOS INFORMATICOS;1
7745;85;5012;CANON;CANON;1
7746;85;5013;SERVICIOS JURIDICOS;SERVICIOS JURIDICOS;1
7747;85;5030;BANCO NACION - INTERES POR DESCUBIERTO;BANCO NACION - INTERES POR DESCUBIERTO;1
7748;85;5009;INTERESES BANCARIOS;INTERESES BANCARIOS;1
7749;85;5031;BANCO NACION - GASTOS DE MANTENIMIENTO DE CUENTA;BANCO NACION - GASTOS DE MANTENIMIENTO DE CUENTA;1
7750;85;5032;BANCO NACION - INTERESES POR PRESTAMOS;BANCO NACION - INTERESES POR PRESTAMOS;1
7751;85;5033;BANCO SANTANDER - INTERES POR DESCUBIERTO;BANCO SANTANDER - INTERES POR DESCUBIERTO;1
7752;85;5036;BANCO GALICIA - INTERES POR DESCUBIERTO;BANCO GALICIA - INTERES POR DESCUBIERTO;1
7753;85;5039;BBVA FRANCES - INTERES POR DESCUBIERTO;BBVA FRANCES - INTERES POR DESCUBIERTO;1
7754;85;5042;BANCO CREDICOOP - INTERES POR DESCUBIERTO;BANCO CREDICOOP - INTERES POR DESCUBIERTO;1
7755;85;5045;BANCO HSBC - INTERES POR DESCUBIERTO;BANCO HSBC - INTERES POR DESCUBIERTO;1
7756;85;5048;BANCO PATAGONIA - INTERES POR DESCUBIERTO;BANCO PATAGONIA - INTERES POR DESCUBIERTO;1
7757;85;5034;BANCO SANTANDER - GASTOS DE MANTENIMIENTO DE CUENTA;BANCO SANTANDER - GASTOS DE MANTENIMIENTO DE CUENTA;1
7758;85;5037;BANCO GALICIA - GASTOS DE MANTENIMIENTO DE CUENTA;BANCO GALICIA - GASTOS DE MANTENIMIENTO DE CUENTA;1
7759;85;5043;BANCO CREDICOOP - GASTOS DE MANTENIMIENTO DE CUENTA;BANCO CREDICOOP - GASTOS DE MANTENIMIENTO DE CUENTA;1
7760;85;5046;BANCO HSBC - GASTOS DE MANTENIMIENTO DE CUENTA;BANCO HSBC - GASTOS DE MANTENIMIENTO DE CUENTA;1
7761;85;5049;BANCO PATAGONIA - GASTOS DE MANTENIMIENTO DE CUENTA;BANCO PATAGONIA - GASTOS DE MANTENIMIENTO DE CUENTA;1
7762;85;5035;BANCO SANTANDER - INTERESES POR PRESTAMOS;BANCO SANTANDER - INTERESES POR PRESTAMOS;1
7763;85;5038;BANCO GALICIA - INTERESES POR PRESTAMOS;BANCO GALICIA - INTERESES POR PRESTAMOS;1
7764;85;5041;BBVA FRANCES - INTERESES POR PRESTAMOS;BBVA FRANCES - INTERESES POR PRESTAMOS;1
7765;85;5044;BANCO CREDICOOP- INTERESES POR PRESTAMOS;BANCO CREDICOOP- INTERESES POR PRESTAMOS;1
7766;85;5047;BANCO HSBC - INTERESES POR PRESTAMOS;BANCO HSBC - INTERESES POR PRESTAMOS;1
7767;85;5050;BANCO PATAGONIA- INTERESES POR PRESTAMOS;BANCO PATAGONIA- INTERESES POR PRESTAMOS;1
7768;85;1050;RODADOS - BIENES DE USO;RODADOS - BIENES DE USO;1
7769;85;1051;MUEBLES Y UTILES - BIENES DE USO;MUEBLES Y UTILES - BIENES DE USO;1
7770;85;1052;MAQUINARIA - BIENES DE USO;MAQUINARIA - BIENES DE USO;1
7771;85;1053;INMUEBLES - BIENES DE USO;INMUEBLES - BIENES DE USO;1
7772;85;5020;RODADOS - GASTOS DE MANTENIMIENTO;RODADOS - GASTOS DE MANTENIMIENTO;1
7773;85;5021;MUEBLES Y UTILES - GASTOS DE MANTENIMIENTO;MUEBLES Y UTILES - GASTOS DE MANTENIMIENTO;1
7774;85;5022;MAQUINARIA - GASTOS DE MANTENIMIENTO;MAQUINARIA - GASTOS DE MANTENIMIENTO;1
7775;85;5023;INMUEBLES - GASTOS DE MANTENIMIENTO;INMUEBLES - GASTOS DE MANTENIMIENTO;1
7776;85;5024;COMPRA DE BIENES USADOS A CF;COMPRA DE BIENES USADOS A CF;1
7777;85;1059;INSTALACIONES - BIENES DE USO;INSTALACIONES - BIENES DE USO;1
7778;85;5025;INSTALACIONES - GASTOS DE MANTENIMIENTO;INSTALACIONES - GASTOS DE MANTENIMIENTO;1
7779;85;5004;SERVICIOS Y TASAS;SERVICIOS Y TASAS;1
7780;129;4000;VENTAS;VENTAS;1
7781;129;5000;COMPRAS;COMPRAS;1
7782;129;5001;COMISION TARJETAS DE CREDITO;COMISION TARJETAS DE CREDITO;1
7783;129;5002;COMBUSTIBLES Y LUBRICANTES;COMBUSTIBLES Y LUBRICANTES;1
7784;129;5003;FLETES Y CORREO;FLETES Y CORREO;1
7785;129;5005;LIBRERIA Y PAPELERIA;LIBRERIA Y PAPELERIA;1
7786;129;5006;HONORARIOS PROFESIONALES;HONORARIOS PROFESIONALES;1
7787;129;5007;ALQUILERES PAGADOS;ALQUILERES PAGADOS;1
7788;129;5008;SEGUROS PAGADOS;SEGUROS PAGADOS;1
7789;129;5010;GASTOS GENERALES;GASTOS GENERALES;1
7790;129;5011;SERVICISO INFORMATICOS;SERVICIOS INFORMATICOS;1
7791;129;5012;CANON;CANON;1
7792;129;5013;SERVICIOS JURIDICOS;SERVICIOS JURIDICOS;1
7793;129;5030;BANCO NACION - INTERES POR DESCUBIERTO;BANCO NACION - INTERES POR DESCUBIERTO;1
7794;129;5009;INTERESES BANCARIOS;INTERESES BANCARIOS;1
7795;129;5031;BANCO NACION - GASTOS DE MANTENIMIENTO DE CUENTA;BANCO NACION - GASTOS DE MANTENIMIENTO DE CUENTA;1
7796;129;5032;BANCO NACION - INTERESES POR PRESTAMOS;BANCO NACION - INTERESES POR PRESTAMOS;1
7797;129;5033;BANCO SANTANDER - INTERES POR DESCUBIERTO;BANCO SANTANDER - INTERES POR DESCUBIERTO;1
7798;129;5036;BANCO GALICIA - INTERES POR DESCUBIERTO;BANCO GALICIA - INTERES POR DESCUBIERTO;1
7799;129;5039;BBVA FRANCES - INTERES POR DESCUBIERTO;BBVA FRANCES - INTERES POR DESCUBIERTO;1
7800;129;5042;BANCO CREDICOOP - INTERES POR DESCUBIERTO;BANCO CREDICOOP - INTERES POR DESCUBIERTO;1
7801;129;5045;BANCO HSBC - INTERES POR DESCUBIERTO;BANCO HSBC - INTERES POR DESCUBIERTO;1
7802;129;5048;BANCO PATAGONIA - INTERES POR DESCUBIERTO;BANCO PATAGONIA - INTERES POR DESCUBIERTO;1
7803;129;5034;BANCO SANTANDER - GASTOS DE MANTENIMIENTO DE CUENTA;BANCO SANTANDER - GASTOS DE MANTENIMIENTO DE CUENTA;1
7804;129;5037;BANCO GALICIA - GASTOS DE MANTENIMIENTO DE CUENTA;BANCO GALICIA - GASTOS DE MANTENIMIENTO DE CUENTA;1
7805;129;5043;BANCO CREDICOOP - GASTOS DE MANTENIMIENTO DE CUENTA;BANCO CREDICOOP - GASTOS DE MANTENIMIENTO DE CUENTA;1
7806;129;5046;BANCO HSBC - GASTOS DE MANTENIMIENTO DE CUENTA;BANCO HSBC - GASTOS DE MANTENIMIENTO DE CUENTA;1
7807;129;5049;BANCO PATAGONIA - GASTOS DE MANTENIMIENTO DE CUENTA;BANCO PATAGONIA - GASTOS DE MANTENIMIENTO DE CUENTA;1
7808;129;5035;BANCO SANTANDER - INTERESES POR PRESTAMOS;BANCO SANTANDER - INTERESES POR PRESTAMOS;1
7809;129;5038;BANCO GALICIA - INTERESES POR PRESTAMOS;BANCO GALICIA - INTERESES POR PRESTAMOS;1
7810;129;5041;BBVA FRANCES - INTERESES POR PRESTAMOS;BBVA FRANCES - INTERESES POR PRESTAMOS;1
7811;129;5044;BANCO CREDICOOP- INTERESES POR PRESTAMOS;BANCO CREDICOOP- INTERESES POR PRESTAMOS;1
7812;129;5047;BANCO HSBC - INTERESES POR PRESTAMOS;BANCO HSBC - INTERESES POR PRESTAMOS;1
7813;129;5050;BANCO PATAGONIA- INTERESES POR PRESTAMOS;BANCO PATAGONIA- INTERESES POR PRESTAMOS;1
7814;129;1050;RODADOS - BIENES DE USO;RODADOS - BIENES DE USO;1
7815;129;1051;MUEBLES Y UTILES - BIENES DE USO;MUEBLES Y UTILES - BIENES DE USO;1
7816;129;1052;MAQUINARIA - BIENES DE USO;MAQUINARIA - BIENES DE USO;1
7817;129;1053;INMUEBLES - BIENES DE USO;INMUEBLES - BIENES DE USO;1
7818;129;5020;RODADOS - GASTOS DE MANTENIMIENTO;RODADOS - GASTOS DE MANTENIMIENTO;1
7819;129;5021;MUEBLES Y UTILES - GASTOS DE MANTENIMIENTO;MUEBLES Y UTILES - GASTOS DE MANTENIMIENTO;1
7820;129;5022;MAQUINARIA - GASTOS DE MANTENIMIENTO;MAQUINARIA - GASTOS DE MANTENIMIENTO;1
7821;129;5023;INMUEBLES - GASTOS DE MANTENIMIENTO;INMUEBLES - GASTOS DE MANTENIMIENTO;1
7822;129;5024;COMPRA DE BIENES USADOS A CF;COMPRA DE BIENES USADOS A CF;1
7823;129;1059;INSTALACIONES - BIENES DE USO;INSTALACIONES - BIENES DE USO;1
7824;129;5025;INSTALACIONES - GASTOS DE MANTENIMIENTO;INSTALACIONES - GASTOS DE MANTENIMIENTO;1
7825;129;5004;SERVICIOS Y TASAS;SERVICIOS Y TASAS;1
7826;146;4000;VENTAS;VENTAS;1
7827;146;5000;COMPRAS;COMPRAS;1
7828;146;5001;COMISION TARJETAS DE CREDITO;COMISION TARJETAS DE CREDITO;1
7829;146;5002;COMBUSTIBLES Y LUBRICANTES;COMBUSTIBLES Y LUBRICANTES;1
7830;146;5003;FLETES Y CORREO;FLETES Y CORREO;1
7831;146;5005;LIBRERIA Y PAPELERIA;LIBRERIA Y PAPELERIA;1
7832;146;5006;HONORARIOS PROFESIONALES;HONORARIOS PROFESIONALES;1
7833;146;5007;ALQUILERES PAGADOS;ALQUILERES PAGADOS;1
7834;146;5008;SEGUROS PAGADOS;SEGUROS PAGADOS;1
7835;146;5010;GASTOS GENERALES;GASTOS GENERALES;1
7836;146;5011;SERVICISO INFORMATICOS;SERVICIOS INFORMATICOS;1
7837;146;5012;CANON;CANON;1
7838;146;5013;SERVICIOS JURIDICOS;SERVICIOS JURIDICOS;1
7839;146;5030;BANCO NACION - INTERES POR DESCUBIERTO;BANCO NACION - INTERES POR DESCUBIERTO;1
7840;146;5009;INTERESES BANCARIOS;INTERESES BANCARIOS;1
7841;146;5031;BANCO NACION - GASTOS DE MANTENIMIENTO DE CUENTA;BANCO NACION - GASTOS DE MANTENIMIENTO DE CUENTA;1
7842;146;5032;BANCO NACION - INTERESES POR PRESTAMOS;BANCO NACION - INTERESES POR PRESTAMOS;1
7843;146;5033;BANCO SANTANDER - INTERES POR DESCUBIERTO;BANCO SANTANDER - INTERES POR DESCUBIERTO;1
7844;146;5036;BANCO GALICIA - INTERES POR DESCUBIERTO;BANCO GALICIA - INTERES POR DESCUBIERTO;1
7845;146;5039;BBVA FRANCES - INTERES POR DESCUBIERTO;BBVA FRANCES - INTERES POR DESCUBIERTO;1
7846;146;5042;BANCO CREDICOOP - INTERES POR DESCUBIERTO;BANCO CREDICOOP - INTERES POR DESCUBIERTO;1
7847;146;5045;BANCO HSBC - INTERES POR DESCUBIERTO;BANCO HSBC - INTERES POR DESCUBIERTO;1
7848;146;5048;BANCO PATAGONIA - INTERES POR DESCUBIERTO;BANCO PATAGONIA - INTERES POR DESCUBIERTO;1
7849;146;5034;BANCO SANTANDER - GASTOS DE MANTENIMIENTO DE CUENTA;BANCO SANTANDER - GASTOS DE MANTENIMIENTO DE CUENTA;1
7850;146;5037;BANCO GALICIA - GASTOS DE MANTENIMIENTO DE CUENTA;BANCO GALICIA - GASTOS DE MANTENIMIENTO DE CUENTA;1
7851;146;5043;BANCO CREDICOOP - GASTOS DE MANTENIMIENTO DE CUENTA;BANCO CREDICOOP - GASTOS DE MANTENIMIENTO DE CUENTA;1
7852;146;5046;BANCO HSBC - GASTOS DE MANTENIMIENTO DE CUENTA;BANCO HSBC - GASTOS DE MANTENIMIENTO DE CUENTA;1
7853;146;5049;BANCO PATAGONIA - GASTOS DE MANTENIMIENTO DE CUENTA;BANCO PATAGONIA - GASTOS DE MANTENIMIENTO DE CUENTA;1
7854;146;5035;BANCO SANTANDER - INTERESES POR PRESTAMOS;BANCO SANTANDER - INTERESES POR PRESTAMOS;1
7855;146;5038;BANCO GALICIA - INTERESES POR PRESTAMOS;BANCO GALICIA - INTERESES POR PRESTAMOS;1
7856;146;5041;BBVA FRANCES - INTERESES POR PRESTAMOS;BBVA FRANCES - INTERESES POR PRESTAMOS;1
7857;146;5044;BANCO CREDICOOP- INTERESES POR PRESTAMOS;BANCO CREDICOOP- INTERESES POR PRESTAMOS;1
7858;146;5047;BANCO HSBC - INTERESES POR PRESTAMOS;BANCO HSBC - INTERESES POR PRESTAMOS;1
7859;146;5050;BANCO PATAGONIA- INTERESES POR PRESTAMOS;BANCO PATAGONIA- INTERESES POR PRESTAMOS;1
7860;146;1050;RODADOS - BIENES DE USO;RODADOS - BIENES DE USO;1
7861;146;1051;MUEBLES Y UTILES - BIENES DE USO;MUEBLES Y UTILES - BIENES DE USO;1
7862;146;1052;MAQUINARIA - BIENES DE USO;MAQUINARIA - BIENES DE USO;1
7863;146;1053;INMUEBLES - BIENES DE USO;INMUEBLES - BIENES DE USO;1
7864;146;5020;RODADOS - GASTOS DE MANTENIMIENTO;RODADOS - GASTOS DE MANTENIMIENTO;1
7865;146;5021;MUEBLES Y UTILES - GASTOS DE MANTENIMIENTO;MUEBLES Y UTILES - GASTOS DE MANTENIMIENTO;1
7866;146;5022;MAQUINARIA - GASTOS DE MANTENIMIENTO;MAQUINARIA - GASTOS DE MANTENIMIENTO;1
7867;146;5023;INMUEBLES - GASTOS DE MANTENIMIENTO;INMUEBLES - GASTOS DE MANTENIMIENTO;1
7868;146;5024;COMPRA DE BIENES USADOS A CF;COMPRA DE BIENES USADOS A CF;1
7869;146;1059;INSTALACIONES - BIENES DE USO;INSTALACIONES - BIENES DE USO;1
7870;146;5025;INSTALACIONES - GASTOS DE MANTENIMIENTO;INSTALACIONES - GASTOS DE MANTENIMIENTO;1
7871;146;5004;SERVICIOS Y TASAS;SERVICIOS Y TASAS;1
7872;152;4000;VENTAS;VENTAS;1
7873;152;5000;COMPRAS;COMPRAS;1
7874;152;5001;COMISION TARJETAS DE CREDITO;COMISION TARJETAS DE CREDITO;1
7875;152;5002;COMBUSTIBLES Y LUBRICANTES;COMBUSTIBLES Y LUBRICANTES;1
7876;152;5003;FLETES Y CORREO;FLETES Y CORREO;1
7877;152;5005;LIBRERIA Y PAPELERIA;LIBRERIA Y PAPELERIA;1
7878;152;5006;HONORARIOS PROFESIONALES;HONORARIOS PROFESIONALES;1
7879;152;5007;ALQUILERES PAGADOS;ALQUILERES PAGADOS;1
7880;152;5008;SEGUROS PAGADOS;SEGUROS PAGADOS;1
7881;152;5010;GASTOS GENERALES;GASTOS GENERALES;1
7882;152;5011;SERVICISO INFORMATICOS;SERVICIOS INFORMATICOS;1
7883;152;5012;CANON;CANON;1
7884;152;5013;SERVICIOS JURIDICOS;SERVICIOS JURIDICOS;1
7885;152;5030;BANCO NACION - INTERES POR DESCUBIERTO;BANCO NACION - INTERES POR DESCUBIERTO;1
7886;152;5009;INTERESES BANCARIOS;INTERESES BANCARIOS;1
7887;152;5031;BANCO NACION - GASTOS DE MANTENIMIENTO DE CUENTA;BANCO NACION - GASTOS DE MANTENIMIENTO DE CUENTA;1
7888;152;5032;BANCO NACION - INTERESES POR PRESTAMOS;BANCO NACION - INTERESES POR PRESTAMOS;1
7889;152;5033;BANCO SANTANDER - INTERES POR DESCUBIERTO;BANCO SANTANDER - INTERES POR DESCUBIERTO;1
7890;152;5036;BANCO GALICIA - INTERES POR DESCUBIERTO;BANCO GALICIA - INTERES POR DESCUBIERTO;1
7891;152;5039;BBVA FRANCES - INTERES POR DESCUBIERTO;BBVA FRANCES - INTERES POR DESCUBIERTO;1
7892;152;5042;BANCO CREDICOOP - INTERES POR DESCUBIERTO;BANCO CREDICOOP - INTERES POR DESCUBIERTO;1
7893;152;5045;BANCO HSBC - INTERES POR DESCUBIERTO;BANCO HSBC - INTERES POR DESCUBIERTO;1
7894;152;5048;BANCO PATAGONIA - INTERES POR DESCUBIERTO;BANCO PATAGONIA - INTERES POR DESCUBIERTO;1
7895;152;5034;BANCO SANTANDER - GASTOS DE MANTENIMIENTO DE CUENTA;BANCO SANTANDER - GASTOS DE MANTENIMIENTO DE CUENTA;1
7896;152;5037;BANCO GALICIA - GASTOS DE MANTENIMIENTO DE CUENTA;BANCO GALICIA - GASTOS DE MANTENIMIENTO DE CUENTA;1
7897;152;5043;BANCO CREDICOOP - GASTOS DE MANTENIMIENTO DE CUENTA;BANCO CREDICOOP - GASTOS DE MANTENIMIENTO DE CUENTA;1
7898;152;5046;BANCO HSBC - GASTOS DE MANTENIMIENTO DE CUENTA;BANCO HSBC - GASTOS DE MANTENIMIENTO DE CUENTA;1
7899;152;5049;BANCO PATAGONIA - GASTOS DE MANTENIMIENTO DE CUENTA;BANCO PATAGONIA - GASTOS DE MANTENIMIENTO DE CUENTA;1
7900;152;5035;BANCO SANTANDER - INTERESES POR PRESTAMOS;BANCO SANTANDER - INTERESES POR PRESTAMOS;1
7901;152;5038;BANCO GALICIA - INTERESES POR PRESTAMOS;BANCO GALICIA - INTERESES POR PRESTAMOS;1
7902;152;5041;BBVA FRANCES - INTERESES POR PRESTAMOS;BBVA FRANCES - INTERESES POR PRESTAMOS;1
7903;152;5044;BANCO CREDICOOP- INTERESES POR PRESTAMOS;BANCO CREDICOOP- INTERESES POR PRESTAMOS;1
7904;152;5047;BANCO HSBC - INTERESES POR PRESTAMOS;BANCO HSBC - INTERESES POR PRESTAMOS;1
7905;152;5050;BANCO PATAGONIA- INTERESES POR PRESTAMOS;BANCO PATAGONIA- INTERESES POR PRESTAMOS;1
7906;152;1050;RODADOS - BIENES DE USO;RODADOS - BIENES DE USO;1
7907;152;1051;MUEBLES Y UTILES - BIENES DE USO;MUEBLES Y UTILES - BIENES DE USO;1
7908;152;1052;MAQUINARIA - BIENES DE USO;MAQUINARIA - BIENES DE USO;1
7909;152;1053;INMUEBLES - BIENES DE USO;INMUEBLES - BIENES DE USO;1
7910;152;5020;RODADOS - GASTOS DE MANTENIMIENTO;RODADOS - GASTOS DE MANTENIMIENTO;1
7911;152;5021;MUEBLES Y UTILES - GASTOS DE MANTENIMIENTO;MUEBLES Y UTILES - GASTOS DE MANTENIMIENTO;1
7912;152;5022;MAQUINARIA - GASTOS DE MANTENIMIENTO;MAQUINARIA - GASTOS DE MANTENIMIENTO;1
7913;152;5023;INMUEBLES - GASTOS DE MANTENIMIENTO;INMUEBLES - GASTOS DE MANTENIMIENTO;1
7914;152;5024;COMPRA DE BIENES USADOS A CF;COMPRA DE BIENES USADOS A CF;1
7915;152;1059;INSTALACIONES - BIENES DE USO;INSTALACIONES - BIENES DE USO;1
7916;152;5025;INSTALACIONES - GASTOS DE MANTENIMIENTO;INSTALACIONES - GASTOS DE MANTENIMIENTO;1
7917;152;5004;SERVICIOS Y TASAS;SERVICIOS Y TASAS;1
7918;41;5000;COMPRAS;COMPRAS;1
7919;41;4000;VENTAS;VENTAS;1
7920;6;4000;VENTAS;VENTAS;1
7921;6;5000;COMPRAS;COMPRAS;1
7922;6;5001;COMISION TARJETAS DE CREDITO;COMISION TARJETAS DE CREDITO;1
7923;6;5002;COMBUSTIBLES Y LUBRICANTES;COMBUSTIBLES Y LUBRICANTES;1
7924;6;5003;FLETES Y CORREO;FLETES Y CORREO;1
7925;6;5005;LIBRERIA Y PAPELERIA;LIBRERIA Y PAPELERIA;1
7926;6;5006;HONORARIOS PROFESIONALES;HONORARIOS PROFESIONALES;1
7927;6;5007;ALQUILERES PAGADOS;ALQUILERES PAGADOS;1
7928;6;5008;SEGUROS PAGADOS;SEGUROS PAGADOS;1
7929;6;5010;GASTOS GENERALES;GASTOS GENERALES;1
7930;6;5011;SERVICISO INFORMATICOS;SERVICIOS INFORMATICOS;1
7931;6;5012;CANON;CANON;1
7932;6;5013;SERVICIOS JURIDICOS;SERVICIOS JURIDICOS;1
7933;6;5030;BANCO NACION - INTERES POR DESCUBIERTO;BANCO NACION - INTERES POR DESCUBIERTO;1
7934;6;5009;INTERESES BANCARIOS;INTERESES BANCARIOS;1
7935;6;5031;BANCO NACION - GASTOS DE MANTENIMIENTO DE CUENTA;BANCO NACION - GASTOS DE MANTENIMIENTO DE CUENTA;1
7936;6;5032;BANCO NACION - INTERESES POR PRESTAMOS;BANCO NACION - INTERESES POR PRESTAMOS;1
7937;6;5033;BANCO SANTANDER - INTERES POR DESCUBIERTO;BANCO SANTANDER - INTERES POR DESCUBIERTO;1
7938;6;5036;BANCO GALICIA - INTERES POR DESCUBIERTO;BANCO GALICIA - INTERES POR DESCUBIERTO;1
7939;6;5039;BBVA FRANCES - INTERES POR DESCUBIERTO;BBVA FRANCES - INTERES POR DESCUBIERTO;1
7940;6;5042;BANCO CREDICOOP - INTERES POR DESCUBIERTO;BANCO CREDICOOP - INTERES POR DESCUBIERTO;1
7941;6;5045;BANCO HSBC - INTERES POR DESCUBIERTO;BANCO HSBC - INTERES POR DESCUBIERTO;1
7942;6;5048;BANCO PATAGONIA - INTERES POR DESCUBIERTO;BANCO PATAGONIA - INTERES POR DESCUBIERTO;1
7943;6;5034;BANCO SANTANDER - GASTOS DE MANTENIMIENTO DE CUENTA;BANCO SANTANDER - GASTOS DE MANTENIMIENTO DE CUENTA;1
7944;6;5037;BANCO GALICIA - GASTOS DE MANTENIMIENTO DE CUENTA;BANCO GALICIA - GASTOS DE MANTENIMIENTO DE CUENTA;1
7945;6;5043;BANCO CREDICOOP - GASTOS DE MANTENIMIENTO DE CUENTA;BANCO CREDICOOP - GASTOS DE MANTENIMIENTO DE CUENTA;1
7946;6;5046;BANCO HSBC - GASTOS DE MANTENIMIENTO DE CUENTA;BANCO HSBC - GASTOS DE MANTENIMIENTO DE CUENTA;1
7947;6;5049;BANCO PATAGONIA - GASTOS DE MANTENIMIENTO DE CUENTA;BANCO PATAGONIA - GASTOS DE MANTENIMIENTO DE CUENTA;1
7948;6;5035;BANCO SANTANDER - INTERESES POR PRESTAMOS;BANCO SANTANDER - INTERESES POR PRESTAMOS;1
7949;6;5038;BANCO GALICIA - INTERESES POR PRESTAMOS;BANCO GALICIA - INTERESES POR PRESTAMOS;1
7950;6;5041;BBVA FRANCES - INTERESES POR PRESTAMOS;BBVA FRANCES - INTERESES POR PRESTAMOS;1
7951;6;5044;BANCO CREDICOOP- INTERESES POR PRESTAMOS;BANCO CREDICOOP- INTERESES POR PRESTAMOS;1
7952;6;5047;BANCO HSBC - INTERESES POR PRESTAMOS;BANCO HSBC - INTERESES POR PRESTAMOS;1
7953;6;5050;BANCO PATAGONIA- INTERESES POR PRESTAMOS;BANCO PATAGONIA- INTERESES POR PRESTAMOS;1
7954;6;1050;RODADOS - BIENES DE USO;RODADOS - BIENES DE USO;1
7955;6;1051;MUEBLES Y UTILES - BIENES DE USO;MUEBLES Y UTILES - BIENES DE USO;1
7956;6;1052;MAQUINARIA - BIENES DE USO;MAQUINARIA - BIENES DE USO;1
7957;6;1053;INMUEBLES - BIENES DE USO;INMUEBLES - BIENES DE USO;1
7958;6;5020;RODADOS - GASTOS DE MANTENIMIENTO;RODADOS - GASTOS DE MANTENIMIENTO;1
7959;6;5021;MUEBLES Y UTILES - GASTOS DE MANTENIMIENTO;MUEBLES Y UTILES - GASTOS DE MANTENIMIENTO;1
7960;6;5022;MAQUINARIA - GASTOS DE MANTENIMIENTO;MAQUINARIA - GASTOS DE MANTENIMIENTO;1
7961;6;5023;INMUEBLES - GASTOS DE MANTENIMIENTO;INMUEBLES - GASTOS DE MANTENIMIENTO;1
7962;6;5024;COMPRA DE BIENES USADOS A CF;COMPRA DE BIENES USADOS A CF;1
7963;6;1059;INSTALACIONES - BIENES DE USO;INSTALACIONES - BIENES DE USO;1
7964;6;5025;INSTALACIONES - GASTOS DE MANTENIMIENTO;INSTALACIONES - GASTOS DE MANTENIMIENTO;1
7965;6;5004;SERVICIOS Y TASAS;SERVICIOS Y TASAS;1
7966;6;5051;BANCO HIPOTECARIO - COMISIONES CUENTA;BANCO HIPOTECARIO - COMISIONES CUENTA;1
7967;6;5040;BBVA FRANCES - COMISIONES BANCARIAS;BBVA FRANCES - COMISIONES BANCARIAS;1
7968;36;4000;VENTAS;VENTAS;1
7969;36;5000;COMPRAS;COMPRAS;1
7970;36;5001;COMISION TARJETAS DE CREDITO;COMISION TARJETAS DE CREDITO;1
7971;36;5002;COMBUSTIBLES Y LUBRICANTES;COMBUSTIBLES Y LUBRICANTES;1
7972;36;5003;FLETES Y CORREO;FLETES Y CORREO;1
7973;36;5005;LIBRERIA Y PAPELERIA;LIBRERIA Y PAPELERIA;1
7974;36;5006;HONORARIOS PROFESIONALES;HONORARIOS PROFESIONALES;1
7975;36;5007;ALQUILERES PAGADOS;ALQUILERES PAGADOS;1
7976;36;5008;SEGUROS PAGADOS;SEGUROS PAGADOS;1
7977;36;5010;GASTOS GENERALES;GASTOS GENERALES;1
7978;36;5011;SERVICISO INFORMATICOS;SERVICIOS INFORMATICOS;1
7979;36;5012;CANON;CANON;1
7980;36;5013;SERVICIOS JURIDICOS;SERVICIOS JURIDICOS;1
7981;36;5030;BANCO NACION - INTERES POR DESCUBIERTO;BANCO NACION - INTERES POR DESCUBIERTO;1
7982;36;5009;INTERESES BANCARIOS;INTERESES BANCARIOS;1
7983;36;5031;BANCO NACION - GASTOS DE MANTENIMIENTO DE CUENTA;BANCO NACION - GASTOS DE MANTENIMIENTO DE CUENTA;1
7984;36;5032;BANCO NACION - INTERESES POR PRESTAMOS;BANCO NACION - INTERESES POR PRESTAMOS;1
7985;36;5033;BANCO SANTANDER - INTERES POR DESCUBIERTO;BANCO SANTANDER - INTERES POR DESCUBIERTO;1
7986;36;5036;BANCO GALICIA - INTERES POR DESCUBIERTO;BANCO GALICIA - INTERES POR DESCUBIERTO;1
7987;36;5039;BBVA FRANCES - INTERES POR DESCUBIERTO;BBVA FRANCES - INTERES POR DESCUBIERTO;1
7988;36;5042;BANCO CREDICOOP - INTERES POR DESCUBIERTO;BANCO CREDICOOP - INTERES POR DESCUBIERTO;1
7989;36;5045;BANCO HSBC - INTERES POR DESCUBIERTO;BANCO HSBC - INTERES POR DESCUBIERTO;1
7990;36;5048;BANCO PATAGONIA - INTERES POR DESCUBIERTO;BANCO PATAGONIA - INTERES POR DESCUBIERTO;1
7991;36;5034;BANCO SANTANDER - GASTOS DE MANTENIMIENTO DE CUENTA;BANCO SANTANDER - GASTOS DE MANTENIMIENTO DE CUENTA;1
7992;36;5037;BANCO GALICIA - GASTOS DE MANTENIMIENTO DE CUENTA;BANCO GALICIA - GASTOS DE MANTENIMIENTO DE CUENTA;1
7993;36;5043;BANCO CREDICOOP - GASTOS DE MANTENIMIENTO DE CUENTA;BANCO CREDICOOP - GASTOS DE MANTENIMIENTO DE CUENTA;1
7994;36;5046;BANCO HSBC - GASTOS DE MANTENIMIENTO DE CUENTA;BANCO HSBC - GASTOS DE MANTENIMIENTO DE CUENTA;1
7995;36;5049;BANCO PATAGONIA - GASTOS DE MANTENIMIENTO DE CUENTA;BANCO PATAGONIA - GASTOS DE MANTENIMIENTO DE CUENTA;1
7996;36;5035;BANCO SANTANDER - INTERESES POR PRESTAMOS;BANCO SANTANDER - INTERESES POR PRESTAMOS;1
7997;36;5038;BANCO GALICIA - INTERESES POR PRESTAMOS;BANCO GALICIA - INTERESES POR PRESTAMOS;1
7998;36;5041;BBVA FRANCES - INTERESES POR PRESTAMOS;BBVA FRANCES - INTERESES POR PRESTAMOS;1
7999;36;5044;BANCO CREDICOOP- INTERESES POR PRESTAMOS;BANCO CREDICOOP- INTERESES POR PRESTAMOS;1
8000;36;5047;BANCO HSBC - INTERESES POR PRESTAMOS;BANCO HSBC - INTERESES POR PRESTAMOS;1
8001;36;5050;BANCO PATAGONIA- INTERESES POR PRESTAMOS;BANCO PATAGONIA- INTERESES POR PRESTAMOS;1
8002;36;1050;RODADOS - BIENES DE USO;RODADOS - BIENES DE USO;1
8003;36;1051;MUEBLES Y UTILES - BIENES DE USO;MUEBLES Y UTILES - BIENES DE USO;1
8004;36;1052;MAQUINARIA - BIENES DE USO;MAQUINARIA - BIENES DE USO;1
8005;36;1053;INMUEBLES - BIENES DE USO;INMUEBLES - BIENES DE USO;1
8006;36;5020;RODADOS - GASTOS DE MANTENIMIENTO;RODADOS - GASTOS DE MANTENIMIENTO;1
8007;36;5021;MUEBLES Y UTILES - GASTOS DE MANTENIMIENTO;MUEBLES Y UTILES - GASTOS DE MANTENIMIENTO;1
8008;36;5022;MAQUINARIA - GASTOS DE MANTENIMIENTO;MAQUINARIA - GASTOS DE MANTENIMIENTO;1
8009;36;5023;INMUEBLES - GASTOS DE MANTENIMIENTO;INMUEBLES - GASTOS DE MANTENIMIENTO;1
8010;36;5024;COMPRA DE BIENES USADOS A CF;COMPRA DE BIENES USADOS A CF;1
8011;36;1059;INSTALACIONES - BIENES DE USO;INSTALACIONES - BIENES DE USO;1
8012;36;5025;INSTALACIONES - GASTOS DE MANTENIMIENTO;INSTALACIONES - GASTOS DE MANTENIMIENTO;1
8013;36;5004;SERVICIOS Y TASAS;SERVICIOS Y TASAS;1
8014;36;5051;BANCO HIPOTECARIO - COMISIONES CUENTA;BANCO HIPOTECARIO - COMISIONES CUENTA;1
8015;36;5040;BBVA FRANCES - COMISIONES BANCARIAS;BBVA FRANCES - COMISIONES BANCARIAS;1
8016;37;4000;VENTAS;VENTAS;1
8017;37;5000;COMPRAS;COMPRAS;1
8018;37;5001;COMISION TARJETAS DE CREDITO;COMISION TARJETAS DE CREDITO;1
8019;37;5002;COMBUSTIBLES Y LUBRICANTES;COMBUSTIBLES Y LUBRICANTES;1
8020;37;5003;FLETES Y CORREO;FLETES Y CORREO;1
8021;37;5005;LIBRERIA Y PAPELERIA;LIBRERIA Y PAPELERIA;1
8022;37;5006;HONORARIOS PROFESIONALES;HONORARIOS PROFESIONALES;1
8023;37;5007;ALQUILERES PAGADOS;ALQUILERES PAGADOS;1
8024;37;5008;SEGUROS PAGADOS;SEGUROS PAGADOS;1
8025;37;5010;GASTOS GENERALES;GASTOS GENERALES;1
8026;37;5011;SERVICISO INFORMATICOS;SERVICIOS INFORMATICOS;1
8027;37;5012;CANON;CANON;1
8028;37;5013;SERVICIOS JURIDICOS;SERVICIOS JURIDICOS;1
8029;37;5030;BANCO NACION - INTERES POR DESCUBIERTO;BANCO NACION - INTERES POR DESCUBIERTO;1
8030;37;5009;INTERESES BANCARIOS;INTERESES BANCARIOS;1
8031;37;5031;BANCO NACION - GASTOS DE MANTENIMIENTO DE CUENTA;BANCO NACION - GASTOS DE MANTENIMIENTO DE CUENTA;1
8032;37;5032;BANCO NACION - INTERESES POR PRESTAMOS;BANCO NACION - INTERESES POR PRESTAMOS;1
8033;37;5033;BANCO SANTANDER - INTERES POR DESCUBIERTO;BANCO SANTANDER - INTERES POR DESCUBIERTO;1
8034;37;5036;BANCO GALICIA - INTERES POR DESCUBIERTO;BANCO GALICIA - INTERES POR DESCUBIERTO;1
8035;37;5039;BBVA FRANCES - INTERES POR DESCUBIERTO;BBVA FRANCES - INTERES POR DESCUBIERTO;1
8036;37;5042;BANCO CREDICOOP - INTERES POR DESCUBIERTO;BANCO CREDICOOP - INTERES POR DESCUBIERTO;1
8037;37;5045;BANCO HSBC - INTERES POR DESCUBIERTO;BANCO HSBC - INTERES POR DESCUBIERTO;1
8038;37;5048;BANCO PATAGONIA - INTERES POR DESCUBIERTO;BANCO PATAGONIA - INTERES POR DESCUBIERTO;1
8039;37;5034;BANCO SANTANDER - GASTOS DE MANTENIMIENTO DE CUENTA;BANCO SANTANDER - GASTOS DE MANTENIMIENTO DE CUENTA;1
8040;37;5037;BANCO GALICIA - GASTOS DE MANTENIMIENTO DE CUENTA;BANCO GALICIA - GASTOS DE MANTENIMIENTO DE CUENTA;1
8041;37;5043;BANCO CREDICOOP - GASTOS DE MANTENIMIENTO DE CUENTA;BANCO CREDICOOP - GASTOS DE MANTENIMIENTO DE CUENTA;1
8042;37;5046;BANCO HSBC - GASTOS DE MANTENIMIENTO DE CUENTA;BANCO HSBC - GASTOS DE MANTENIMIENTO DE CUENTA;1
8043;37;5049;BANCO PATAGONIA - GASTOS DE MANTENIMIENTO DE CUENTA;BANCO PATAGONIA - GASTOS DE MANTENIMIENTO DE CUENTA;1
8044;37;5035;BANCO SANTANDER - INTERESES POR PRESTAMOS;BANCO SANTANDER - INTERESES POR PRESTAMOS;1
8045;37;5038;BANCO GALICIA - INTERESES POR PRESTAMOS;BANCO GALICIA - INTERESES POR PRESTAMOS;1
8046;37;5041;BBVA FRANCES - INTERESES POR PRESTAMOS;BBVA FRANCES - INTERESES POR PRESTAMOS;1
8047;37;5044;BANCO CREDICOOP- INTERESES POR PRESTAMOS;BANCO CREDICOOP- INTERESES POR PRESTAMOS;1
8048;37;5047;BANCO HSBC - INTERESES POR PRESTAMOS;BANCO HSBC - INTERESES POR PRESTAMOS;1
8049;37;5050;BANCO PATAGONIA- INTERESES POR PRESTAMOS;BANCO PATAGONIA- INTERESES POR PRESTAMOS;1
8050;37;1050;RODADOS - BIENES DE USO;RODADOS - BIENES DE USO;1
8051;37;1051;MUEBLES Y UTILES - BIENES DE USO;MUEBLES Y UTILES - BIENES DE USO;1
8052;37;1052;MAQUINARIA - BIENES DE USO;MAQUINARIA - BIENES DE USO;1
8053;37;1053;INMUEBLES - BIENES DE USO;INMUEBLES - BIENES DE USO;1
8054;37;5020;RODADOS - GASTOS DE MANTENIMIENTO;RODADOS - GASTOS DE MANTENIMIENTO;1
8055;37;5021;MUEBLES Y UTILES - GASTOS DE MANTENIMIENTO;MUEBLES Y UTILES - GASTOS DE MANTENIMIENTO;1
8056;37;5022;MAQUINARIA - GASTOS DE MANTENIMIENTO;MAQUINARIA - GASTOS DE MANTENIMIENTO;1
8057;37;5023;INMUEBLES - GASTOS DE MANTENIMIENTO;INMUEBLES - GASTOS DE MANTENIMIENTO;1
8058;37;5024;COMPRA DE BIENES USADOS A CF;COMPRA DE BIENES USADOS A CF;1
8059;37;1059;INSTALACIONES - BIENES DE USO;INSTALACIONES - BIENES DE USO;1
8060;37;5025;INSTALACIONES - GASTOS DE MANTENIMIENTO;INSTALACIONES - GASTOS DE MANTENIMIENTO;1
8061;37;5004;SERVICIOS Y TASAS;SERVICIOS Y TASAS;1
8062;37;5051;BANCO HIPOTECARIO - COMISIONES CUENTA;BANCO HIPOTECARIO - COMISIONES CUENTA;1
8063;37;5040;BBVA FRANCES - COMISIONES BANCARIAS;BBVA FRANCES - COMISIONES BANCARIAS;1
8064;103;4000;VENTAS;VENTAS;1
8065;103;5000;COMPRAS;COMPRAS;1
8066;103;5001;COMISION TARJETAS DE CREDITO;COMISION TARJETAS DE CREDITO;1
8067;103;5002;COMBUSTIBLES Y LUBRICANTES;COMBUSTIBLES Y LUBRICANTES;1
8068;103;5003;FLETES Y CORREO;FLETES Y CORREO;1
8069;103;5005;LIBRERIA Y PAPELERIA;LIBRERIA Y PAPELERIA;1
8070;103;5006;HONORARIOS PROFESIONALES;HONORARIOS PROFESIONALES;1
8071;103;5007;ALQUILERES PAGADOS;ALQUILERES PAGADOS;1
8072;103;5008;SEGUROS PAGADOS;SEGUROS PAGADOS;1
8073;103;5010;GASTOS GENERALES;GASTOS GENERALES;1
8074;103;5011;SERVICISO INFORMATICOS;SERVICIOS INFORMATICOS;1
8075;103;5012;CANON;CANON;1
8076;103;5013;SERVICIOS JURIDICOS;SERVICIOS JURIDICOS;1
8077;103;5030;BANCO NACION - INTERES POR DESCUBIERTO;BANCO NACION - INTERES POR DESCUBIERTO;1
8078;103;5009;INTERESES BANCARIOS;INTERESES BANCARIOS;1
8079;103;5031;BANCO NACION - GASTOS DE MANTENIMIENTO DE CUENTA;BANCO NACION - GASTOS DE MANTENIMIENTO DE CUENTA;1
8080;103;5032;BANCO NACION - INTERESES POR PRESTAMOS;BANCO NACION - INTERESES POR PRESTAMOS;1
8081;103;5033;BANCO SANTANDER - INTERES POR DESCUBIERTO;BANCO SANTANDER - INTERES POR DESCUBIERTO;1
8082;103;5036;BANCO GALICIA - INTERES POR DESCUBIERTO;BANCO GALICIA - INTERES POR DESCUBIERTO;1
8083;103;5039;BBVA FRANCES - INTERES POR DESCUBIERTO;BBVA FRANCES - INTERES POR DESCUBIERTO;1
8084;103;5042;BANCO CREDICOOP - INTERES POR DESCUBIERTO;BANCO CREDICOOP - INTERES POR DESCUBIERTO;1
8085;103;5045;BANCO HSBC - INTERES POR DESCUBIERTO;BANCO HSBC - INTERES POR DESCUBIERTO;1
8086;103;5048;BANCO PATAGONIA - INTERES POR DESCUBIERTO;BANCO PATAGONIA - INTERES POR DESCUBIERTO;1
8087;103;5034;BANCO SANTANDER - GASTOS DE MANTENIMIENTO DE CUENTA;BANCO SANTANDER - GASTOS DE MANTENIMIENTO DE CUENTA;1
8088;103;5037;BANCO GALICIA - GASTOS DE MANTENIMIENTO DE CUENTA;BANCO GALICIA - GASTOS DE MANTENIMIENTO DE CUENTA;1
8089;103;5043;BANCO CREDICOOP - GASTOS DE MANTENIMIENTO DE CUENTA;BANCO CREDICOOP - GASTOS DE MANTENIMIENTO DE CUENTA;1
8090;103;5046;BANCO HSBC - GASTOS DE MANTENIMIENTO DE CUENTA;BANCO HSBC - GASTOS DE MANTENIMIENTO DE CUENTA;1
8091;103;5049;BANCO PATAGONIA - GASTOS DE MANTENIMIENTO DE CUENTA;BANCO PATAGONIA - GASTOS DE MANTENIMIENTO DE CUENTA;1
8092;103;5035;BANCO SANTANDER - INTERESES POR PRESTAMOS;BANCO SANTANDER - INTERESES POR PRESTAMOS;1
8093;103;5038;BANCO GALICIA - INTERESES POR PRESTAMOS;BANCO GALICIA - INTERESES POR PRESTAMOS;1
8094;103;5041;BBVA FRANCES - INTERESES POR PRESTAMOS;BBVA FRANCES - INTERESES POR PRESTAMOS;1
8095;103;5044;BANCO CREDICOOP- INTERESES POR PRESTAMOS;BANCO CREDICOOP- INTERESES POR PRESTAMOS;1
8096;103;5047;BANCO HSBC - INTERESES POR PRESTAMOS;BANCO HSBC - INTERESES POR PRESTAMOS;1
8097;103;5050;BANCO PATAGONIA- INTERESES POR PRESTAMOS;BANCO PATAGONIA- INTERESES POR PRESTAMOS;1
8098;103;1050;RODADOS - BIENES DE USO;RODADOS - BIENES DE USO;1
8099;103;1051;MUEBLES Y UTILES - BIENES DE USO;MUEBLES Y UTILES - BIENES DE USO;1
8100;103;1052;MAQUINARIA - BIENES DE USO;MAQUINARIA - BIENES DE USO;1
8101;103;1053;INMUEBLES - BIENES DE USO;INMUEBLES - BIENES DE USO;1
8102;103;5020;RODADOS - GASTOS DE MANTENIMIENTO;RODADOS - GASTOS DE MANTENIMIENTO;1
8103;103;5021;MUEBLES Y UTILES - GASTOS DE MANTENIMIENTO;MUEBLES Y UTILES - GASTOS DE MANTENIMIENTO;1
8104;103;5022;MAQUINARIA - GASTOS DE MANTENIMIENTO;MAQUINARIA - GASTOS DE MANTENIMIENTO;1
8105;103;5023;INMUEBLES - GASTOS DE MANTENIMIENTO;INMUEBLES - GASTOS DE MANTENIMIENTO;1
8106;103;5024;COMPRA DE BIENES USADOS A CF;COMPRA DE BIENES USADOS A CF;1
8107;103;1059;INSTALACIONES - BIENES DE USO;INSTALACIONES - BIENES DE USO;1
8108;103;5025;INSTALACIONES - GASTOS DE MANTENIMIENTO;INSTALACIONES - GASTOS DE MANTENIMIENTO;1
8109;103;5004;SERVICIOS Y TASAS;SERVICIOS Y TASAS;1
8110;103;5051;BANCO HIPOTECARIO - COMISIONES CUENTA;BANCO HIPOTECARIO - COMISIONES CUENTA;1
8111;103;5040;BBVA FRANCES - COMISIONES BANCARIAS;BBVA FRANCES - COMISIONES BANCARIAS;1
8112;8;4000;VENTAS;VENTAS;1
8113;8;5000;COMPRAS;COMPRAS;1
8114;8;5001;COMISION TARJETAS DE CREDITO;COMISION TARJETAS DE CREDITO;1
8115;8;5002;COMBUSTIBLES Y LUBRICANTES;COMBUSTIBLES Y LUBRICANTES;1
8116;8;5003;FLETES Y CORREO;FLETES Y CORREO;1
8117;8;5005;LIBRERIA Y PAPELERIA;LIBRERIA Y PAPELERIA;1
8118;8;5006;HONORARIOS PROFESIONALES;HONORARIOS PROFESIONALES;1
8119;8;5007;ALQUILERES PAGADOS;ALQUILERES PAGADOS;1
8120;8;5008;SEGUROS PAGADOS;SEGUROS PAGADOS;1
8121;8;5010;GASTOS GENERALES;GASTOS GENERALES;1
8122;8;5011;SERVICISO INFORMATICOS;SERVICIOS INFORMATICOS;1
8123;8;5012;CANON;CANON;1
8124;8;5013;SERVICIOS JURIDICOS;SERVICIOS JURIDICOS;1
8125;8;5030;BANCO NACION - INTERES POR DESCUBIERTO;BANCO NACION - INTERES POR DESCUBIERTO;1
8126;8;5009;INTERESES BANCARIOS;INTERESES BANCARIOS;1
8127;8;5031;BANCO NACION - GASTOS DE MANTENIMIENTO DE CUENTA;BANCO NACION - GASTOS DE MANTENIMIENTO DE CUENTA;1
8128;8;5032;BANCO NACION - INTERESES POR PRESTAMOS;BANCO NACION - INTERESES POR PRESTAMOS;1
8129;8;5033;BANCO SANTANDER - INTERES POR DESCUBIERTO;BANCO SANTANDER - INTERES POR DESCUBIERTO;1
8130;8;5036;BANCO GALICIA - INTERES POR DESCUBIERTO;BANCO GALICIA - INTERES POR DESCUBIERTO;1
8131;8;5039;BBVA FRANCES - INTERES POR DESCUBIERTO;BBVA FRANCES - INTERES POR DESCUBIERTO;1
8132;8;5042;BANCO CREDICOOP - INTERES POR DESCUBIERTO;BANCO CREDICOOP - INTERES POR DESCUBIERTO;1
8133;8;5045;BANCO HSBC - INTERES POR DESCUBIERTO;BANCO HSBC - INTERES POR DESCUBIERTO;1
8134;8;5048;BANCO PATAGONIA - INTERES POR DESCUBIERTO;BANCO PATAGONIA - INTERES POR DESCUBIERTO;1
8135;8;5034;BANCO SANTANDER - GASTOS DE MANTENIMIENTO DE CUENTA;BANCO SANTANDER - GASTOS DE MANTENIMIENTO DE CUENTA;1
8136;8;5037;BANCO GALICIA - GASTOS DE MANTENIMIENTO DE CUENTA;BANCO GALICIA - GASTOS DE MANTENIMIENTO DE CUENTA;1
8137;8;5043;BANCO CREDICOOP - GASTOS DE MANTENIMIENTO DE CUENTA;BANCO CREDICOOP - GASTOS DE MANTENIMIENTO DE CUENTA;1
8138;8;5046;BANCO HSBC - GASTOS DE MANTENIMIENTO DE CUENTA;BANCO HSBC - GASTOS DE MANTENIMIENTO DE CUENTA;1
8139;8;5049;BANCO PATAGONIA - GASTOS DE MANTENIMIENTO DE CUENTA;BANCO PATAGONIA - GASTOS DE MANTENIMIENTO DE CUENTA;1
8140;8;5035;BANCO SANTANDER - INTERESES POR PRESTAMOS;BANCO SANTANDER - INTERESES POR PRESTAMOS;1
8141;8;5038;BANCO GALICIA - INTERESES POR PRESTAMOS;BANCO GALICIA - INTERESES POR PRESTAMOS;1
8142;8;5041;BBVA FRANCES - INTERESES POR PRESTAMOS;BBVA FRANCES - INTERESES POR PRESTAMOS;1
8143;8;5044;BANCO CREDICOOP- INTERESES POR PRESTAMOS;BANCO CREDICOOP- INTERESES POR PRESTAMOS;1
8144;8;5047;BANCO HSBC - INTERESES POR PRESTAMOS;BANCO HSBC - INTERESES POR PRESTAMOS;1
8145;8;5050;BANCO PATAGONIA- INTERESES POR PRESTAMOS;BANCO PATAGONIA- INTERESES POR PRESTAMOS;1
8146;8;1050;RODADOS - BIENES DE USO;RODADOS - BIENES DE USO;1
8147;8;1051;MUEBLES Y UTILES - BIENES DE USO;MUEBLES Y UTILES - BIENES DE USO;1
8148;8;1052;MAQUINARIA - BIENES DE USO;MAQUINARIA - BIENES DE USO;1
8149;8;1053;INMUEBLES - BIENES DE USO;INMUEBLES - BIENES DE USO;1
8150;8;5020;RODADOS - GASTOS DE MANTENIMIENTO;RODADOS - GASTOS DE MANTENIMIENTO;1
8151;8;5021;MUEBLES Y UTILES - GASTOS DE MANTENIMIENTO;MUEBLES Y UTILES - GASTOS DE MANTENIMIENTO;1
8152;8;5022;MAQUINARIA - GASTOS DE MANTENIMIENTO;MAQUINARIA - GASTOS DE MANTENIMIENTO;1
8153;8;5023;INMUEBLES - GASTOS DE MANTENIMIENTO;INMUEBLES - GASTOS DE MANTENIMIENTO;1
8154;8;5024;COMPRA DE BIENES USADOS A CF;COMPRA DE BIENES USADOS A CF;1
8155;8;1059;INSTALACIONES - BIENES DE USO;INSTALACIONES - BIENES DE USO;1
8156;8;5025;INSTALACIONES - GASTOS DE MANTENIMIENTO;INSTALACIONES - GASTOS DE MANTENIMIENTO;1
8157;8;5004;SERVICIOS Y TASAS;SERVICIOS Y TASAS;1
8158;8;5051;BANCO HIPOTECARIO - COMISIONES CUENTA;BANCO HIPOTECARIO - COMISIONES CUENTA;1
8159;8;5040;BBVA FRANCES - COMISIONES BANCARIAS;BBVA FRANCES - COMISIONES BANCARIAS;1
8160;212;4000;VENTAS;VENTAS;1
8161;212;5000;COMPRAS;COMPRAS;1
8162;212;5001;COMISION TARJETAS DE CREDITO;COMISION TARJETAS DE CREDITO;1
8163;212;5002;COMBUSTIBLES Y LUBRICANTES;COMBUSTIBLES Y LUBRICANTES;1
8164;212;5003;FLETES Y CORREO;FLETES Y CORREO;1
8165;212;5005;LIBRERIA Y PAPELERIA;LIBRERIA Y PAPELERIA;1
8166;212;5006;HONORARIOS PROFESIONALES;HONORARIOS PROFESIONALES;1
8167;212;5007;ALQUILERES PAGADOS;ALQUILERES PAGADOS;1
8168;212;5008;SEGUROS PAGADOS;SEGUROS PAGADOS;1
8169;212;5010;GASTOS GENERALES;GASTOS GENERALES;1
8170;212;5011;SERVICISO INFORMATICOS;SERVICIOS INFORMATICOS;1
8171;212;5012;CANON;CANON;1
8172;212;5013;SERVICIOS JURIDICOS;SERVICIOS JURIDICOS;1
8173;212;5030;BANCO NACION - INTERES POR DESCUBIERTO;BANCO NACION - INTERES POR DESCUBIERTO;1
8174;212;5009;INTERESES BANCARIOS;INTERESES BANCARIOS;1
8175;212;5031;BANCO NACION - GASTOS DE MANTENIMIENTO DE CUENTA;BANCO NACION - GASTOS DE MANTENIMIENTO DE CUENTA;1
8176;212;5032;BANCO NACION - INTERESES POR PRESTAMOS;BANCO NACION - INTERESES POR PRESTAMOS;1
8177;212;5033;BANCO SANTANDER - INTERES POR DESCUBIERTO;BANCO SANTANDER - INTERES POR DESCUBIERTO;1
8178;212;5036;BANCO GALICIA - INTERES POR DESCUBIERTO;BANCO GALICIA - INTERES POR DESCUBIERTO;1
8179;212;5039;BBVA FRANCES - INTERES POR DESCUBIERTO;BBVA FRANCES - INTERES POR DESCUBIERTO;1
8180;212;5042;BANCO CREDICOOP - INTERES POR DESCUBIERTO;BANCO CREDICOOP - INTERES POR DESCUBIERTO;1
8181;212;5045;BANCO HSBC - INTERES POR DESCUBIERTO;BANCO HSBC - INTERES POR DESCUBIERTO;1
8182;212;5048;BANCO PATAGONIA - INTERES POR DESCUBIERTO;BANCO PATAGONIA - INTERES POR DESCUBIERTO;1
8183;212;5034;BANCO SANTANDER - GASTOS DE MANTENIMIENTO DE CUENTA;BANCO SANTANDER - GASTOS DE MANTENIMIENTO DE CUENTA;1
8184;212;5037;BANCO GALICIA - GASTOS DE MANTENIMIENTO DE CUENTA;BANCO GALICIA - GASTOS DE MANTENIMIENTO DE CUENTA;1
8185;212;5043;BANCO CREDICOOP - GASTOS DE MANTENIMIENTO DE CUENTA;BANCO CREDICOOP - GASTOS DE MANTENIMIENTO DE CUENTA;1
8186;212;5046;BANCO HSBC - GASTOS DE MANTENIMIENTO DE CUENTA;BANCO HSBC - GASTOS DE MANTENIMIENTO DE CUENTA;1
8187;212;5049;BANCO PATAGONIA - GASTOS DE MANTENIMIENTO DE CUENTA;BANCO PATAGONIA - GASTOS DE MANTENIMIENTO DE CUENTA;1
8188;212;5035;BANCO SANTANDER - INTERESES POR PRESTAMOS;BANCO SANTANDER - INTERESES POR PRESTAMOS;1
8189;212;5038;BANCO GALICIA - INTERESES POR PRESTAMOS;BANCO GALICIA - INTERESES POR PRESTAMOS;1
8190;212;5041;BBVA FRANCES - INTERESES POR PRESTAMOS;BBVA FRANCES - INTERESES POR PRESTAMOS;1
8191;212;5044;BANCO CREDICOOP- INTERESES POR PRESTAMOS;BANCO CREDICOOP- INTERESES POR PRESTAMOS;1
8192;212;5047;BANCO HSBC - INTERESES POR PRESTAMOS;BANCO HSBC - INTERESES POR PRESTAMOS;1
8193;212;5050;BANCO PATAGONIA- INTERESES POR PRESTAMOS;BANCO PATAGONIA- INTERESES POR PRESTAMOS;1
8194;212;1050;RODADOS - BIENES DE USO;RODADOS - BIENES DE USO;1
8195;212;1051;MUEBLES Y UTILES - BIENES DE USO;MUEBLES Y UTILES - BIENES DE USO;1
8196;212;1052;MAQUINARIA - BIENES DE USO;MAQUINARIA - BIENES DE USO;1
8197;212;1053;INMUEBLES - BIENES DE USO;INMUEBLES - BIENES DE USO;1
8198;212;5020;RODADOS - GASTOS DE MANTENIMIENTO;RODADOS - GASTOS DE MANTENIMIENTO;1
8199;212;5021;MUEBLES Y UTILES - GASTOS DE MANTENIMIENTO;MUEBLES Y UTILES - GASTOS DE MANTENIMIENTO;1
8200;212;5022;MAQUINARIA - GASTOS DE MANTENIMIENTO;MAQUINARIA - GASTOS DE MANTENIMIENTO;1
8201;212;5023;INMUEBLES - GASTOS DE MANTENIMIENTO;INMUEBLES - GASTOS DE MANTENIMIENTO;1
8202;212;5024;COMPRA DE BIENES USADOS A CF;COMPRA DE BIENES USADOS A CF;1
8203;212;1059;INSTALACIONES - BIENES DE USO;INSTALACIONES - BIENES DE USO;1
8204;212;5025;INSTALACIONES - GASTOS DE MANTENIMIENTO;INSTALACIONES - GASTOS DE MANTENIMIENTO;1
8205;212;5004;SERVICIOS Y TASAS;SERVICIOS Y TASAS;1
8206;212;5051;BANCO HIPOTECARIO - COMISIONES CUENTA;BANCO HIPOTECARIO - COMISIONES CUENTA;1
8207;212;5040;BBVA FRANCES - COMISIONES BANCARIAS;BBVA FRANCES - COMISIONES BANCARIAS;1
8208;61;4000;VENTAS;VENTAS;1
8209;61;5000;COMPRAS;COMPRAS;1
8210;61;5001;COMISION TARJETAS DE CREDITO;COMISION TARJETAS DE CREDITO;1
8211;61;5002;COMBUSTIBLES Y LUBRICANTES;COMBUSTIBLES Y LUBRICANTES;1
8212;61;5003;FLETES Y CORREO;FLETES Y CORREO;1
8213;61;5005;LIBRERIA Y PAPELERIA;LIBRERIA Y PAPELERIA;1
8214;61;5006;HONORARIOS PROFESIONALES;HONORARIOS PROFESIONALES;1
8215;61;5007;ALQUILERES PAGADOS;ALQUILERES PAGADOS;1
8216;61;5008;SEGUROS PAGADOS;SEGUROS PAGADOS;1
8217;61;5010;GASTOS GENERALES;GASTOS GENERALES;1
8218;61;5011;SERVICISO INFORMATICOS;SERVICIOS INFORMATICOS;1
8219;61;5012;CANON;CANON;1
8220;61;5013;SERVICIOS JURIDICOS;SERVICIOS JURIDICOS;1
8221;61;5030;BANCO NACION - INTERES POR DESCUBIERTO;BANCO NACION - INTERES POR DESCUBIERTO;1
8222;61;5009;INTERESES BANCARIOS;INTERESES BANCARIOS;1
8223;61;5031;BANCO NACION - GASTOS DE MANTENIMIENTO DE CUENTA;BANCO NACION - GASTOS DE MANTENIMIENTO DE CUENTA;1
8224;61;5032;BANCO NACION - INTERESES POR PRESTAMOS;BANCO NACION - INTERESES POR PRESTAMOS;1
8225;61;5033;BANCO SANTANDER - INTERES POR DESCUBIERTO;BANCO SANTANDER - INTERES POR DESCUBIERTO;1
8226;61;5036;BANCO GALICIA - INTERES POR DESCUBIERTO;BANCO GALICIA - INTERES POR DESCUBIERTO;1
8227;61;5039;BBVA FRANCES - INTERES POR DESCUBIERTO;BBVA FRANCES - INTERES POR DESCUBIERTO;1
8228;61;5042;BANCO CREDICOOP - INTERES POR DESCUBIERTO;BANCO CREDICOOP - INTERES POR DESCUBIERTO;1
8229;61;5045;BANCO HSBC - INTERES POR DESCUBIERTO;BANCO HSBC - INTERES POR DESCUBIERTO;1
8230;61;5048;BANCO PATAGONIA - INTERES POR DESCUBIERTO;BANCO PATAGONIA - INTERES POR DESCUBIERTO;1
8231;61;5034;BANCO SANTANDER - GASTOS DE MANTENIMIENTO DE CUENTA;BANCO SANTANDER - GASTOS DE MANTENIMIENTO DE CUENTA;1
8232;61;5037;BANCO GALICIA - GASTOS DE MANTENIMIENTO DE CUENTA;BANCO GALICIA - GASTOS DE MANTENIMIENTO DE CUENTA;1
8233;61;5043;BANCO CREDICOOP - GASTOS DE MANTENIMIENTO DE CUENTA;BANCO CREDICOOP - GASTOS DE MANTENIMIENTO DE CUENTA;1
8234;61;5046;BANCO HSBC - GASTOS DE MANTENIMIENTO DE CUENTA;BANCO HSBC - GASTOS DE MANTENIMIENTO DE CUENTA;1
8235;61;5049;BANCO PATAGONIA - GASTOS DE MANTENIMIENTO DE CUENTA;BANCO PATAGONIA - GASTOS DE MANTENIMIENTO DE CUENTA;1
8236;61;5035;BANCO SANTANDER - INTERESES POR PRESTAMOS;BANCO SANTANDER - INTERESES POR PRESTAMOS;1
8237;61;5038;BANCO GALICIA - INTERESES POR PRESTAMOS;BANCO GALICIA - INTERESES POR PRESTAMOS;1
8238;61;5041;BBVA FRANCES - INTERESES POR PRESTAMOS;BBVA FRANCES - INTERESES POR PRESTAMOS;1
8239;61;5044;BANCO CREDICOOP- INTERESES POR PRESTAMOS;BANCO CREDICOOP- INTERESES POR PRESTAMOS;1
8240;61;5047;BANCO HSBC - INTERESES POR PRESTAMOS;BANCO HSBC - INTERESES POR PRESTAMOS;1
8241;61;5050;BANCO PATAGONIA- INTERESES POR PRESTAMOS;BANCO PATAGONIA- INTERESES POR PRESTAMOS;1
8242;61;1050;RODADOS - BIENES DE USO;RODADOS - BIENES DE USO;1
8243;61;1051;MUEBLES Y UTILES - BIENES DE USO;MUEBLES Y UTILES - BIENES DE USO;1
8244;61;1052;MAQUINARIA - BIENES DE USO;MAQUINARIA - BIENES DE USO;1
8245;61;1053;INMUEBLES - BIENES DE USO;INMUEBLES - BIENES DE USO;1
8246;61;5020;RODADOS - GASTOS DE MANTENIMIENTO;RODADOS - GASTOS DE MANTENIMIENTO;1
8247;61;5021;MUEBLES Y UTILES - GASTOS DE MANTENIMIENTO;MUEBLES Y UTILES - GASTOS DE MANTENIMIENTO;1
8248;61;5022;MAQUINARIA - GASTOS DE MANTENIMIENTO;MAQUINARIA - GASTOS DE MANTENIMIENTO;1
8249;61;5023;INMUEBLES - GASTOS DE MANTENIMIENTO;INMUEBLES - GASTOS DE MANTENIMIENTO;1
8250;61;5024;COMPRA DE BIENES USADOS A CF;COMPRA DE BIENES USADOS A CF;1
8251;61;1059;INSTALACIONES - BIENES DE USO;INSTALACIONES - BIENES DE USO;1
8252;61;5025;INSTALACIONES - GASTOS DE MANTENIMIENTO;INSTALACIONES - GASTOS DE MANTENIMIENTO;1
8253;61;5004;SERVICIOS Y TASAS;SERVICIOS Y TASAS;1
8254;61;5051;BANCO HIPOTECARIO - COMISIONES CUENTA;BANCO HIPOTECARIO - COMISIONES CUENTA;1
8255;61;5040;BBVA FRANCES - COMISIONES BANCARIAS;BBVA FRANCES - COMISIONES BANCARIAS;1
8256;77;4001;VENTA BIENES DE USO USADOS.;VENTA BIENES DE USO USADOS;1
8257;40;4000;VENTAS;VENTAS;1
8258;40;5000;COMPRAS;COMPRAS;1
8259;40;5001;COMISION TARJETAS DE CREDITO;COMISION TARJETAS DE CREDITO;1
8260;40;5002;COMBUSTIBLES Y LUBRICANTES;COMBUSTIBLES Y LUBRICANTES;1
8261;40;5003;FLETES Y CORREO;FLETES Y CORREO;1
8262;40;5005;LIBRERIA Y PAPELERIA;LIBRERIA Y PAPELERIA;1
8263;40;5006;HONORARIOS PROFESIONALES;HONORARIOS PROFESIONALES;1
8264;40;5007;ALQUILERES PAGADOS;ALQUILERES PAGADOS;1
8265;40;5008;SEGUROS PAGADOS;SEGUROS PAGADOS;1
8266;40;5010;GASTOS GENERALES;GASTOS GENERALES;1
8267;40;5011;SERVICISO INFORMATICOS;SERVICIOS INFORMATICOS;1
8268;40;5012;CANON;CANON;1
8269;40;5013;SERVICIOS JURIDICOS;SERVICIOS JURIDICOS;1
8270;40;5030;BANCO NACION - INTERES POR DESCUBIERTO;BANCO NACION - INTERES POR DESCUBIERTO;1
8271;40;5009;INTERESES BANCARIOS;INTERESES BANCARIOS;1
8272;40;5031;BANCO NACION - GASTOS DE MANTENIMIENTO DE CUENTA;BANCO NACION - GASTOS DE MANTENIMIENTO DE CUENTA;1
8273;40;5032;BANCO NACION - INTERESES POR PRESTAMOS;BANCO NACION - INTERESES POR PRESTAMOS;1
8274;40;5033;BANCO SANTANDER - INTERES POR DESCUBIERTO;BANCO SANTANDER - INTERES POR DESCUBIERTO;1
8275;40;5036;BANCO GALICIA - INTERES POR DESCUBIERTO;BANCO GALICIA - INTERES POR DESCUBIERTO;1
8276;40;5039;BBVA FRANCES - INTERES POR DESCUBIERTO;BBVA FRANCES - INTERES POR DESCUBIERTO;1
8277;40;5042;BANCO CREDICOOP - INTERES POR DESCUBIERTO;BANCO CREDICOOP - INTERES POR DESCUBIERTO;1
8278;40;5045;BANCO HSBC - INTERES POR DESCUBIERTO;BANCO HSBC - INTERES POR DESCUBIERTO;1
8279;40;5048;BANCO PATAGONIA - INTERES POR DESCUBIERTO;BANCO PATAGONIA - INTERES POR DESCUBIERTO;1
8280;40;5034;BANCO SANTANDER - GASTOS DE MANTENIMIENTO DE CUENTA;BANCO SANTANDER - GASTOS DE MANTENIMIENTO DE CUENTA;1
8281;40;5037;BANCO GALICIA - GASTOS DE MANTENIMIENTO DE CUENTA;BANCO GALICIA - GASTOS DE MANTENIMIENTO DE CUENTA;1
8282;40;5043;BANCO CREDICOOP - GASTOS DE MANTENIMIENTO DE CUENTA;BANCO CREDICOOP - GASTOS DE MANTENIMIENTO DE CUENTA;1
8283;40;5046;BANCO HSBC - GASTOS DE MANTENIMIENTO DE CUENTA;BANCO HSBC - GASTOS DE MANTENIMIENTO DE CUENTA;1
8284;40;5049;BANCO PATAGONIA - GASTOS DE MANTENIMIENTO DE CUENTA;BANCO PATAGONIA - GASTOS DE MANTENIMIENTO DE CUENTA;1
8285;40;5035;BANCO SANTANDER - INTERESES POR PRESTAMOS;BANCO SANTANDER - INTERESES POR PRESTAMOS;1
8286;40;5038;BANCO GALICIA - INTERESES POR PRESTAMOS;BANCO GALICIA - INTERESES POR PRESTAMOS;1
8287;40;5041;BBVA FRANCES - INTERESES POR PRESTAMOS;BBVA FRANCES - INTERESES POR PRESTAMOS;1
8288;40;5044;BANCO CREDICOOP- INTERESES POR PRESTAMOS;BANCO CREDICOOP- INTERESES POR PRESTAMOS;1
8289;40;5047;BANCO HSBC - INTERESES POR PRESTAMOS;BANCO HSBC - INTERESES POR PRESTAMOS;1
8290;40;5050;BANCO PATAGONIA- INTERESES POR PRESTAMOS;BANCO PATAGONIA- INTERESES POR PRESTAMOS;1
8291;40;1050;RODADOS - BIENES DE USO;RODADOS - BIENES DE USO;1
8292;40;1051;MUEBLES Y UTILES - BIENES DE USO;MUEBLES Y UTILES - BIENES DE USO;1
8293;40;1052;MAQUINARIA - BIENES DE USO;MAQUINARIA - BIENES DE USO;1
8294;40;1053;INMUEBLES - BIENES DE USO;INMUEBLES - BIENES DE USO;1
8295;40;5020;RODADOS - GASTOS DE MANTENIMIENTO;RODADOS - GASTOS DE MANTENIMIENTO;1
8296;40;5021;MUEBLES Y UTILES - GASTOS DE MANTENIMIENTO;MUEBLES Y UTILES - GASTOS DE MANTENIMIENTO;1
8297;40;5022;MAQUINARIA - GASTOS DE MANTENIMIENTO;MAQUINARIA - GASTOS DE MANTENIMIENTO;1
8298;40;5023;INMUEBLES - GASTOS DE MANTENIMIENTO;INMUEBLES - GASTOS DE MANTENIMIENTO;1
8299;40;5024;COMPRA DE BIENES USADOS A CF;COMPRA DE BIENES USADOS A CF;1
8300;40;1059;INSTALACIONES - BIENES DE USO;INSTALACIONES - BIENES DE USO;1
8301;40;5025;INSTALACIONES - GASTOS DE MANTENIMIENTO;INSTALACIONES - GASTOS DE MANTENIMIENTO;1
8302;40;5004;SERVICIOS Y TASAS;SERVICIOS Y TASAS;1
8303;40;5051;BANCO HIPOTECARIO - COMISIONES CUENTA;BANCO HIPOTECARIO - COMISIONES CUENTA;1
8304;40;5040;BBVA FRANCES - COMISIONES BANCARIAS;BBVA FRANCES - COMISIONES BANCARIAS;1
8305;105;4000;VENTAS;VENTAS;1
8306;105;5000;COMPRAS;COMPRAS;1
8307;105;5001;COMISION TARJETAS DE CREDITO;COMISION TARJETAS DE CREDITO;1
8308;105;5002;COMBUSTIBLES Y LUBRICANTES;COMBUSTIBLES Y LUBRICANTES;1
8309;105;5003;FLETES Y CORREO;FLETES Y CORREO;1
8310;105;5005;LIBRERIA Y PAPELERIA;LIBRERIA Y PAPELERIA;1
8311;105;5006;HONORARIOS PROFESIONALES;HONORARIOS PROFESIONALES;1
8312;105;5007;ALQUILERES PAGADOS;ALQUILERES PAGADOS;1
8313;105;5008;SEGUROS PAGADOS;SEGUROS PAGADOS;1
8314;105;5010;GASTOS GENERALES;GASTOS GENERALES;1
8315;105;5011;SERVICISO INFORMATICOS;SERVICIOS INFORMATICOS;1
8316;105;5012;CANON;CANON;1
8317;105;5013;SERVICIOS JURIDICOS;SERVICIOS JURIDICOS;1
8318;105;5030;BANCO NACION - INTERES POR DESCUBIERTO;BANCO NACION - INTERES POR DESCUBIERTO;1
8319;105;5009;INTERESES BANCARIOS;INTERESES BANCARIOS;1
8320;105;5031;BANCO NACION - GASTOS DE MANTENIMIENTO DE CUENTA;BANCO NACION - GASTOS DE MANTENIMIENTO DE CUENTA;1
8321;105;5032;BANCO NACION - INTERESES POR PRESTAMOS;BANCO NACION - INTERESES POR PRESTAMOS;1
8322;105;5033;BANCO SANTANDER - INTERES POR DESCUBIERTO;BANCO SANTANDER - INTERES POR DESCUBIERTO;1
8323;105;5036;BANCO GALICIA - INTERES POR DESCUBIERTO;BANCO GALICIA - INTERES POR DESCUBIERTO;1
8324;105;5039;BBVA FRANCES - INTERES POR DESCUBIERTO;BBVA FRANCES - INTERES POR DESCUBIERTO;1
8325;105;5042;BANCO CREDICOOP - INTERES POR DESCUBIERTO;BANCO CREDICOOP - INTERES POR DESCUBIERTO;1
8326;105;5045;BANCO HSBC - INTERES POR DESCUBIERTO;BANCO HSBC - INTERES POR DESCUBIERTO;1
8327;105;5048;BANCO PATAGONIA - INTERES POR DESCUBIERTO;BANCO PATAGONIA - INTERES POR DESCUBIERTO;1
8328;105;5034;BANCO SANTANDER - GASTOS DE MANTENIMIENTO DE CUENTA;BANCO SANTANDER - GASTOS DE MANTENIMIENTO DE CUENTA;1
8329;105;5037;BANCO GALICIA - GASTOS DE MANTENIMIENTO DE CUENTA;BANCO GALICIA - GASTOS DE MANTENIMIENTO DE CUENTA;1
8330;105;5043;BANCO CREDICOOP - GASTOS DE MANTENIMIENTO DE CUENTA;BANCO CREDICOOP - GASTOS DE MANTENIMIENTO DE CUENTA;1
8331;105;5046;BANCO HSBC - GASTOS DE MANTENIMIENTO DE CUENTA;BANCO HSBC - GASTOS DE MANTENIMIENTO DE CUENTA;1
8332;105;5049;BANCO PATAGONIA - GASTOS DE MANTENIMIENTO DE CUENTA;BANCO PATAGONIA - GASTOS DE MANTENIMIENTO DE CUENTA;1
8333;105;5035;BANCO SANTANDER - INTERESES POR PRESTAMOS;BANCO SANTANDER - INTERESES POR PRESTAMOS;1
8334;105;5038;BANCO GALICIA - INTERESES POR PRESTAMOS;BANCO GALICIA - INTERESES POR PRESTAMOS;1
8335;105;5041;BBVA FRANCES - INTERESES POR PRESTAMOS;BBVA FRANCES - INTERESES POR PRESTAMOS;1
8336;105;5044;BANCO CREDICOOP- INTERESES POR PRESTAMOS;BANCO CREDICOOP- INTERESES POR PRESTAMOS;1
8337;105;5047;BANCO HSBC - INTERESES POR PRESTAMOS;BANCO HSBC - INTERESES POR PRESTAMOS;1
8338;105;5050;BANCO PATAGONIA- INTERESES POR PRESTAMOS;BANCO PATAGONIA- INTERESES POR PRESTAMOS;1
8339;105;1050;RODADOS - BIENES DE USO;RODADOS - BIENES DE USO;1
8340;105;1051;MUEBLES Y UTILES - BIENES DE USO;MUEBLES Y UTILES - BIENES DE USO;1
8341;105;1052;MAQUINARIA - BIENES DE USO;MAQUINARIA - BIENES DE USO;1
8342;105;1053;INMUEBLES - BIENES DE USO;INMUEBLES - BIENES DE USO;1
8343;105;5020;RODADOS - GASTOS DE MANTENIMIENTO;RODADOS - GASTOS DE MANTENIMIENTO;1
8344;105;5021;MUEBLES Y UTILES - GASTOS DE MANTENIMIENTO;MUEBLES Y UTILES - GASTOS DE MANTENIMIENTO;1
8345;105;5022;MAQUINARIA - GASTOS DE MANTENIMIENTO;MAQUINARIA - GASTOS DE MANTENIMIENTO;1
8346;105;5023;INMUEBLES - GASTOS DE MANTENIMIENTO;INMUEBLES - GASTOS DE MANTENIMIENTO;1
8347;105;5024;COMPRA DE BIENES USADOS A CF;COMPRA DE BIENES USADOS A CF;1
8348;105;1059;INSTALACIONES - BIENES DE USO;INSTALACIONES - BIENES DE USO;1
8349;105;5025;INSTALACIONES - GASTOS DE MANTENIMIENTO;INSTALACIONES - GASTOS DE MANTENIMIENTO;1
8350;105;5004;SERVICIOS Y TASAS;SERVICIOS Y TASAS;1
8351;105;5051;BANCO HIPOTECARIO - COMISIONES CUENTA;BANCO HIPOTECARIO - COMISIONES CUENTA;1
8352;105;5040;BBVA FRANCES - COMISIONES BANCARIAS;BBVA FRANCES - COMISIONES BANCARIAS;1
8353;80;4000;VENTAS;VENTAS;1
8354;80;5000;COMPRAS;COMPRAS;1
8355;80;5001;COMISION TARJETAS DE CREDITO;COMISION TARJETAS DE CREDITO;1
8356;80;5002;COMBUSTIBLES Y LUBRICANTES;COMBUSTIBLES Y LUBRICANTES;1
8357;80;5003;FLETES Y CORREO;FLETES Y CORREO;1
8358;80;5005;LIBRERIA Y PAPELERIA;LIBRERIA Y PAPELERIA;1
8359;80;5006;HONORARIOS PROFESIONALES;HONORARIOS PROFESIONALES;1
8360;80;5007;ALQUILERES PAGADOS;ALQUILERES PAGADOS;1
8361;80;5008;SEGUROS PAGADOS;SEGUROS PAGADOS;1
8362;80;5010;GASTOS GENERALES;GASTOS GENERALES;1
8363;80;5011;SERVICISO INFORMATICOS;SERVICIOS INFORMATICOS;1
8364;80;5012;CANON;CANON;1
8365;80;5013;SERVICIOS JURIDICOS;SERVICIOS JURIDICOS;1
8366;80;5030;BANCO NACION - INTERES POR DESCUBIERTO;BANCO NACION - INTERES POR DESCUBIERTO;1
8367;80;5009;INTERESES BANCARIOS;INTERESES BANCARIOS;1
8368;80;5031;BANCO NACION - GASTOS DE MANTENIMIENTO DE CUENTA;BANCO NACION - GASTOS DE MANTENIMIENTO DE CUENTA;1
8369;80;5032;BANCO NACION - INTERESES POR PRESTAMOS;BANCO NACION - INTERESES POR PRESTAMOS;1
8370;80;5033;BANCO SANTANDER - INTERES POR DESCUBIERTO;BANCO SANTANDER - INTERES POR DESCUBIERTO;1
8371;80;5036;BANCO GALICIA - INTERES POR DESCUBIERTO;BANCO GALICIA - INTERES POR DESCUBIERTO;1
8372;80;5039;BBVA FRANCES - INTERES POR DESCUBIERTO;BBVA FRANCES - INTERES POR DESCUBIERTO;1
8373;80;5042;BANCO CREDICOOP - INTERES POR DESCUBIERTO;BANCO CREDICOOP - INTERES POR DESCUBIERTO;1
8374;80;5045;BANCO HSBC - INTERES POR DESCUBIERTO;BANCO HSBC - INTERES POR DESCUBIERTO;1
8375;80;5048;BANCO PATAGONIA - INTERES POR DESCUBIERTO;BANCO PATAGONIA - INTERES POR DESCUBIERTO;1
8376;80;5034;BANCO SANTANDER - GASTOS DE MANTENIMIENTO DE CUENTA;BANCO SANTANDER - GASTOS DE MANTENIMIENTO DE CUENTA;1
8377;80;5037;BANCO GALICIA - GASTOS DE MANTENIMIENTO DE CUENTA;BANCO GALICIA - GASTOS DE MANTENIMIENTO DE CUENTA;1
8378;80;5043;BANCO CREDICOOP - GASTOS DE MANTENIMIENTO DE CUENTA;BANCO CREDICOOP - GASTOS DE MANTENIMIENTO DE CUENTA;1
8379;80;5046;BANCO HSBC - GASTOS DE MANTENIMIENTO DE CUENTA;BANCO HSBC - GASTOS DE MANTENIMIENTO DE CUENTA;1
8380;80;5049;BANCO PATAGONIA - GASTOS DE MANTENIMIENTO DE CUENTA;BANCO PATAGONIA - GASTOS DE MANTENIMIENTO DE CUENTA;1
8381;80;5035;BANCO SANTANDER - INTERESES POR PRESTAMOS;BANCO SANTANDER - INTERESES POR PRESTAMOS;1
8382;80;5038;BANCO GALICIA - INTERESES POR PRESTAMOS;BANCO GALICIA - INTERESES POR PRESTAMOS;1
8383;80;5041;BBVA FRANCES - INTERESES POR PRESTAMOS;BBVA FRANCES - INTERESES POR PRESTAMOS;1
8384;80;5044;BANCO CREDICOOP- INTERESES POR PRESTAMOS;BANCO CREDICOOP- INTERESES POR PRESTAMOS;1
8385;80;5047;BANCO HSBC - INTERESES POR PRESTAMOS;BANCO HSBC - INTERESES POR PRESTAMOS;1
8386;80;5050;BANCO PATAGONIA- INTERESES POR PRESTAMOS;BANCO PATAGONIA- INTERESES POR PRESTAMOS;1
8387;80;1050;RODADOS - BIENES DE USO;RODADOS - BIENES DE USO;1
8388;80;1051;MUEBLES Y UTILES - BIENES DE USO;MUEBLES Y UTILES - BIENES DE USO;1
8389;80;1052;MAQUINARIA - BIENES DE USO;MAQUINARIA - BIENES DE USO;1
8390;80;1053;INMUEBLES - BIENES DE USO;INMUEBLES - BIENES DE USO;1
8391;80;5020;RODADOS - GASTOS DE MANTENIMIENTO;RODADOS - GASTOS DE MANTENIMIENTO;1
8392;80;5021;MUEBLES Y UTILES - GASTOS DE MANTENIMIENTO;MUEBLES Y UTILES - GASTOS DE MANTENIMIENTO;1
8393;80;5022;MAQUINARIA - GASTOS DE MANTENIMIENTO;MAQUINARIA - GASTOS DE MANTENIMIENTO;1
8394;80;5023;INMUEBLES - GASTOS DE MANTENIMIENTO;INMUEBLES - GASTOS DE MANTENIMIENTO;1
8395;80;5024;COMPRA DE BIENES USADOS A CF;COMPRA DE BIENES USADOS A CF;1
8396;80;1059;INSTALACIONES - BIENES DE USO;INSTALACIONES - BIENES DE USO;1
8397;80;5025;INSTALACIONES - GASTOS DE MANTENIMIENTO;INSTALACIONES - GASTOS DE MANTENIMIENTO;1
8398;80;5004;SERVICIOS Y TASAS;SERVICIOS Y TASAS;1
8399;80;5051;BANCO HIPOTECARIO - COMISIONES CUENTA;BANCO HIPOTECARIO - COMISIONES CUENTA;1
8400;80;5040;BBVA FRANCES - COMISIONES BANCARIAS;BBVA FRANCES - COMISIONES BANCARIAS;1
8401;65;4000;VENTAS;VENTAS;1
8402;65;5000;COMPRAS;COMPRAS;1
8403;65;5001;COMISION TARJETAS DE CREDITO;COMISION TARJETAS DE CREDITO;1
8404;65;5002;COMBUSTIBLES Y LUBRICANTES;COMBUSTIBLES Y LUBRICANTES;1
8405;65;5003;FLETES Y CORREO;FLETES Y CORREO;1
8406;65;5005;LIBRERIA Y PAPELERIA;LIBRERIA Y PAPELERIA;1
8407;65;5006;HONORARIOS PROFESIONALES;HONORARIOS PROFESIONALES;1
8408;65;5007;ALQUILERES PAGADOS;ALQUILERES PAGADOS;1
8409;65;5008;SEGUROS PAGADOS;SEGUROS PAGADOS;1
8410;65;5010;GASTOS GENERALES;GASTOS GENERALES;1
8411;65;5011;SERVICISO INFORMATICOS;SERVICIOS INFORMATICOS;1
8412;65;5012;CANON;CANON;1
8413;65;5013;SERVICIOS JURIDICOS;SERVICIOS JURIDICOS;1
8414;65;5030;BANCO NACION - INTERES POR DESCUBIERTO;BANCO NACION - INTERES POR DESCUBIERTO;1
8415;65;5009;INTERESES BANCARIOS;INTERESES BANCARIOS;1
8416;65;5031;BANCO NACION - GASTOS DE MANTENIMIENTO DE CUENTA;BANCO NACION - GASTOS DE MANTENIMIENTO DE CUENTA;1
8417;65;5032;BANCO NACION - INTERESES POR PRESTAMOS;BANCO NACION - INTERESES POR PRESTAMOS;1
8418;65;5033;BANCO SANTANDER - INTERES POR DESCUBIERTO;BANCO SANTANDER - INTERES POR DESCUBIERTO;1
8419;65;5036;BANCO GALICIA - INTERES POR DESCUBIERTO;BANCO GALICIA - INTERES POR DESCUBIERTO;1
8420;65;5039;BBVA FRANCES - INTERES POR DESCUBIERTO;BBVA FRANCES - INTERES POR DESCUBIERTO;1
8421;65;5042;BANCO CREDICOOP - INTERES POR DESCUBIERTO;BANCO CREDICOOP - INTERES POR DESCUBIERTO;1
8422;65;5045;BANCO HSBC - INTERES POR DESCUBIERTO;BANCO HSBC - INTERES POR DESCUBIERTO;1
8423;65;5048;BANCO PATAGONIA - INTERES POR DESCUBIERTO;BANCO PATAGONIA - INTERES POR DESCUBIERTO;1
8424;65;5034;BANCO SANTANDER - GASTOS DE MANTENIMIENTO DE CUENTA;BANCO SANTANDER - GASTOS DE MANTENIMIENTO DE CUENTA;1
8425;65;5037;BANCO GALICIA - GASTOS DE MANTENIMIENTO DE CUENTA;BANCO GALICIA - GASTOS DE MANTENIMIENTO DE CUENTA;1
8426;65;5043;BANCO CREDICOOP - GASTOS DE MANTENIMIENTO DE CUENTA;BANCO CREDICOOP - GASTOS DE MANTENIMIENTO DE CUENTA;1
8427;65;5046;BANCO HSBC - GASTOS DE MANTENIMIENTO DE CUENTA;BANCO HSBC - GASTOS DE MANTENIMIENTO DE CUENTA;1
8428;65;5049;BANCO PATAGONIA - GASTOS DE MANTENIMIENTO DE CUENTA;BANCO PATAGONIA - GASTOS DE MANTENIMIENTO DE CUENTA;1
8429;65;5035;BANCO SANTANDER - INTERESES POR PRESTAMOS;BANCO SANTANDER - INTERESES POR PRESTAMOS;1
8430;65;5038;BANCO GALICIA - INTERESES POR PRESTAMOS;BANCO GALICIA - INTERESES POR PRESTAMOS;1
8431;65;5041;BBVA FRANCES - INTERESES POR PRESTAMOS;BBVA FRANCES - INTERESES POR PRESTAMOS;1
8432;65;5044;BANCO CREDICOOP- INTERESES POR PRESTAMOS;BANCO CREDICOOP- INTERESES POR PRESTAMOS;1
8433;65;5047;BANCO HSBC - INTERESES POR PRESTAMOS;BANCO HSBC - INTERESES POR PRESTAMOS;1
8434;65;5050;BANCO PATAGONIA- INTERESES POR PRESTAMOS;BANCO PATAGONIA- INTERESES POR PRESTAMOS;1
8435;65;1050;RODADOS - BIENES DE USO;RODADOS - BIENES DE USO;1
8436;65;1051;MUEBLES Y UTILES - BIENES DE USO;MUEBLES Y UTILES - BIENES DE USO;1
8437;65;1052;MAQUINARIA - BIENES DE USO;MAQUINARIA - BIENES DE USO;1
8438;65;1053;INMUEBLES - BIENES DE USO;INMUEBLES - BIENES DE USO;1
8439;65;5020;RODADOS - GASTOS DE MANTENIMIENTO;RODADOS - GASTOS DE MANTENIMIENTO;1
8440;65;5021;MUEBLES Y UTILES - GASTOS DE MANTENIMIENTO;MUEBLES Y UTILES - GASTOS DE MANTENIMIENTO;1
8441;65;5022;MAQUINARIA - GASTOS DE MANTENIMIENTO;MAQUINARIA - GASTOS DE MANTENIMIENTO;1
8442;65;5023;INMUEBLES - GASTOS DE MANTENIMIENTO;INMUEBLES - GASTOS DE MANTENIMIENTO;1
8443;65;5024;COMPRA DE BIENES USADOS A CF;COMPRA DE BIENES USADOS A CF;1
8444;65;1059;INSTALACIONES - BIENES DE USO;INSTALACIONES - BIENES DE USO;1
8445;65;5025;INSTALACIONES - GASTOS DE MANTENIMIENTO;INSTALACIONES - GASTOS DE MANTENIMIENTO;1
8446;65;5004;SERVICIOS Y TASAS;SERVICIOS Y TASAS;1
8447;65;5051;BANCO HIPOTECARIO - COMISIONES CUENTA;BANCO HIPOTECARIO - COMISIONES CUENTA;1
8448;65;5040;BBVA FRANCES - COMISIONES BANCARIAS;BBVA FRANCES - COMISIONES BANCARIAS;1
8449;145;5020;RODADOS - GASTOS DE MANTENIMIENTO;RODADOS - GASTOS DE MANTENIMIENTO;1
8450;213;4000;VENTAS;VENTAS;1
8451;213;5000;COMPRAS;COMPRAS;1
8452;213;5001;COMISION TARJETAS DE CREDITO;COMISION TARJETAS DE CREDITO;1
8453;213;5002;COMBUSTIBLES Y LUBRICANTES;COMBUSTIBLES Y LUBRICANTES;1
8454;213;5003;FLETES Y CORREO;FLETES Y CORREO;1
8455;213;5005;LIBRERIA Y PAPELERIA;LIBRERIA Y PAPELERIA;1
8456;213;5006;HONORARIOS PROFESIONALES;HONORARIOS PROFESIONALES;1
8457;213;5007;ALQUILERES PAGADOS;ALQUILERES PAGADOS;1
8458;213;5008;SEGUROS PAGADOS;SEGUROS PAGADOS;1
8459;213;5010;GASTOS GENERALES;GASTOS GENERALES;1
8460;213;5011;SERVICISO INFORMATICOS;SERVICIOS INFORMATICOS;1
8461;213;5012;CANON;CANON;1
8462;213;5013;SERVICIOS JURIDICOS;SERVICIOS JURIDICOS;1
8463;213;5030;BANCO NACION - INTERES POR DESCUBIERTO;BANCO NACION - INTERES POR DESCUBIERTO;1
8464;213;5009;INTERESES BANCARIOS;INTERESES BANCARIOS;1
8465;213;5031;BANCO NACION - GASTOS DE MANTENIMIENTO DE CUENTA;BANCO NACION - GASTOS DE MANTENIMIENTO DE CUENTA;1
8466;213;5032;BANCO NACION - INTERESES POR PRESTAMOS;BANCO NACION - INTERESES POR PRESTAMOS;1
8467;213;5033;BANCO SANTANDER - INTERES POR DESCUBIERTO;BANCO SANTANDER - INTERES POR DESCUBIERTO;1
8468;213;5036;BANCO GALICIA - INTERES POR DESCUBIERTO;BANCO GALICIA - INTERES POR DESCUBIERTO;1
8469;213;5039;BBVA FRANCES - INTERES POR DESCUBIERTO;BBVA FRANCES - INTERES POR DESCUBIERTO;1
8470;213;5042;BANCO CREDICOOP - INTERES POR DESCUBIERTO;BANCO CREDICOOP - INTERES POR DESCUBIERTO;1
8471;213;5045;BANCO HSBC - INTERES POR DESCUBIERTO;BANCO HSBC - INTERES POR DESCUBIERTO;1
8472;213;5048;BANCO PATAGONIA - INTERES POR DESCUBIERTO;BANCO PATAGONIA - INTERES POR DESCUBIERTO;1
8473;213;5034;BANCO SANTANDER - GASTOS DE MANTENIMIENTO DE CUENTA;BANCO SANTANDER - GASTOS DE MANTENIMIENTO DE CUENTA;1
8474;213;5037;BANCO GALICIA - GASTOS DE MANTENIMIENTO DE CUENTA;BANCO GALICIA - GASTOS DE MANTENIMIENTO DE CUENTA;1
8475;213;5043;BANCO CREDICOOP - GASTOS DE MANTENIMIENTO DE CUENTA;BANCO CREDICOOP - GASTOS DE MANTENIMIENTO DE CUENTA;1
8476;213;5046;BANCO HSBC - GASTOS DE MANTENIMIENTO DE CUENTA;BANCO HSBC - GASTOS DE MANTENIMIENTO DE CUENTA;1
8477;213;5049;BANCO PATAGONIA - GASTOS DE MANTENIMIENTO DE CUENTA;BANCO PATAGONIA - GASTOS DE MANTENIMIENTO DE CUENTA;1
8478;213;5035;BANCO SANTANDER - INTERESES POR PRESTAMOS;BANCO SANTANDER - INTERESES POR PRESTAMOS;1
8479;213;5038;BANCO GALICIA - INTERESES POR PRESTAMOS;BANCO GALICIA - INTERESES POR PRESTAMOS;1
8480;213;5041;BBVA FRANCES - INTERESES POR PRESTAMOS;BBVA FRANCES - INTERESES POR PRESTAMOS;1
8481;213;5044;BANCO CREDICOOP- INTERESES POR PRESTAMOS;BANCO CREDICOOP- INTERESES POR PRESTAMOS;1
8482;213;5047;BANCO HSBC - INTERESES POR PRESTAMOS;BANCO HSBC - INTERESES POR PRESTAMOS;1
8483;213;5050;BANCO PATAGONIA- INTERESES POR PRESTAMOS;BANCO PATAGONIA- INTERESES POR PRESTAMOS;1
8484;213;1050;RODADOS - BIENES DE USO;RODADOS - BIENES DE USO;1
8485;213;1051;MUEBLES Y UTILES - BIENES DE USO;MUEBLES Y UTILES - BIENES DE USO;1
8486;213;1052;MAQUINARIA - BIENES DE USO;MAQUINARIA - BIENES DE USO;1
8487;213;1053;INMUEBLES - BIENES DE USO;INMUEBLES - BIENES DE USO;1
8488;213;5020;RODADOS - GASTOS DE MANTENIMIENTO;RODADOS - GASTOS DE MANTENIMIENTO;1
8489;213;5021;MUEBLES Y UTILES - GASTOS DE MANTENIMIENTO;MUEBLES Y UTILES - GASTOS DE MANTENIMIENTO;1
8490;213;5022;MAQUINARIA - GASTOS DE MANTENIMIENTO;MAQUINARIA - GASTOS DE MANTENIMIENTO;1
8491;213;5023;INMUEBLES - GASTOS DE MANTENIMIENTO;INMUEBLES - GASTOS DE MANTENIMIENTO;1
8492;213;5024;COMPRA DE BIENES USADOS A CF;COMPRA DE BIENES USADOS A CF;1
8493;213;1059;INSTALACIONES - BIENES DE USO;INSTALACIONES - BIENES DE USO;1
8494;213;5025;INSTALACIONES - GASTOS DE MANTENIMIENTO;INSTALACIONES - GASTOS DE MANTENIMIENTO;1
8495;213;5004;SERVICIOS Y TASAS;SERVICIOS Y TASAS;1
8496;213;5051;BANCO HIPOTECARIO - COMISIONES CUENTA;BANCO HIPOTECARIO - COMISIONES CUENTA;1
8497;213;5040;BBVA FRANCES - COMISIONES BANCARIAS;BBVA FRANCES - COMISIONES BANCARIAS;1
8498;219;4000;VENTAS;VENTAS;1
8499;219;5000;COMPRAS;COMPRAS;1
8500;219;5001;COMISION TARJETAS DE CREDITO;COMISION TARJETAS DE CREDITO;1
8501;219;5002;COMBUSTIBLES Y LUBRICANTES;COMBUSTIBLES Y LUBRICANTES;1
8502;219;5003;FLETES Y CORREO;FLETES Y CORREO;1
8503;219;5005;LIBRERIA Y PAPELERIA;LIBRERIA Y PAPELERIA;1
8504;219;5006;HONORARIOS PROFESIONALES;HONORARIOS PROFESIONALES;1
8505;219;5007;ALQUILERES PAGADOS;ALQUILERES PAGADOS;1
8506;219;5008;SEGUROS PAGADOS;SEGUROS PAGADOS;1
8507;219;5010;GASTOS GENERALES;GASTOS GENERALES;1
8508;219;5011;SERVICISO INFORMATICOS;SERVICIOS INFORMATICOS;1
8509;219;5012;CANON;CANON;1
8510;219;5013;SERVICIOS JURIDICOS;SERVICIOS JURIDICOS;1
8511;219;5030;BANCO NACION - INTERES POR DESCUBIERTO;BANCO NACION - INTERES POR DESCUBIERTO;1
8512;219;5009;INTERESES BANCARIOS;INTERESES BANCARIOS;1
8513;219;5031;BANCO NACION - GASTOS DE MANTENIMIENTO DE CUENTA;BANCO NACION - GASTOS DE MANTENIMIENTO DE CUENTA;1
8514;219;5032;BANCO NACION - INTERESES POR PRESTAMOS;BANCO NACION - INTERESES POR PRESTAMOS;1
8515;219;5033;BANCO SANTANDER - INTERES POR DESCUBIERTO;BANCO SANTANDER - INTERES POR DESCUBIERTO;1
8516;219;5036;BANCO GALICIA - INTERES POR DESCUBIERTO;BANCO GALICIA - INTERES POR DESCUBIERTO;1
8517;219;5039;BBVA FRANCES - INTERES POR DESCUBIERTO;BBVA FRANCES - INTERES POR DESCUBIERTO;1
8518;219;5042;BANCO CREDICOOP - INTERES POR DESCUBIERTO;BANCO CREDICOOP - INTERES POR DESCUBIERTO;1
8519;219;5045;BANCO HSBC - INTERES POR DESCUBIERTO;BANCO HSBC - INTERES POR DESCUBIERTO;1
8520;219;5048;BANCO PATAGONIA - INTERES POR DESCUBIERTO;BANCO PATAGONIA - INTERES POR DESCUBIERTO;1
8521;219;5034;BANCO SANTANDER - GASTOS DE MANTENIMIENTO DE CUENTA;BANCO SANTANDER - GASTOS DE MANTENIMIENTO DE CUENTA;1
8522;219;5037;BANCO GALICIA - GASTOS DE MANTENIMIENTO DE CUENTA;BANCO GALICIA - GASTOS DE MANTENIMIENTO DE CUENTA;1
8523;219;5043;BANCO CREDICOOP - GASTOS DE MANTENIMIENTO DE CUENTA;BANCO CREDICOOP - GASTOS DE MANTENIMIENTO DE CUENTA;1
8524;219;5046;BANCO HSBC - GASTOS DE MANTENIMIENTO DE CUENTA;BANCO HSBC - GASTOS DE MANTENIMIENTO DE CUENTA;1
8525;219;5049;BANCO PATAGONIA - GASTOS DE MANTENIMIENTO DE CUENTA;BANCO PATAGONIA - GASTOS DE MANTENIMIENTO DE CUENTA;1
8526;219;5035;BANCO SANTANDER - INTERESES POR PRESTAMOS;BANCO SANTANDER - INTERESES POR PRESTAMOS;1
8527;219;5038;BANCO GALICIA - INTERESES POR PRESTAMOS;BANCO GALICIA - INTERESES POR PRESTAMOS;1
8528;219;5041;BBVA FRANCES - INTERESES POR PRESTAMOS;BBVA FRANCES - INTERESES POR PRESTAMOS;1
8529;219;5044;BANCO CREDICOOP- INTERESES POR PRESTAMOS;BANCO CREDICOOP- INTERESES POR PRESTAMOS;1
8530;219;5047;BANCO HSBC - INTERESES POR PRESTAMOS;BANCO HSBC - INTERESES POR PRESTAMOS;1
8531;219;5050;BANCO PATAGONIA- INTERESES POR PRESTAMOS;BANCO PATAGONIA- INTERESES POR PRESTAMOS;1
8532;219;1050;RODADOS - BIENES DE USO;RODADOS - BIENES DE USO;1
8533;219;1051;MUEBLES Y UTILES - BIENES DE USO;MUEBLES Y UTILES - BIENES DE USO;1
8534;219;1052;MAQUINARIA - BIENES DE USO;MAQUINARIA - BIENES DE USO;1
8535;219;1053;INMUEBLES - BIENES DE USO;INMUEBLES - BIENES DE USO;1
8536;219;5020;RODADOS - GASTOS DE MANTENIMIENTO;RODADOS - GASTOS DE MANTENIMIENTO;1
8537;219;5021;MUEBLES Y UTILES - GASTOS DE MANTENIMIENTO;MUEBLES Y UTILES - GASTOS DE MANTENIMIENTO;1
8538;219;5022;MAQUINARIA - GASTOS DE MANTENIMIENTO;MAQUINARIA - GASTOS DE MANTENIMIENTO;1
8539;219;5023;INMUEBLES - GASTOS DE MANTENIMIENTO;INMUEBLES - GASTOS DE MANTENIMIENTO;1
8540;219;5024;COMPRA DE BIENES USADOS A CF;COMPRA DE BIENES USADOS A CF;1
8541;219;1059;INSTALACIONES - BIENES DE USO;INSTALACIONES - BIENES DE USO;1
8542;219;5025;INSTALACIONES - GASTOS DE MANTENIMIENTO;INSTALACIONES - GASTOS DE MANTENIMIENTO;1
8543;219;5004;SERVICIOS Y TASAS;SERVICIOS Y TASAS;1
8544;219;5051;BANCO HIPOTECARIO - COMISIONES CUENTA;BANCO HIPOTECARIO - COMISIONES CUENTA;1
8545;219;5040;BBVA FRANCES - COMISIONES BANCARIAS;BBVA FRANCES - COMISIONES BANCARIAS;1
8546;220;4000;VENTAS;VENTAS;1
8547;220;5000;COMPRAS;COMPRAS;1
8548;220;5001;COMISION TARJETAS DE CREDITO;COMISION TARJETAS DE CREDITO;1
8549;220;5002;COMBUSTIBLES Y LUBRICANTES;COMBUSTIBLES Y LUBRICANTES;1
8550;220;5003;FLETES Y CORREO;FLETES Y CORREO;1
8551;220;5005;LIBRERIA Y PAPELERIA;LIBRERIA Y PAPELERIA;1
8552;220;5006;HONORARIOS PROFESIONALES;HONORARIOS PROFESIONALES;1
8553;220;5007;ALQUILERES PAGADOS;ALQUILERES PAGADOS;1
8554;220;5008;SEGUROS PAGADOS;SEGUROS PAGADOS;1
8555;220;5010;GASTOS GENERALES;GASTOS GENERALES;1
8556;220;5011;SERVICISO INFORMATICOS;SERVICIOS INFORMATICOS;1
8557;220;5012;CANON;CANON;1
8558;220;5013;SERVICIOS JURIDICOS;SERVICIOS JURIDICOS;1
8559;220;5030;BANCO NACION - INTERES POR DESCUBIERTO;BANCO NACION - INTERES POR DESCUBIERTO;1
8560;220;5009;INTERESES BANCARIOS;INTERESES BANCARIOS;1
8561;220;5031;BANCO NACION - GASTOS DE MANTENIMIENTO DE CUENTA;BANCO NACION - GASTOS DE MANTENIMIENTO DE CUENTA;1
8562;220;5032;BANCO NACION - INTERESES POR PRESTAMOS;BANCO NACION - INTERESES POR PRESTAMOS;1
8563;220;5033;BANCO SANTANDER - INTERES POR DESCUBIERTO;BANCO SANTANDER - INTERES POR DESCUBIERTO;1
8564;220;5036;BANCO GALICIA - INTERES POR DESCUBIERTO;BANCO GALICIA - INTERES POR DESCUBIERTO;1
8565;220;5039;BBVA FRANCES - INTERES POR DESCUBIERTO;BBVA FRANCES - INTERES POR DESCUBIERTO;1
8566;220;5042;BANCO CREDICOOP - INTERES POR DESCUBIERTO;BANCO CREDICOOP - INTERES POR DESCUBIERTO;1
8567;220;5045;BANCO HSBC - INTERES POR DESCUBIERTO;BANCO HSBC - INTERES POR DESCUBIERTO;1
8568;220;5048;BANCO PATAGONIA - INTERES POR DESCUBIERTO;BANCO PATAGONIA - INTERES POR DESCUBIERTO;1
8569;220;5034;BANCO SANTANDER - GASTOS DE MANTENIMIENTO DE CUENTA;BANCO SANTANDER - GASTOS DE MANTENIMIENTO DE CUENTA;1
8570;220;5037;BANCO GALICIA - GASTOS DE MANTENIMIENTO DE CUENTA;BANCO GALICIA - GASTOS DE MANTENIMIENTO DE CUENTA;1
8571;220;5043;BANCO CREDICOOP - GASTOS DE MANTENIMIENTO DE CUENTA;BANCO CREDICOOP - GASTOS DE MANTENIMIENTO DE CUENTA;1
8572;220;5046;BANCO HSBC - GASTOS DE MANTENIMIENTO DE CUENTA;BANCO HSBC - GASTOS DE MANTENIMIENTO DE CUENTA;1
8573;220;5049;BANCO PATAGONIA - GASTOS DE MANTENIMIENTO DE CUENTA;BANCO PATAGONIA - GASTOS DE MANTENIMIENTO DE CUENTA;1
8574;220;5035;BANCO SANTANDER - INTERESES POR PRESTAMOS;BANCO SANTANDER - INTERESES POR PRESTAMOS;1
8575;220;5038;BANCO GALICIA - INTERESES POR PRESTAMOS;BANCO GALICIA - INTERESES POR PRESTAMOS;1
8576;220;5041;BBVA FRANCES - INTERESES POR PRESTAMOS;BBVA FRANCES - INTERESES POR PRESTAMOS;1
8577;220;5044;BANCO CREDICOOP- INTERESES POR PRESTAMOS;BANCO CREDICOOP- INTERESES POR PRESTAMOS;1
8578;220;5047;BANCO HSBC - INTERESES POR PRESTAMOS;BANCO HSBC - INTERESES POR PRESTAMOS;1
8579;220;5050;BANCO PATAGONIA- INTERESES POR PRESTAMOS;BANCO PATAGONIA- INTERESES POR PRESTAMOS;1
8580;220;1050;RODADOS - BIENES DE USO;RODADOS - BIENES DE USO;1
8581;220;1051;MUEBLES Y UTILES - BIENES DE USO;MUEBLES Y UTILES - BIENES DE USO;1
8582;220;1052;MAQUINARIA - BIENES DE USO;MAQUINARIA - BIENES DE USO;1
8583;220;1053;INMUEBLES - BIENES DE USO;INMUEBLES - BIENES DE USO;1
8584;220;5020;RODADOS - GASTOS DE MANTENIMIENTO;RODADOS - GASTOS DE MANTENIMIENTO;1
8585;220;5021;MUEBLES Y UTILES - GASTOS DE MANTENIMIENTO;MUEBLES Y UTILES - GASTOS DE MANTENIMIENTO;1
8586;220;5022;MAQUINARIA - GASTOS DE MANTENIMIENTO;MAQUINARIA - GASTOS DE MANTENIMIENTO;1
8587;220;5023;INMUEBLES - GASTOS DE MANTENIMIENTO;INMUEBLES - GASTOS DE MANTENIMIENTO;1
8588;220;5024;COMPRA DE BIENES USADOS A CF;COMPRA DE BIENES USADOS A CF;1
8589;220;1059;INSTALACIONES - BIENES DE USO;INSTALACIONES - BIENES DE USO;1
8590;220;5025;INSTALACIONES - GASTOS DE MANTENIMIENTO;INSTALACIONES - GASTOS DE MANTENIMIENTO;1
8591;220;5004;SERVICIOS Y TASAS;SERVICIOS Y TASAS;1
8592;220;5051;BANCO HIPOTECARIO - COMISIONES CUENTA;BANCO HIPOTECARIO - COMISIONES CUENTA;1
8593;220;5040;BBVA FRANCES - COMISIONES BANCARIAS;BBVA FRANCES - COMISIONES BANCARIAS;1
8594;221;4000;VENTAS;VENTAS;1
8595;221;5000;COMPRAS;COMPRAS;1
8596;221;5001;COMISION TARJETAS DE CREDITO;COMISION TARJETAS DE CREDITO;1
8597;221;5002;COMBUSTIBLES Y LUBRICANTES;COMBUSTIBLES Y LUBRICANTES;1
8598;221;5003;FLETES Y CORREO;FLETES Y CORREO;1
8599;221;5005;LIBRERIA Y PAPELERIA;LIBRERIA Y PAPELERIA;1
8600;221;5006;HONORARIOS PROFESIONALES;HONORARIOS PROFESIONALES;1
8601;221;5007;ALQUILERES PAGADOS;ALQUILERES PAGADOS;1
8602;221;5008;SEGUROS PAGADOS;SEGUROS PAGADOS;1
8603;221;5010;GASTOS GENERALES;GASTOS GENERALES;1
8604;221;5011;SERVICISO INFORMATICOS;SERVICIOS INFORMATICOS;1
8605;221;5012;CANON;CANON;1
8606;221;5013;SERVICIOS JURIDICOS;SERVICIOS JURIDICOS;1
8607;221;5030;BANCO NACION - INTERES POR DESCUBIERTO;BANCO NACION - INTERES POR DESCUBIERTO;1
8608;221;5009;INTERESES BANCARIOS;INTERESES BANCARIOS;1
8609;221;5031;BANCO NACION - GASTOS DE MANTENIMIENTO DE CUENTA;BANCO NACION - GASTOS DE MANTENIMIENTO DE CUENTA;1
8610;221;5032;BANCO NACION - INTERESES POR PRESTAMOS;BANCO NACION - INTERESES POR PRESTAMOS;1
8611;221;5033;BANCO SANTANDER - INTERES POR DESCUBIERTO;BANCO SANTANDER - INTERES POR DESCUBIERTO;1
8612;221;5036;BANCO GALICIA - INTERES POR DESCUBIERTO;BANCO GALICIA - INTERES POR DESCUBIERTO;1
8613;221;5039;BBVA FRANCES - INTERES POR DESCUBIERTO;BBVA FRANCES - INTERES POR DESCUBIERTO;1
8614;221;5042;BANCO CREDICOOP - INTERES POR DESCUBIERTO;BANCO CREDICOOP - INTERES POR DESCUBIERTO;1
8615;221;5045;BANCO HSBC - INTERES POR DESCUBIERTO;BANCO HSBC - INTERES POR DESCUBIERTO;1
8616;221;5048;BANCO PATAGONIA - INTERES POR DESCUBIERTO;BANCO PATAGONIA - INTERES POR DESCUBIERTO;1
8617;221;5034;BANCO SANTANDER - GASTOS DE MANTENIMIENTO DE CUENTA;BANCO SANTANDER - GASTOS DE MANTENIMIENTO DE CUENTA;1
8618;221;5037;BANCO GALICIA - GASTOS DE MANTENIMIENTO DE CUENTA;BANCO GALICIA - GASTOS DE MANTENIMIENTO DE CUENTA;1
8619;221;5043;BANCO CREDICOOP - GASTOS DE MANTENIMIENTO DE CUENTA;BANCO CREDICOOP - GASTOS DE MANTENIMIENTO DE CUENTA;1
8620;221;5046;BANCO HSBC - GASTOS DE MANTENIMIENTO DE CUENTA;BANCO HSBC - GASTOS DE MANTENIMIENTO DE CUENTA;1
8621;221;5049;BANCO PATAGONIA - GASTOS DE MANTENIMIENTO DE CUENTA;BANCO PATAGONIA - GASTOS DE MANTENIMIENTO DE CUENTA;1
8622;221;5035;BANCO SANTANDER - INTERESES POR PRESTAMOS;BANCO SANTANDER - INTERESES POR PRESTAMOS;1
8623;221;5038;BANCO GALICIA - INTERESES POR PRESTAMOS;BANCO GALICIA - INTERESES POR PRESTAMOS;1
8624;221;5041;BBVA FRANCES - INTERESES POR PRESTAMOS;BBVA FRANCES - INTERESES POR PRESTAMOS;1
8625;221;5044;BANCO CREDICOOP- INTERESES POR PRESTAMOS;BANCO CREDICOOP- INTERESES POR PRESTAMOS;1
8626;221;5047;BANCO HSBC - INTERESES POR PRESTAMOS;BANCO HSBC - INTERESES POR PRESTAMOS;1
8627;221;5050;BANCO PATAGONIA- INTERESES POR PRESTAMOS;BANCO PATAGONIA- INTERESES POR PRESTAMOS;1
8628;221;1050;RODADOS - BIENES DE USO;RODADOS - BIENES DE USO;1
8629;221;1051;MUEBLES Y UTILES - BIENES DE USO;MUEBLES Y UTILES - BIENES DE USO;1
8630;221;1052;MAQUINARIA - BIENES DE USO;MAQUINARIA - BIENES DE USO;1
8631;221;1053;INMUEBLES - BIENES DE USO;INMUEBLES - BIENES DE USO;1
8632;221;5020;RODADOS - GASTOS DE MANTENIMIENTO;RODADOS - GASTOS DE MANTENIMIENTO;1
8633;221;5021;MUEBLES Y UTILES - GASTOS DE MANTENIMIENTO;MUEBLES Y UTILES - GASTOS DE MANTENIMIENTO;1
8634;221;5022;MAQUINARIA - GASTOS DE MANTENIMIENTO;MAQUINARIA - GASTOS DE MANTENIMIENTO;1
8635;221;5023;INMUEBLES - GASTOS DE MANTENIMIENTO;INMUEBLES - GASTOS DE MANTENIMIENTO;1
8636;221;5024;COMPRA DE BIENES USADOS A CF;COMPRA DE BIENES USADOS A CF;1
8637;221;1059;INSTALACIONES - BIENES DE USO;INSTALACIONES - BIENES DE USO;1
8638;221;5025;INSTALACIONES - GASTOS DE MANTENIMIENTO;INSTALACIONES - GASTOS DE MANTENIMIENTO;1
8639;221;5004;SERVICIOS Y TASAS;SERVICIOS Y TASAS;1
8640;221;5051;BANCO HIPOTECARIO - COMISIONES CUENTA;BANCO HIPOTECARIO - COMISIONES CUENTA;1
8641;221;5040;BBVA FRANCES - COMISIONES BANCARIAS;BBVA FRANCES - COMISIONES BANCARIAS;1
8642;118;5052;COMISIONES SGR;COMISIONES SGR;1
8643;133;5052;Comisiones SGR;COMISIONES SGR;1
8644;4;5052;COMISIONES SGR;COMISIONES SGR;1
8645;223;4000;VENTAS;VENTAS;1
8646;223;5000;COMPRAS;COMPRAS;1
8647;223;5001;COMISION TARJETAS DE CREDITO;COMISION TARJETAS DE CREDITO;1
8648;223;5002;COMBUSTIBLES Y LUBRICANTES;COMBUSTIBLES Y LUBRICANTES;1
8649;223;5003;FLETES Y CORREO;FLETES Y CORREO;1
8650;223;5005;LIBRERIA Y PAPELERIA;LIBRERIA Y PAPELERIA;1
8651;223;5006;HONORARIOS PROFESIONALES;HONORARIOS PROFESIONALES;1
8652;223;5007;ALQUILERES PAGADOS;ALQUILERES PAGADOS;1
8653;223;5008;SEGUROS PAGADOS;SEGUROS PAGADOS;1
8654;223;5010;GASTOS GENERALES;GASTOS GENERALES;1
8655;223;5011;SERVICISO INFORMATICOS;SERVICIOS INFORMATICOS;1
8656;223;5012;CANON;CANON;1
8657;223;5013;SERVICIOS JURIDICOS;SERVICIOS JURIDICOS;1
8658;223;5030;BANCO NACION - INTERES POR DESCUBIERTO;BANCO NACION - INTERES POR DESCUBIERTO;1
8659;223;5009;INTERESES BANCARIOS;INTERESES BANCARIOS;1
8660;223;5031;BANCO NACION - GASTOS DE MANTENIMIENTO DE CUENTA;BANCO NACION - GASTOS DE MANTENIMIENTO DE CUENTA;1
8661;223;5032;BANCO NACION - INTERESES POR PRESTAMOS;BANCO NACION - INTERESES POR PRESTAMOS;1
8662;223;5033;BANCO SANTANDER - INTERES POR DESCUBIERTO;BANCO SANTANDER - INTERES POR DESCUBIERTO;1
8663;223;5036;BANCO GALICIA - INTERES POR DESCUBIERTO;BANCO GALICIA - INTERES POR DESCUBIERTO;1
8664;223;5039;BBVA FRANCES - INTERES POR DESCUBIERTO;BBVA FRANCES - INTERES POR DESCUBIERTO;1
8665;223;5042;BANCO CREDICOOP - INTERES POR DESCUBIERTO;BANCO CREDICOOP - INTERES POR DESCUBIERTO;1
8666;223;5045;BANCO HSBC - INTERES POR DESCUBIERTO;BANCO HSBC - INTERES POR DESCUBIERTO;1
8667;223;5048;BANCO PATAGONIA - INTERES POR DESCUBIERTO;BANCO PATAGONIA - INTERES POR DESCUBIERTO;1
8668;223;5034;BANCO SANTANDER - GASTOS DE MANTENIMIENTO DE CUENTA;BANCO SANTANDER - GASTOS DE MANTENIMIENTO DE CUENTA;1
8669;223;5037;BANCO GALICIA - GASTOS DE MANTENIMIENTO DE CUENTA;BANCO GALICIA - GASTOS DE MANTENIMIENTO DE CUENTA;1
8670;223;5043;BANCO CREDICOOP - GASTOS DE MANTENIMIENTO DE CUENTA;BANCO CREDICOOP - GASTOS DE MANTENIMIENTO DE CUENTA;1
8671;223;5046;BANCO HSBC - GASTOS DE MANTENIMIENTO DE CUENTA;BANCO HSBC - GASTOS DE MANTENIMIENTO DE CUENTA;1
8672;223;5049;BANCO PATAGONIA - GASTOS DE MANTENIMIENTO DE CUENTA;BANCO PATAGONIA - GASTOS DE MANTENIMIENTO DE CUENTA;1
8673;223;5035;BANCO SANTANDER - INTERESES POR PRESTAMOS;BANCO SANTANDER - INTERESES POR PRESTAMOS;1
8674;223;5038;BANCO GALICIA - INTERESES POR PRESTAMOS;BANCO GALICIA - INTERESES POR PRESTAMOS;1
8675;223;5041;BBVA FRANCES - INTERESES POR PRESTAMOS;BBVA FRANCES - INTERESES POR PRESTAMOS;1
8676;223;5044;BANCO CREDICOOP- INTERESES POR PRESTAMOS;BANCO CREDICOOP- INTERESES POR PRESTAMOS;1
8677;223;5047;BANCO HSBC - INTERESES POR PRESTAMOS;BANCO HSBC - INTERESES POR PRESTAMOS;1
8678;223;5050;BANCO PATAGONIA- INTERESES POR PRESTAMOS;BANCO PATAGONIA- INTERESES POR PRESTAMOS;1
8679;223;1050;RODADOS - BIENES DE USO;RODADOS - BIENES DE USO;1
8680;223;1051;MUEBLES Y UTILES - BIENES DE USO;MUEBLES Y UTILES - BIENES DE USO;1
8681;223;1052;MAQUINARIA - BIENES DE USO;MAQUINARIA - BIENES DE USO;1
8682;223;1053;INMUEBLES - BIENES DE USO;INMUEBLES - BIENES DE USO;1
8683;223;5020;RODADOS - GASTOS DE MANTENIMIENTO;RODADOS - GASTOS DE MANTENIMIENTO;1
8684;223;5021;MUEBLES Y UTILES - GASTOS DE MANTENIMIENTO;MUEBLES Y UTILES - GASTOS DE MANTENIMIENTO;1
8685;223;5022;MAQUINARIA - GASTOS DE MANTENIMIENTO;MAQUINARIA - GASTOS DE MANTENIMIENTO;1
8686;223;5023;INMUEBLES - GASTOS DE MANTENIMIENTO;INMUEBLES - GASTOS DE MANTENIMIENTO;1
8687;223;5024;COMPRA DE BIENES USADOS A CF;COMPRA DE BIENES USADOS A CF;1
8688;223;1059;INSTALACIONES - BIENES DE USO;INSTALACIONES - BIENES DE USO;1
8689;223;5025;INSTALACIONES - GASTOS DE MANTENIMIENTO;INSTALACIONES - GASTOS DE MANTENIMIENTO;1
8690;223;5004;SERVICIOS Y TASAS;SERVICIOS Y TASAS;1
8691;223;5051;BANCO HIPOTECARIO - COMISIONES CUENTA;BANCO HIPOTECARIO - COMISIONES CUENTA;1
8692;223;5040;BBVA FRANCES - COMISIONES BANCARIAS;BBVA FRANCES - COMISIONES BANCARIAS;1
8693;223;5052;COMISIONES SGR;COMISIONES SGR;1
8694;224;4000;VENTAS;VENTAS;1
8695;224;5000;COMPRAS;COMPRAS;1
8696;224;5001;COMISION TARJETAS DE CREDITO;COMISION TARJETAS DE CREDITO;1
8697;224;5002;COMBUSTIBLES Y LUBRICANTES;COMBUSTIBLES Y LUBRICANTES;1
8698;224;5003;FLETES Y CORREO;FLETES Y CORREO;1
8699;224;5005;LIBRERIA Y PAPELERIA;LIBRERIA Y PAPELERIA;1
8700;224;5006;HONORARIOS PROFESIONALES;HONORARIOS PROFESIONALES;1
8701;224;5007;ALQUILERES PAGADOS;ALQUILERES PAGADOS;1
8702;224;5008;SEGUROS PAGADOS;SEGUROS PAGADOS;1
8703;224;5010;GASTOS GENERALES;GASTOS GENERALES;1
8704;224;5011;SERVICISO INFORMATICOS;SERVICIOS INFORMATICOS;1
8705;224;5012;CANON;CANON;1
8706;224;5013;SERVICIOS JURIDICOS;SERVICIOS JURIDICOS;1
8707;224;5030;BANCO NACION - INTERES POR DESCUBIERTO;BANCO NACION - INTERES POR DESCUBIERTO;1
8708;224;5009;INTERESES BANCARIOS;INTERESES BANCARIOS;1
8709;224;5031;BANCO NACION - GASTOS DE MANTENIMIENTO DE CUENTA;BANCO NACION - GASTOS DE MANTENIMIENTO DE CUENTA;1
8710;224;5032;BANCO NACION - INTERESES POR PRESTAMOS;BANCO NACION - INTERESES POR PRESTAMOS;1
8711;224;5033;BANCO SANTANDER - INTERES POR DESCUBIERTO;BANCO SANTANDER - INTERES POR DESCUBIERTO;1
8712;224;5036;BANCO GALICIA - INTERES POR DESCUBIERTO;BANCO GALICIA - INTERES POR DESCUBIERTO;1
8713;224;5039;BBVA FRANCES - INTERES POR DESCUBIERTO;BBVA FRANCES - INTERES POR DESCUBIERTO;1
8714;224;5042;BANCO CREDICOOP - INTERES POR DESCUBIERTO;BANCO CREDICOOP - INTERES POR DESCUBIERTO;1
8715;224;5045;BANCO HSBC - INTERES POR DESCUBIERTO;BANCO HSBC - INTERES POR DESCUBIERTO;1
8716;224;5048;BANCO PATAGONIA - INTERES POR DESCUBIERTO;BANCO PATAGONIA - INTERES POR DESCUBIERTO;1
8717;224;5034;BANCO SANTANDER - GASTOS DE MANTENIMIENTO DE CUENTA;BANCO SANTANDER - GASTOS DE MANTENIMIENTO DE CUENTA;1
8718;224;5037;BANCO GALICIA - GASTOS DE MANTENIMIENTO DE CUENTA;BANCO GALICIA - GASTOS DE MANTENIMIENTO DE CUENTA;1
8719;224;5043;BANCO CREDICOOP - GASTOS DE MANTENIMIENTO DE CUENTA;BANCO CREDICOOP - GASTOS DE MANTENIMIENTO DE CUENTA;1
8720;224;5046;BANCO HSBC - GASTOS DE MANTENIMIENTO DE CUENTA;BANCO HSBC - GASTOS DE MANTENIMIENTO DE CUENTA;1
8721;224;5049;BANCO PATAGONIA - GASTOS DE MANTENIMIENTO DE CUENTA;BANCO PATAGONIA - GASTOS DE MANTENIMIENTO DE CUENTA;1
8722;224;5035;BANCO SANTANDER - INTERESES POR PRESTAMOS;BANCO SANTANDER - INTERESES POR PRESTAMOS;1
8723;224;5038;BANCO GALICIA - INTERESES POR PRESTAMOS;BANCO GALICIA - INTERESES POR PRESTAMOS;1
8724;224;5041;BBVA FRANCES - INTERESES POR PRESTAMOS;BBVA FRANCES - INTERESES POR PRESTAMOS;1
8725;224;5044;BANCO CREDICOOP- INTERESES POR PRESTAMOS;BANCO CREDICOOP- INTERESES POR PRESTAMOS;1
8726;224;5047;BANCO HSBC - INTERESES POR PRESTAMOS;BANCO HSBC - INTERESES POR PRESTAMOS;1
8727;224;5050;BANCO PATAGONIA- INTERESES POR PRESTAMOS;BANCO PATAGONIA- INTERESES POR PRESTAMOS;1
8728;224;1050;RODADOS - BIENES DE USO;RODADOS - BIENES DE USO;1
8729;224;1051;MUEBLES Y UTILES - BIENES DE USO;MUEBLES Y UTILES - BIENES DE USO;1
8730;224;1052;MAQUINARIA - BIENES DE USO;MAQUINARIA - BIENES DE USO;1
8731;224;1053;INMUEBLES - BIENES DE USO;INMUEBLES - BIENES DE USO;1
8732;224;5020;RODADOS - GASTOS DE MANTENIMIENTO;RODADOS - GASTOS DE MANTENIMIENTO;1
8733;224;5021;MUEBLES Y UTILES - GASTOS DE MANTENIMIENTO;MUEBLES Y UTILES - GASTOS DE MANTENIMIENTO;1
8734;224;5022;MAQUINARIA - GASTOS DE MANTENIMIENTO;MAQUINARIA - GASTOS DE MANTENIMIENTO;1
8735;224;5023;INMUEBLES - GASTOS DE MANTENIMIENTO;INMUEBLES - GASTOS DE MANTENIMIENTO;1
8736;224;5024;COMPRA DE BIENES USADOS A CF;COMPRA DE BIENES USADOS A CF;1
8737;224;1059;INSTALACIONES - BIENES DE USO;INSTALACIONES - BIENES DE USO;1
8738;224;5025;INSTALACIONES - GASTOS DE MANTENIMIENTO;INSTALACIONES - GASTOS DE MANTENIMIENTO;1
8739;224;5004;SERVICIOS Y TASAS;SERVICIOS Y TASAS;1
8740;224;5051;BANCO HIPOTECARIO - COMISIONES CUENTA;BANCO HIPOTECARIO - COMISIONES CUENTA;1
8741;224;5040;BBVA FRANCES - COMISIONES BANCARIAS;BBVA FRANCES - COMISIONES BANCARIAS;1
8742;224;5052;COMISIONES SGR;COMISIONES SGR;1
8743;137;5014;COMISIONES MERCADOLIBRE;COMISIONES MERCADO LIBRE;1
8744;127;5015;COMISIONES MERCADO LIBRE;COMISIONES MERCADO LIBRE;1
8745;27;5014;COMISIONES MERCADOLIBRE;COMISIONES MERCADO LIBRE;1
8746;219;5014;Comisiones Mercado Libre;COMISIONES MERCADO LIBRE;1
8747;22;5014;Comisiones Mercado Libre;COMISIONES MERCADO LIBRE;1
8748;29;5014;COMISIONES MERCADOLIBRE;COMISIONES MERCADO LIBRE;1
8749;119;5014;Comisiones Mercado Libre;COMISIONES MERCADO LIBRE;1
8750;46;5014;COMISIONES MERCADO LIBRE;COMISIONES MERCADO LIBRE;1
8751;61;5014;Comisiones Mercado libre;COMISIONES MERCADO LIBRE;1
8752;69;5014;COMISIONES MERCADOLIBRE;COMISIONES MERCADO LIBRE;1
8753;134;5014;COMISIONES MERCADO LIBRE;COMISIONES MERCADO LIBRE;1
8754;77;5051;COMISIONES SGR;COMISIONES SGR;1
8755;221;5052;COMISIONES SGR;COMISIONES SGR;1
8756;24;5014;comisiones mercado libre;COMISIONES MERCADO LIBRE;1
8757;136;5052;Comisiones SGR;COMISIONES SGR;1
8758;88;5014;COMISIONES MERCADO LIBRE;COMISIONES MERCADO LIBRE;1
8759;79;5014;COMISIONES MERCADO LIBRE;COMISIONES MERCADO LIBRE;1
8760;108;5014;COMISIONES MERCADO LIBRE;COMISIONES MERCADO LIBRE;1
8761;118;5014;COMISION MERCADO LIBRE;COMISIONES MERCADO LIBRE;1
8762;23;5020;RODADOS. GASTOS DE MANTENIMIENTO;RODADOS - GASTOS DE MANTENIMIENTO;1
8763;70;5014;COMISIONES MERCADO LIBRE;COMISIONES MERCADO LIBRE;1
8764;227;4000;VENTAS;VENTAS;1
8765;227;5000;COMPRAS;COMPRAS;1
8766;227;5001;COMISION TARJETAS DE CREDITO;COMISION TARJETAS DE CREDITO;1
8767;227;5002;COMBUSTIBLES Y LUBRICANTES;COMBUSTIBLES Y LUBRICANTES;1
8768;227;5003;FLETES Y CORREO;FLETES Y CORREO;1
8769;227;5005;LIBRERIA Y PAPELERIA;LIBRERIA Y PAPELERIA;1
8770;227;5006;HONORARIOS PROFESIONALES;HONORARIOS PROFESIONALES;1
8771;227;5007;ALQUILERES PAGADOS;ALQUILERES PAGADOS;1
8772;227;5008;SEGUROS PAGADOS;SEGUROS PAGADOS;1
8773;227;5010;GASTOS GENERALES;GASTOS GENERALES;1
8774;227;5011;SERVICISO INFORMATICOS;SERVICIOS INFORMATICOS;1
8775;227;5012;CANON;CANON;1
8776;227;5013;SERVICIOS JURIDICOS;SERVICIOS JURIDICOS;1
8777;227;5030;BANCO NACION - INTERES POR DESCUBIERTO;BANCO NACION - INTERES POR DESCUBIERTO;1
8778;227;5009;INTERESES BANCARIOS;INTERESES BANCARIOS;1
8779;227;5031;BANCO NACION - GASTOS DE MANTENIMIENTO DE CUENTA;BANCO NACION - GASTOS DE MANTENIMIENTO DE CUENTA;1
8780;227;5032;BANCO NACION - INTERESES POR PRESTAMOS;BANCO NACION - INTERESES POR PRESTAMOS;1
8781;227;5033;BANCO SANTANDER - INTERES POR DESCUBIERTO;BANCO SANTANDER - INTERES POR DESCUBIERTO;1
8782;227;5036;BANCO GALICIA - INTERES POR DESCUBIERTO;BANCO GALICIA - INTERES POR DESCUBIERTO;1
8783;227;5039;BBVA FRANCES - INTERES POR DESCUBIERTO;BBVA FRANCES - INTERES POR DESCUBIERTO;1
8784;227;5042;BANCO CREDICOOP - INTERES POR DESCUBIERTO;BANCO CREDICOOP - INTERES POR DESCUBIERTO;1
8785;227;5045;BANCO HSBC - INTERES POR DESCUBIERTO;BANCO HSBC - INTERES POR DESCUBIERTO;1
8786;227;5048;BANCO PATAGONIA - INTERES POR DESCUBIERTO;BANCO PATAGONIA - INTERES POR DESCUBIERTO;1
8787;227;5034;BANCO SANTANDER - GASTOS DE MANTENIMIENTO DE CUENTA;BANCO SANTANDER - GASTOS DE MANTENIMIENTO DE CUENTA;1
8788;227;5037;BANCO GALICIA - GASTOS DE MANTENIMIENTO DE CUENTA;BANCO GALICIA - GASTOS DE MANTENIMIENTO DE CUENTA;1
8789;227;5043;BANCO CREDICOOP - GASTOS DE MANTENIMIENTO DE CUENTA;BANCO CREDICOOP - GASTOS DE MANTENIMIENTO DE CUENTA;1
8790;227;5046;BANCO HSBC - GASTOS DE MANTENIMIENTO DE CUENTA;BANCO HSBC - GASTOS DE MANTENIMIENTO DE CUENTA;1
8791;227;5049;BANCO PATAGONIA - GASTOS DE MANTENIMIENTO DE CUENTA;BANCO PATAGONIA - GASTOS DE MANTENIMIENTO DE CUENTA;1
8792;227;5035;BANCO SANTANDER - INTERESES POR PRESTAMOS;BANCO SANTANDER - INTERESES POR PRESTAMOS;1
8793;227;5038;BANCO GALICIA - INTERESES POR PRESTAMOS;BANCO GALICIA - INTERESES POR PRESTAMOS;1
8794;227;5041;BBVA FRANCES - INTERESES POR PRESTAMOS;BBVA FRANCES - INTERESES POR PRESTAMOS;1
8795;227;5044;BANCO CREDICOOP- INTERESES POR PRESTAMOS;BANCO CREDICOOP- INTERESES POR PRESTAMOS;1
8796;227;5047;BANCO HSBC - INTERESES POR PRESTAMOS;BANCO HSBC - INTERESES POR PRESTAMOS;1
8797;227;5050;BANCO PATAGONIA- INTERESES POR PRESTAMOS;BANCO PATAGONIA- INTERESES POR PRESTAMOS;1
8798;227;1050;RODADOS - BIENES DE USO;RODADOS - BIENES DE USO;1
8799;227;1051;MUEBLES Y UTILES - BIENES DE USO;MUEBLES Y UTILES - BIENES DE USO;1
8800;227;1052;MAQUINARIA - BIENES DE USO;MAQUINARIA - BIENES DE USO;1
8801;227;1053;INMUEBLES - BIENES DE USO;INMUEBLES - BIENES DE USO;1
8802;227;5020;RODADOS - GASTOS DE MANTENIMIENTO;RODADOS - GASTOS DE MANTENIMIENTO;1
8803;227;5021;MUEBLES Y UTILES - GASTOS DE MANTENIMIENTO;MUEBLES Y UTILES - GASTOS DE MANTENIMIENTO;1
8804;227;5022;MAQUINARIA - GASTOS DE MANTENIMIENTO;MAQUINARIA - GASTOS DE MANTENIMIENTO;1
8805;227;5023;INMUEBLES - GASTOS DE MANTENIMIENTO;INMUEBLES - GASTOS DE MANTENIMIENTO;1
8806;227;5024;COMPRA DE BIENES USADOS A CF;COMPRA DE BIENES USADOS A CF;1
8807;227;1059;INSTALACIONES - BIENES DE USO;INSTALACIONES - BIENES DE USO;1
8808;227;5025;INSTALACIONES - GASTOS DE MANTENIMIENTO;INSTALACIONES - GASTOS DE MANTENIMIENTO;1
8809;227;5004;SERVICIOS Y TASAS;SERVICIOS Y TASAS;1
8810;227;5051;BANCO HIPOTECARIO - COMISIONES CUENTA;BANCO HIPOTECARIO - COMISIONES CUENTA;1
8811;227;5040;BBVA FRANCES - COMISIONES BANCARIAS;BBVA FRANCES - COMISIONES BANCARIAS;1
8812;227;5052;COMISIONES SGR;COMISIONES SGR;1
8813;114;5014;COMISIONES MERCADO LIBRE;COMISIONES MERCADO LIBRE;1
8814;6;5014;COMISIONES MERCADOLIBRE;COMISIONES MERCADO LIBRE;1
8815;52;5052;Comisiones SGR;COMISIONES SGR;1
8816;66;5014;comisiones mercado libre;COMISIONES MERCADO LIBRE;1
8817;150;5014;COMISIONES MERCADOLIBRE;COMISIONES MERCADO LIBRE;1
8818;228;4000;VENTAS;VENTAS;1
8819;228;5000;COMPRAS;COMPRAS;1
8820;228;5001;COMISION TARJETAS DE CREDITO;COMISION TARJETAS DE CREDITO;1
8821;228;5002;COMBUSTIBLES Y LUBRICANTES;COMBUSTIBLES Y LUBRICANTES;1
8822;228;5003;FLETES Y CORREO;FLETES Y CORREO;1
8823;228;5005;LIBRERIA Y PAPELERIA;LIBRERIA Y PAPELERIA;1
8824;228;5006;HONORARIOS PROFESIONALES;HONORARIOS PROFESIONALES;1
8825;228;5007;ALQUILERES PAGADOS;ALQUILERES PAGADOS;1
8826;228;5008;SEGUROS PAGADOS;SEGUROS PAGADOS;1
8827;228;5010;GASTOS GENERALES;GASTOS GENERALES;1
8828;228;5011;SERVICISO INFORMATICOS;SERVICIOS INFORMATICOS;1
8829;228;5012;CANON;CANON;1
8830;228;5013;SERVICIOS JURIDICOS;SERVICIOS JURIDICOS;1
8831;228;5030;BANCO NACION - INTERES POR DESCUBIERTO;BANCO NACION - INTERES POR DESCUBIERTO;1
8832;228;5009;INTERESES BANCARIOS;INTERESES BANCARIOS;1
8833;228;5031;BANCO NACION - GASTOS DE MANTENIMIENTO DE CUENTA;BANCO NACION - GASTOS DE MANTENIMIENTO DE CUENTA;1
8834;228;5032;BANCO NACION - INTERESES POR PRESTAMOS;BANCO NACION - INTERESES POR PRESTAMOS;1
8835;228;5033;BANCO SANTANDER - INTERES POR DESCUBIERTO;BANCO SANTANDER - INTERES POR DESCUBIERTO;1
8836;228;5036;BANCO GALICIA - INTERES POR DESCUBIERTO;BANCO GALICIA - INTERES POR DESCUBIERTO;1
8837;228;5039;BBVA FRANCES - INTERES POR DESCUBIERTO;BBVA FRANCES - INTERES POR DESCUBIERTO;1
8838;228;5042;BANCO CREDICOOP - INTERES POR DESCUBIERTO;BANCO CREDICOOP - INTERES POR DESCUBIERTO;1
8839;228;5045;BANCO HSBC - INTERES POR DESCUBIERTO;BANCO HSBC - INTERES POR DESCUBIERTO;1
8840;228;5048;BANCO PATAGONIA - INTERES POR DESCUBIERTO;BANCO PATAGONIA - INTERES POR DESCUBIERTO;1
8841;228;5034;BANCO SANTANDER - GASTOS DE MANTENIMIENTO DE CUENTA;BANCO SANTANDER - GASTOS DE MANTENIMIENTO DE CUENTA;1
8842;228;5037;BANCO GALICIA - GASTOS DE MANTENIMIENTO DE CUENTA;BANCO GALICIA - GASTOS DE MANTENIMIENTO DE CUENTA;1
8843;228;5043;BANCO CREDICOOP - GASTOS DE MANTENIMIENTO DE CUENTA;BANCO CREDICOOP - GASTOS DE MANTENIMIENTO DE CUENTA;1
8844;228;5046;BANCO HSBC - GASTOS DE MANTENIMIENTO DE CUENTA;BANCO HSBC - GASTOS DE MANTENIMIENTO DE CUENTA;1
8845;228;5049;BANCO PATAGONIA - GASTOS DE MANTENIMIENTO DE CUENTA;BANCO PATAGONIA - GASTOS DE MANTENIMIENTO DE CUENTA;1
8846;228;5035;BANCO SANTANDER - INTERESES POR PRESTAMOS;BANCO SANTANDER - INTERESES POR PRESTAMOS;1
8847;228;5038;BANCO GALICIA - INTERESES POR PRESTAMOS;BANCO GALICIA - INTERESES POR PRESTAMOS;1
8848;228;5041;BBVA FRANCES - INTERESES POR PRESTAMOS;BBVA FRANCES - INTERESES POR PRESTAMOS;1
8849;228;5044;BANCO CREDICOOP- INTERESES POR PRESTAMOS;BANCO CREDICOOP- INTERESES POR PRESTAMOS;1
8850;228;5047;BANCO HSBC - INTERESES POR PRESTAMOS;BANCO HSBC - INTERESES POR PRESTAMOS;1
8851;228;5050;BANCO PATAGONIA- INTERESES POR PRESTAMOS;BANCO PATAGONIA- INTERESES POR PRESTAMOS;1
8852;228;1050;RODADOS - BIENES DE USO;RODADOS - BIENES DE USO;1
8853;228;1051;MUEBLES Y UTILES - BIENES DE USO;MUEBLES Y UTILES - BIENES DE USO;1
8854;228;1052;MAQUINARIA - BIENES DE USO;MAQUINARIA - BIENES DE USO;1
8855;228;1053;INMUEBLES - BIENES DE USO;INMUEBLES - BIENES DE USO;1
8856;228;5020;RODADOS - GASTOS DE MANTENIMIENTO;RODADOS - GASTOS DE MANTENIMIENTO;1
8857;228;5021;MUEBLES Y UTILES - GASTOS DE MANTENIMIENTO;MUEBLES Y UTILES - GASTOS DE MANTENIMIENTO;1
8858;228;5022;MAQUINARIA - GASTOS DE MANTENIMIENTO;MAQUINARIA - GASTOS DE MANTENIMIENTO;1
8859;228;5023;INMUEBLES - GASTOS DE MANTENIMIENTO;INMUEBLES - GASTOS DE MANTENIMIENTO;1
8860;228;5024;COMPRA DE BIENES USADOS A CF;COMPRA DE BIENES USADOS A CF;1
8861;228;1059;INSTALACIONES - BIENES DE USO;INSTALACIONES - BIENES DE USO;1
8862;228;5025;INSTALACIONES - GASTOS DE MANTENIMIENTO;INSTALACIONES - GASTOS DE MANTENIMIENTO;1
8863;228;5004;servicios y tasas;SERVICIOS Y TASAS;1
8864;84;5014;COMISIONES MERCADO LIBRE;COMISIONES MERCADO LIBRE;1
8865;61;5015;COMISIONES MERCADO LIBRE;COMISIONES MERCADO LIBRE;0
8866;108;5015;Comisiones Mercado Libre;COMISIONES MERCADO LIBRE;0
8867;5;5051;COMISIONES MERCADO LIBRE;COMISIONES MERCADO LIBRE;1
8868;51;5014;COMISIONES MERCADO LIBRE;COMISIONES MERCADO LIBRE;1
8869;44;5014;COMISIONES DE MERCADOLIBRE;COMISIONES MERCADO LIBRE;1
8870;47;5014;COMISIONES MERCADO LIBRE;COMISIONES MERCADO LIBRE;1
8871;23;5014;Comisiones Mercadolibre;COMISIONES MERCADO LIBRE;1
8872;106;5051;COMISIONES SGR;COMISIONES SGR;1
8873;26;5014;COMISIONES MERCADO LIBRE;COMISIONES MERCADO LIBRE;1
8874;124;5014;COMISIONES MERCADO LIBRE;COMISIONES MERCADO LIBRE;1
8875;232;4000;VENTAS;VENTAS;1
8876;232;5000;COMPRAS;COMPRAS;1
8877;232;5001;COMISION TARJETAS DE CREDITO;COMISION TARJETAS DE CREDITO;1
8878;232;5002;COMBUSTIBLES Y LUBRICANTES;COMBUSTIBLES Y LUBRICANTES;1
8879;232;5003;FLETES Y CORREO;FLETES Y CORREO;1
8880;232;5005;LIBRERIA Y PAPELERIA;LIBRERIA Y PAPELERIA;1
8881;232;5006;HONORARIOS PROFESIONALES;HONORARIOS PROFESIONALES;1
8882;232;5007;ALQUILERES PAGADOS;ALQUILERES PAGADOS;1
8883;232;5008;SEGUROS PAGADOS;SEGUROS PAGADOS;1
8884;232;5010;GASTOS GENERALES;GASTOS GENERALES;1
8885;232;5011;SERVICISO INFORMATICOS;SERVICIOS INFORMATICOS;1
8886;232;5012;CANON;CANON;1
8887;232;5013;SERVICIOS JURIDICOS;SERVICIOS JURIDICOS;1
8888;232;5030;BANCO NACION - INTERES POR DESCUBIERTO;BANCO NACION - INTERES POR DESCUBIERTO;1
8889;232;5009;INTERESES BANCARIOS;INTERESES BANCARIOS;1
8890;232;5031;BANCO NACION - GASTOS DE MANTENIMIENTO DE CUENTA;BANCO NACION - GASTOS DE MANTENIMIENTO DE CUENTA;1
8891;232;5032;BANCO NACION - INTERESES POR PRESTAMOS;BANCO NACION - INTERESES POR PRESTAMOS;1
8892;232;5033;BANCO SANTANDER - INTERES POR DESCUBIERTO;BANCO SANTANDER - INTERES POR DESCUBIERTO;1
8893;232;5036;BANCO GALICIA - INTERES POR DESCUBIERTO;BANCO GALICIA - INTERES POR DESCUBIERTO;1
8894;232;5039;BBVA FRANCES - INTERES POR DESCUBIERTO;BBVA FRANCES - INTERES POR DESCUBIERTO;1
8895;232;5042;BANCO CREDICOOP - INTERES POR DESCUBIERTO;BANCO CREDICOOP - INTERES POR DESCUBIERTO;1
8896;232;5045;BANCO HSBC - INTERES POR DESCUBIERTO;BANCO HSBC - INTERES POR DESCUBIERTO;1
8897;232;5048;BANCO PATAGONIA - INTERES POR DESCUBIERTO;BANCO PATAGONIA - INTERES POR DESCUBIERTO;1
8898;232;5034;BANCO SANTANDER - GASTOS DE MANTENIMIENTO DE CUENTA;BANCO SANTANDER - GASTOS DE MANTENIMIENTO DE CUENTA;1
8899;232;5037;BANCO GALICIA - GASTOS DE MANTENIMIENTO DE CUENTA;BANCO GALICIA - GASTOS DE MANTENIMIENTO DE CUENTA;1
8900;232;5043;BANCO CREDICOOP - GASTOS DE MANTENIMIENTO DE CUENTA;BANCO CREDICOOP - GASTOS DE MANTENIMIENTO DE CUENTA;1
8901;232;5046;BANCO HSBC - GASTOS DE MANTENIMIENTO DE CUENTA;BANCO HSBC - GASTOS DE MANTENIMIENTO DE CUENTA;1
8902;232;5049;BANCO PATAGONIA - GASTOS DE MANTENIMIENTO DE CUENTA;BANCO PATAGONIA - GASTOS DE MANTENIMIENTO DE CUENTA;1
8903;232;5035;BANCO SANTANDER - INTERESES POR PRESTAMOS;BANCO SANTANDER - INTERESES POR PRESTAMOS;1
8904;232;5038;BANCO GALICIA - INTERESES POR PRESTAMOS;BANCO GALICIA - INTERESES POR PRESTAMOS;1
8905;232;5041;BBVA FRANCES - INTERESES POR PRESTAMOS;BBVA FRANCES - INTERESES POR PRESTAMOS;1
8906;232;5044;BANCO CREDICOOP- INTERESES POR PRESTAMOS;BANCO CREDICOOP- INTERESES POR PRESTAMOS;1
8907;232;5047;BANCO HSBC - INTERESES POR PRESTAMOS;BANCO HSBC - INTERESES POR PRESTAMOS;1
8908;232;5050;BANCO PATAGONIA- INTERESES POR PRESTAMOS;BANCO PATAGONIA- INTERESES POR PRESTAMOS;1
8909;232;1050;RODADOS - BIENES DE USO;RODADOS - BIENES DE USO;1
8910;232;1051;MUEBLES Y UTILES - BIENES DE USO;MUEBLES Y UTILES - BIENES DE USO;1
8911;232;1052;MAQUINARIA - BIENES DE USO;MAQUINARIA - BIENES DE USO;1
8912;232;1053;INMUEBLES - BIENES DE USO;INMUEBLES - BIENES DE USO;1
8913;232;5020;RODADOS - GASTOS DE MANTENIMIENTO;RODADOS - GASTOS DE MANTENIMIENTO;1
8914;232;5021;MUEBLES Y UTILES - GASTOS DE MANTENIMIENTO;MUEBLES Y UTILES - GASTOS DE MANTENIMIENTO;1
8915;232;5022;MAQUINARIA - GASTOS DE MANTENIMIENTO;MAQUINARIA - GASTOS DE MANTENIMIENTO;1
8916;232;5023;INMUEBLES - GASTOS DE MANTENIMIENTO;INMUEBLES - GASTOS DE MANTENIMIENTO;1
8917;232;5024;COMPRA DE BIENES USADOS A CF;COMPRA DE BIENES USADOS A CF;1
8918;232;1059;INSTALACIONES - BIENES DE USO;INSTALACIONES - BIENES DE USO;1
8919;232;5025;INSTALACIONES - GASTOS DE MANTENIMIENTO;INSTALACIONES - GASTOS DE MANTENIMIENTO;1
8920;232;5004;SERVICIOS Y TASAS;SERVICIOS Y TASAS;1
8921;232;5051;BANCO HIPOTECARIO - COMISIONES CUENTA;BANCO HIPOTECARIO - COMISIONES CUENTA;1
8922;232;5040;BBVA FRANCES - COMISIONES BANCARIAS;BBVA FRANCES - COMISIONES BANCARIAS;1
8923;232;5052;COMISIONES SGR;COMISIONES SGR;1
8924;232;5014;COMISION MERCADOLIBRE;COMISIONES MERCADO LIBRE;1
8925;138;5014;COMISIONES MERCADO LIBRE;COMISIONES MERCADO LIBRE;1
8926;153;5014;COMISION MERCADO LIBRE;COMISIONES MERCADO LIBRE;1
8927;146;5051;COMISIONES SGR;COMISIONES SGR;1
8928;36;5014;comisiones mercado libre;COMISIONES MERCADO LIBRE;1
8929;145;5021;MUEBLES Y UTILES - GASTOS DE MANTENIMIENTO;MUEBLES Y UTILES - GASTOS DE MANTENIMIENTO;1
8930;234;4000;VENTAS;VENTAS;1
8931;234;5000;COMPRAS;COMPRAS;1
8932;234;5001;COMISION TARJETAS DE CREDITO;COMISION TARJETAS DE CREDITO;1
8933;234;5002;COMBUSTIBLES Y LUBRICANTES;COMBUSTIBLES Y LUBRICANTES;1
8934;234;5003;FLETES Y CORREO;FLETES Y CORREO;1
8935;234;5005;LIBRERIA Y PAPELERIA;LIBRERIA Y PAPELERIA;1
8936;234;5006;HONORARIOS PROFESIONALES;HONORARIOS PROFESIONALES;1
8937;234;5007;ALQUILERES PAGADOS;ALQUILERES PAGADOS;1
8938;234;5008;SEGUROS PAGADOS;SEGUROS PAGADOS;1
8939;234;5010;GASTOS GENERALES;GASTOS GENERALES;1
8940;234;5011;SERVICISO INFORMATICOS;SERVICIOS INFORMATICOS;1
8941;234;5012;CANON;CANON;1
8942;234;5013;SERVICIOS JURIDICOS;SERVICIOS JURIDICOS;1
8943;234;5030;BANCO NACION - INTERES POR DESCUBIERTO;BANCO NACION - INTERES POR DESCUBIERTO;1
8944;234;5009;INTERESES BANCARIOS;INTERESES BANCARIOS;1
8945;234;5031;BANCO NACION - GASTOS DE MANTENIMIENTO DE CUENTA;BANCO NACION - GASTOS DE MANTENIMIENTO DE CUENTA;1
8946;234;5032;BANCO NACION - INTERESES POR PRESTAMOS;BANCO NACION - INTERESES POR PRESTAMOS;1
8947;234;5033;BANCO SANTANDER - INTERES POR DESCUBIERTO;BANCO SANTANDER - INTERES POR DESCUBIERTO;1
8948;234;5036;BANCO GALICIA - INTERES POR DESCUBIERTO;BANCO GALICIA - INTERES POR DESCUBIERTO;1
8949;234;5039;BBVA FRANCES - INTERES POR DESCUBIERTO;BBVA FRANCES - INTERES POR DESCUBIERTO;1
8950;234;5042;BANCO CREDICOOP - INTERES POR DESCUBIERTO;BANCO CREDICOOP - INTERES POR DESCUBIERTO;1
8951;234;5045;BANCO HSBC - INTERES POR DESCUBIERTO;BANCO HSBC - INTERES POR DESCUBIERTO;1
8952;234;5048;BANCO PATAGONIA - INTERES POR DESCUBIERTO;BANCO PATAGONIA - INTERES POR DESCUBIERTO;1
8953;234;5034;BANCO SANTANDER - GASTOS DE MANTENIMIENTO DE CUENTA;BANCO SANTANDER - GASTOS DE MANTENIMIENTO DE CUENTA;1
8954;234;5037;BANCO GALICIA - GASTOS DE MANTENIMIENTO DE CUENTA;BANCO GALICIA - GASTOS DE MANTENIMIENTO DE CUENTA;1
8955;234;5043;BANCO CREDICOOP - GASTOS DE MANTENIMIENTO DE CUENTA;BANCO CREDICOOP - GASTOS DE MANTENIMIENTO DE CUENTA;1
8956;234;5046;BANCO HSBC - GASTOS DE MANTENIMIENTO DE CUENTA;BANCO HSBC - GASTOS DE MANTENIMIENTO DE CUENTA;1
8957;234;5049;BANCO PATAGONIA - GASTOS DE MANTENIMIENTO DE CUENTA;BANCO PATAGONIA - GASTOS DE MANTENIMIENTO DE CUENTA;1
8958;234;5035;BANCO SANTANDER - INTERESES POR PRESTAMOS;BANCO SANTANDER - INTERESES POR PRESTAMOS;1
8959;234;5038;BANCO GALICIA - INTERESES POR PRESTAMOS;BANCO GALICIA - INTERESES POR PRESTAMOS;1
8960;234;5041;BBVA FRANCES - INTERESES POR PRESTAMOS;BBVA FRANCES - INTERESES POR PRESTAMOS;1
8961;234;5044;BANCO CREDICOOP- INTERESES POR PRESTAMOS;BANCO CREDICOOP- INTERESES POR PRESTAMOS;1
8962;234;5047;BANCO HSBC - INTERESES POR PRESTAMOS;BANCO HSBC - INTERESES POR PRESTAMOS;1
8963;234;5050;BANCO PATAGONIA- INTERESES POR PRESTAMOS;BANCO PATAGONIA- INTERESES POR PRESTAMOS;1
8964;234;1050;RODADOS - BIENES DE USO;RODADOS - BIENES DE USO;1
8965;234;1051;MUEBLES Y UTILES - BIENES DE USO;MUEBLES Y UTILES - BIENES DE USO;1
8966;234;1052;MAQUINARIA - BIENES DE USO;MAQUINARIA - BIENES DE USO;1
8967;234;1053;INMUEBLES - BIENES DE USO;INMUEBLES - BIENES DE USO;1
8968;234;5020;RODADOS - GASTOS DE MANTENIMIENTO;RODADOS - GASTOS DE MANTENIMIENTO;1
8969;234;5021;MUEBLES Y UTILES - GASTOS DE MANTENIMIENTO;MUEBLES Y UTILES - GASTOS DE MANTENIMIENTO;1
8970;234;5022;MAQUINARIA - GASTOS DE MANTENIMIENTO;MAQUINARIA - GASTOS DE MANTENIMIENTO;1
8971;234;5023;INMUEBLES - GASTOS DE MANTENIMIENTO;INMUEBLES - GASTOS DE MANTENIMIENTO;1
8972;234;5024;COMPRA DE BIENES USADOS A CF;COMPRA DE BIENES USADOS A CF;1
8973;234;1059;INSTALACIONES - BIENES DE USO;INSTALACIONES - BIENES DE USO;1
8974;234;5025;INSTALACIONES - GASTOS DE MANTENIMIENTO;INSTALACIONES - GASTOS DE MANTENIMIENTO;1
8975;234;5004;SERVICIOS Y TASAS;SERVICIOS Y TASAS;1
8976;28;5014;COMISION MERCADO LIBRE;COMISIONES MERCADO LIBRE;1
8977;49;5014;COMISIONES MERCADO LIBRE;COMISIONES MERCADO LIBRE;1
8978;225;4000;VENTAS;VENTAS;1
8979;225;5000;COMPRAS;COMPRAS;1
8980;225;5001;COMISION TARJETAS DE CREDITO;COMISION TARJETAS DE CREDITO;1
8981;225;5002;COMBUSTIBLES Y LUBRICANTES;COMBUSTIBLES Y LUBRICANTES;1
8982;225;5003;FLETES Y CORREO;FLETES Y CORREO;1
8983;225;5005;LIBRERIA Y PAPELERIA;LIBRERIA Y PAPELERIA;1
8984;225;5006;HONORARIOS PROFESIONALES;HONORARIOS PROFESIONALES;1
8985;225;5007;ALQUILERES PAGADOS;ALQUILERES PAGADOS;1
8986;225;5008;SEGUROS PAGADOS;SEGUROS PAGADOS;1
8987;225;5010;GASTOS GENERALES;GASTOS GENERALES;1
8988;225;5011;SERVICISO INFORMATICOS;SERVICIOS INFORMATICOS;1
8989;225;5012;CANON;CANON;1
8990;225;5013;SERVICIOS JURIDICOS;SERVICIOS JURIDICOS;1
8991;225;5030;BANCO NACION - INTERES POR DESCUBIERTO;BANCO NACION - INTERES POR DESCUBIERTO;1
8992;225;5009;INTERESES BANCARIOS;INTERESES BANCARIOS;1
8993;225;5031;BANCO NACION - GASTOS DE MANTENIMIENTO DE CUENTA;BANCO NACION - GASTOS DE MANTENIMIENTO DE CUENTA;1
8994;225;5032;BANCO NACION - INTERESES POR PRESTAMOS;BANCO NACION - INTERESES POR PRESTAMOS;1
8995;225;5033;BANCO SANTANDER - INTERES POR DESCUBIERTO;BANCO SANTANDER - INTERES POR DESCUBIERTO;1
8996;225;5036;BANCO GALICIA - INTERES POR DESCUBIERTO;BANCO GALICIA - INTERES POR DESCUBIERTO;1
8997;225;5039;BBVA FRANCES - INTERES POR DESCUBIERTO;BBVA FRANCES - INTERES POR DESCUBIERTO;1
8998;225;5042;BANCO CREDICOOP - INTERES POR DESCUBIERTO;BANCO CREDICOOP - INTERES POR DESCUBIERTO;1
8999;225;5045;BANCO HSBC - INTERES POR DESCUBIERTO;BANCO HSBC - INTERES POR DESCUBIERTO;1
9000;225;5048;BANCO PATAGONIA - INTERES POR DESCUBIERTO;BANCO PATAGONIA - INTERES POR DESCUBIERTO;1
9001;225;5034;BANCO SANTANDER - GASTOS DE MANTENIMIENTO DE CUENTA;BANCO SANTANDER - GASTOS DE MANTENIMIENTO DE CUENTA;1
9002;225;5037;BANCO GALICIA - GASTOS DE MANTENIMIENTO DE CUENTA;BANCO GALICIA - GASTOS DE MANTENIMIENTO DE CUENTA;1
9003;225;5043;BANCO CREDICOOP - GASTOS DE MANTENIMIENTO DE CUENTA;BANCO CREDICOOP - GASTOS DE MANTENIMIENTO DE CUENTA;1
9004;225;5046;BANCO HSBC - GASTOS DE MANTENIMIENTO DE CUENTA;BANCO HSBC - GASTOS DE MANTENIMIENTO DE CUENTA;1
9005;225;5049;BANCO PATAGONIA - GASTOS DE MANTENIMIENTO DE CUENTA;BANCO PATAGONIA - GASTOS DE MANTENIMIENTO DE CUENTA;1
9006;225;5035;BANCO SANTANDER - INTERESES POR PRESTAMOS;BANCO SANTANDER - INTERESES POR PRESTAMOS;1
9007;225;5038;BANCO GALICIA - INTERESES POR PRESTAMOS;BANCO GALICIA - INTERESES POR PRESTAMOS;1
9008;225;5041;BBVA FRANCES - INTERESES POR PRESTAMOS;BBVA FRANCES - INTERESES POR PRESTAMOS;1
9009;225;5044;BANCO CREDICOOP- INTERESES POR PRESTAMOS;BANCO CREDICOOP- INTERESES POR PRESTAMOS;1
9010;225;5047;BANCO HSBC - INTERESES POR PRESTAMOS;BANCO HSBC - INTERESES POR PRESTAMOS;1
9011;225;5050;BANCO PATAGONIA- INTERESES POR PRESTAMOS;BANCO PATAGONIA- INTERESES POR PRESTAMOS;1
9012;225;1050;RODADOS - BIENES DE USO;RODADOS - BIENES DE USO;1
9013;225;1051;MUEBLES Y UTILES - BIENES DE USO;MUEBLES Y UTILES - BIENES DE USO;1
9014;225;1052;MAQUINARIA - BIENES DE USO;MAQUINARIA - BIENES DE USO;1
9015;225;1053;INMUEBLES - BIENES DE USO;INMUEBLES - BIENES DE USO;1
9016;225;5020;RODADOS - GASTOS DE MANTENIMIENTO;RODADOS - GASTOS DE MANTENIMIENTO;1
9017;225;5021;MUEBLES Y UTILES - GASTOS DE MANTENIMIENTO;MUEBLES Y UTILES - GASTOS DE MANTENIMIENTO;1
9018;225;5022;MAQUINARIA - GASTOS DE MANTENIMIENTO;MAQUINARIA - GASTOS DE MANTENIMIENTO;1
9019;225;5023;INMUEBLES - GASTOS DE MANTENIMIENTO;INMUEBLES - GASTOS DE MANTENIMIENTO;1
9020;225;5024;COMPRA DE BIENES USADOS A CF;COMPRA DE BIENES USADOS A CF;1
9021;225;1059;INSTALACIONES - BIENES DE USO;INSTALACIONES - BIENES DE USO;1
9022;225;5025;INSTALACIONES - GASTOS DE MANTENIMIENTO;INSTALACIONES - GASTOS DE MANTENIMIENTO;1
9023;225;5004;SERVICIOS Y TASAS;SERVICIOS Y TASAS;1
9024;235;4000;VENTAS;VENTAS;1
9025;235;5000;COMPRAS;COMPRAS;1
9026;235;5001;COMISION TARJETAS DE CREDITO;COMISION TARJETAS DE CREDITO;1
9027;235;5002;COMBUSTIBLES Y LUBRICANTES;COMBUSTIBLES Y LUBRICANTES;1
9028;235;5003;FLETES Y CORREO;FLETES Y CORREO;1
9029;235;5005;LIBRERIA Y PAPELERIA;LIBRERIA Y PAPELERIA;1
9030;235;5006;HONORARIOS PROFESIONALES;HONORARIOS PROFESIONALES;1
9031;235;5007;ALQUILERES PAGADOS;ALQUILERES PAGADOS;1
9032;235;5008;SEGUROS PAGADOS;SEGUROS PAGADOS;1
9033;235;5010;GASTOS GENERALES;GASTOS GENERALES;1
9034;235;5011;SERVICISO INFORMATICOS;SERVICIOS INFORMATICOS;1
9035;235;5012;CANON;CANON;1
9036;235;5013;SERVICIOS JURIDICOS;SERVICIOS JURIDICOS;1
9037;235;5030;BANCO NACION - INTERES POR DESCUBIERTO;BANCO NACION - INTERES POR DESCUBIERTO;1
9038;235;5009;INTERESES BANCARIOS;INTERESES BANCARIOS;1
9039;235;5031;BANCO NACION - GASTOS DE MANTENIMIENTO DE CUENTA;BANCO NACION - GASTOS DE MANTENIMIENTO DE CUENTA;1
9040;235;5032;BANCO NACION - INTERESES POR PRESTAMOS;BANCO NACION - INTERESES POR PRESTAMOS;1
9041;235;5033;BANCO SANTANDER - INTERES POR DESCUBIERTO;BANCO SANTANDER - INTERES POR DESCUBIERTO;1
9042;235;5036;BANCO GALICIA - INTERES POR DESCUBIERTO;BANCO GALICIA - INTERES POR DESCUBIERTO;1
9043;235;5039;BBVA FRANCES - INTERES POR DESCUBIERTO;BBVA FRANCES - INTERES POR DESCUBIERTO;1
9044;235;5042;BANCO CREDICOOP - INTERES POR DESCUBIERTO;BANCO CREDICOOP - INTERES POR DESCUBIERTO;1
9045;235;5045;BANCO HSBC - INTERES POR DESCUBIERTO;BANCO HSBC - INTERES POR DESCUBIERTO;1
9046;235;5048;BANCO PATAGONIA - INTERES POR DESCUBIERTO;BANCO PATAGONIA - INTERES POR DESCUBIERTO;1
9047;235;5034;BANCO SANTANDER - GASTOS DE MANTENIMIENTO DE CUENTA;BANCO SANTANDER - GASTOS DE MANTENIMIENTO DE CUENTA;1
9048;235;5037;BANCO GALICIA - GASTOS DE MANTENIMIENTO DE CUENTA;BANCO GALICIA - GASTOS DE MANTENIMIENTO DE CUENTA;1
9049;235;5043;BANCO CREDICOOP - GASTOS DE MANTENIMIENTO DE CUENTA;BANCO CREDICOOP - GASTOS DE MANTENIMIENTO DE CUENTA;1
9050;235;5046;BANCO HSBC - GASTOS DE MANTENIMIENTO DE CUENTA;BANCO HSBC - GASTOS DE MANTENIMIENTO DE CUENTA;1
9051;235;5049;BANCO PATAGONIA - GASTOS DE MANTENIMIENTO DE CUENTA;BANCO PATAGONIA - GASTOS DE MANTENIMIENTO DE CUENTA;1
9052;235;5035;BANCO SANTANDER - INTERESES POR PRESTAMOS;BANCO SANTANDER - INTERESES POR PRESTAMOS;1
9053;235;5038;BANCO GALICIA - INTERESES POR PRESTAMOS;BANCO GALICIA - INTERESES POR PRESTAMOS;1
9054;235;5041;BBVA FRANCES - INTERESES POR PRESTAMOS;BBVA FRANCES - INTERESES POR PRESTAMOS;1
9055;235;5044;BANCO CREDICOOP- INTERESES POR PRESTAMOS;BANCO CREDICOOP- INTERESES POR PRESTAMOS;1
9056;235;5047;BANCO HSBC - INTERESES POR PRESTAMOS;BANCO HSBC - INTERESES POR PRESTAMOS;1
9057;235;5050;BANCO PATAGONIA- INTERESES POR PRESTAMOS;BANCO PATAGONIA- INTERESES POR PRESTAMOS;1
9058;235;1050;RODADOS - BIENES DE USO;RODADOS - BIENES DE USO;1
9059;235;1051;MUEBLES Y UTILES - BIENES DE USO;MUEBLES Y UTILES - BIENES DE USO;1
9060;235;1052;MAQUINARIA - BIENES DE USO;MAQUINARIA - BIENES DE USO;1
9061;235;1053;INMUEBLES - BIENES DE USO;INMUEBLES - BIENES DE USO;1
9062;235;5020;RODADOS - GASTOS DE MANTENIMIENTO;RODADOS - GASTOS DE MANTENIMIENTO;1
9063;235;5021;MUEBLES Y UTILES - GASTOS DE MANTENIMIENTO;MUEBLES Y UTILES - GASTOS DE MANTENIMIENTO;1
9064;235;5022;MAQUINARIA - GASTOS DE MANTENIMIENTO;MAQUINARIA - GASTOS DE MANTENIMIENTO;1
9065;235;5023;INMUEBLES - GASTOS DE MANTENIMIENTO;INMUEBLES - GASTOS DE MANTENIMIENTO;1
9066;235;5024;COMPRA DE BIENES USADOS A CF;COMPRA DE BIENES USADOS A CF;1
9067;235;1059;INSTALACIONES - BIENES DE USO;INSTALACIONES - BIENES DE USO;1
9068;235;5025;INSTALACIONES - GASTOS DE MANTENIMIENTO;INSTALACIONES - GASTOS DE MANTENIMIENTO;1
9069;235;5004;SERVICIOS Y TASAS;SERVICIOS Y TASAS;1
9070;91;5015;COMISIONES SGR;COMISIONES SGR;1
9071;229;5000;Compras;COMPRAS;1
9072;99;5014;COMISIONES MERCADO LIBRE;COMISIONES MERCADO LIBRE;1
9073;55;5014;COMISION MERCADOLIBRE;COMISIONES MERCADO LIBRE;1
9074;236;4000;VENTAS;VENTAS;1
9075;236;5000;COMPRAS;COMPRAS;1
9076;236;5001;COMISION TARJETAS DE CREDITO;COMISION TARJETAS DE CREDITO;1
9077;236;5002;COMBUSTIBLES Y LUBRICANTES;COMBUSTIBLES Y LUBRICANTES;1
9078;236;5003;FLETES Y CORREO;FLETES Y CORREO;1
9079;236;5005;LIBRERIA Y PAPELERIA;LIBRERIA Y PAPELERIA;1
9080;236;5006;HONORARIOS PROFESIONALES;HONORARIOS PROFESIONALES;1
9081;236;5007;ALQUILERES PAGADOS;ALQUILERES PAGADOS;1
9082;236;5008;SEGUROS PAGADOS;SEGUROS PAGADOS;1
9083;236;5010;GASTOS GENERALES;GASTOS GENERALES;1
9084;236;5011;SERVICISO INFORMATICOS;SERVICIOS INFORMATICOS;1
9085;236;5012;CANON;CANON;1
9086;236;5013;SERVICIOS JURIDICOS;SERVICIOS JURIDICOS;1
9087;236;5030;BANCO NACION - INTERES POR DESCUBIERTO;BANCO NACION - INTERES POR DESCUBIERTO;1
9088;236;5009;INTERESES BANCARIOS;INTERESES BANCARIOS;1
9089;236;5031;BANCO NACION - GASTOS DE MANTENIMIENTO DE CUENTA;BANCO NACION - GASTOS DE MANTENIMIENTO DE CUENTA;1
9090;236;5032;BANCO NACION - INTERESES POR PRESTAMOS;BANCO NACION - INTERESES POR PRESTAMOS;1
9091;236;5033;BANCO SANTANDER - INTERES POR DESCUBIERTO;BANCO SANTANDER - INTERES POR DESCUBIERTO;1
9092;236;5036;BANCO GALICIA - INTERES POR DESCUBIERTO;BANCO GALICIA - INTERES POR DESCUBIERTO;1
9093;236;5039;BBVA FRANCES - INTERES POR DESCUBIERTO;BBVA FRANCES - INTERES POR DESCUBIERTO;1
9094;236;5042;BANCO CREDICOOP - INTERES POR DESCUBIERTO;BANCO CREDICOOP - INTERES POR DESCUBIERTO;1
9095;236;5045;BANCO HSBC - INTERES POR DESCUBIERTO;BANCO HSBC - INTERES POR DESCUBIERTO;1
9096;236;5048;BANCO PATAGONIA - INTERES POR DESCUBIERTO;BANCO PATAGONIA - INTERES POR DESCUBIERTO;1
9097;236;5034;BANCO SANTANDER - GASTOS DE MANTENIMIENTO DE CUENTA;BANCO SANTANDER - GASTOS DE MANTENIMIENTO DE CUENTA;1
9098;236;5037;BANCO GALICIA - GASTOS DE MANTENIMIENTO DE CUENTA;BANCO GALICIA - GASTOS DE MANTENIMIENTO DE CUENTA;1
9099;236;5043;BANCO CREDICOOP - GASTOS DE MANTENIMIENTO DE CUENTA;BANCO CREDICOOP - GASTOS DE MANTENIMIENTO DE CUENTA;1
9100;236;5046;BANCO HSBC - GASTOS DE MANTENIMIENTO DE CUENTA;BANCO HSBC - GASTOS DE MANTENIMIENTO DE CUENTA;1
9101;236;5049;BANCO PATAGONIA - GASTOS DE MANTENIMIENTO DE CUENTA;BANCO PATAGONIA - GASTOS DE MANTENIMIENTO DE CUENTA;1
9102;236;5035;BANCO SANTANDER - INTERESES POR PRESTAMOS;BANCO SANTANDER - INTERESES POR PRESTAMOS;1
9103;236;5038;BANCO GALICIA - INTERESES POR PRESTAMOS;BANCO GALICIA - INTERESES POR PRESTAMOS;1
9104;236;5041;BBVA FRANCES - INTERESES POR PRESTAMOS;BBVA FRANCES - INTERESES POR PRESTAMOS;1
9105;236;5044;BANCO CREDICOOP- INTERESES POR PRESTAMOS;BANCO CREDICOOP- INTERESES POR PRESTAMOS;1
9106;236;5047;BANCO HSBC - INTERESES POR PRESTAMOS;BANCO HSBC - INTERESES POR PRESTAMOS;1
9107;236;5050;BANCO PATAGONIA- INTERESES POR PRESTAMOS;BANCO PATAGONIA- INTERESES POR PRESTAMOS;1
9108;236;1050;RODADOS - BIENES DE USO;RODADOS - BIENES DE USO;1
9109;236;1051;MUEBLES Y UTILES - BIENES DE USO;MUEBLES Y UTILES - BIENES DE USO;1
9110;236;1052;MAQUINARIA - BIENES DE USO;MAQUINARIA - BIENES DE USO;1
9111;236;1053;INMUEBLES - BIENES DE USO;INMUEBLES - BIENES DE USO;1
9112;236;5020;RODADOS - GASTOS DE MANTENIMIENTO;RODADOS - GASTOS DE MANTENIMIENTO;1
9113;236;5021;MUEBLES Y UTILES - GASTOS DE MANTENIMIENTO;MUEBLES Y UTILES - GASTOS DE MANTENIMIENTO;1
9114;236;5022;MAQUINARIA - GASTOS DE MANTENIMIENTO;MAQUINARIA - GASTOS DE MANTENIMIENTO;1
9115;236;5023;INMUEBLES - GASTOS DE MANTENIMIENTO;INMUEBLES - GASTOS DE MANTENIMIENTO;1
9116;236;5024;COMPRA DE BIENES USADOS A CF;COMPRA DE BIENES USADOS A CF;1
9117;236;1059;INSTALACIONES - BIENES DE USO;INSTALACIONES - BIENES DE USO;1
9118;236;5025;INSTALACIONES - GASTOS DE MANTENIMIENTO;INSTALACIONES - GASTOS DE MANTENIMIENTO;1
9119;236;5004;SERVICIOS Y TASAS;SERVICIOS Y TASAS;1
9120;236;5051;BANCO HIPOTECARIO - COMISIONES CUENTA;BANCO HIPOTECARIO - COMISIONES CUENTA;1
9121;236;5040;BBVA FRANCES - COMISIONES BANCARIAS;BBVA FRANCES - COMISIONES BANCARIAS;1
9122;236;5052;COMISIONES SGR;COMISIONES SGR;1
9123;237;4000;VENTAS;VENTAS;1
9124;237;5000;COMPRAS;COMPRAS;1
9125;237;5001;COMISION TARJETAS DE CREDITO;COMISION TARJETAS DE CREDITO;1
9126;237;5002;COMBUSTIBLES Y LUBRICANTES;COMBUSTIBLES Y LUBRICANTES;1
9127;237;5003;FLETES Y CORREO;FLETES Y CORREO;1
9128;237;5005;LIBRERIA Y PAPELERIA;LIBRERIA Y PAPELERIA;1
9129;237;5006;HONORARIOS PROFESIONALES;HONORARIOS PROFESIONALES;1
9130;237;5007;ALQUILERES PAGADOS;ALQUILERES PAGADOS;1
9131;237;5008;SEGUROS PAGADOS;SEGUROS PAGADOS;1
9132;237;5010;GASTOS GENERALES;GASTOS GENERALES;1
9133;237;5011;SERVICISO INFORMATICOS;SERVICIOS INFORMATICOS;1
9134;237;5012;CANON;CANON;1
9135;237;5013;SERVICIOS JURIDICOS;SERVICIOS JURIDICOS;1
9136;237;5030;BANCO NACION - INTERES POR DESCUBIERTO;BANCO NACION - INTERES POR DESCUBIERTO;1
9137;237;5009;INTERESES BANCARIOS;INTERESES BANCARIOS;1
9138;237;5031;BANCO NACION - GASTOS DE MANTENIMIENTO DE CUENTA;BANCO NACION - GASTOS DE MANTENIMIENTO DE CUENTA;1
9139;237;5032;BANCO NACION - INTERESES POR PRESTAMOS;BANCO NACION - INTERESES POR PRESTAMOS;1
9140;237;5033;BANCO SANTANDER - INTERES POR DESCUBIERTO;BANCO SANTANDER - INTERES POR DESCUBIERTO;1
9141;237;5036;BANCO GALICIA - INTERES POR DESCUBIERTO;BANCO GALICIA - INTERES POR DESCUBIERTO;1
9142;237;5039;BBVA FRANCES - INTERES POR DESCUBIERTO;BBVA FRANCES - INTERES POR DESCUBIERTO;1
9143;237;5042;BANCO CREDICOOP - INTERES POR DESCUBIERTO;BANCO CREDICOOP - INTERES POR DESCUBIERTO;1
9144;237;5045;BANCO HSBC - INTERES POR DESCUBIERTO;BANCO HSBC - INTERES POR DESCUBIERTO;1
9145;237;5048;BANCO PATAGONIA - INTERES POR DESCUBIERTO;BANCO PATAGONIA - INTERES POR DESCUBIERTO;1
9146;237;5034;BANCO SANTANDER - GASTOS DE MANTENIMIENTO DE CUENTA;BANCO SANTANDER - GASTOS DE MANTENIMIENTO DE CUENTA;1
9147;237;5037;BANCO GALICIA - GASTOS DE MANTENIMIENTO DE CUENTA;BANCO GALICIA - GASTOS DE MANTENIMIENTO DE CUENTA;1
9148;237;5043;BANCO CREDICOOP - GASTOS DE MANTENIMIENTO DE CUENTA;BANCO CREDICOOP - GASTOS DE MANTENIMIENTO DE CUENTA;1
9149;237;5046;BANCO HSBC - GASTOS DE MANTENIMIENTO DE CUENTA;BANCO HSBC - GASTOS DE MANTENIMIENTO DE CUENTA;1
9150;237;5049;BANCO PATAGONIA - GASTOS DE MANTENIMIENTO DE CUENTA;BANCO PATAGONIA - GASTOS DE MANTENIMIENTO DE CUENTA;1
9151;237;5035;BANCO SANTANDER - INTERESES POR PRESTAMOS;BANCO SANTANDER - INTERESES POR PRESTAMOS;1
9152;237;5038;BANCO GALICIA - INTERESES POR PRESTAMOS;BANCO GALICIA - INTERESES POR PRESTAMOS;1
9153;237;5041;BBVA FRANCES - INTERESES POR PRESTAMOS;BBVA FRANCES - INTERESES POR PRESTAMOS;1
9154;237;5044;BANCO CREDICOOP- INTERESES POR PRESTAMOS;BANCO CREDICOOP- INTERESES POR PRESTAMOS;1
9155;237;5047;BANCO HSBC - INTERESES POR PRESTAMOS;BANCO HSBC - INTERESES POR PRESTAMOS;1
9156;237;5050;BANCO PATAGONIA- INTERESES POR PRESTAMOS;BANCO PATAGONIA- INTERESES POR PRESTAMOS;1
9157;237;1050;RODADOS - BIENES DE USO;RODADOS - BIENES DE USO;1
9158;237;1051;MUEBLES Y UTILES - BIENES DE USO;MUEBLES Y UTILES - BIENES DE USO;1
9159;237;1052;MAQUINARIA - BIENES DE USO;MAQUINARIA - BIENES DE USO;1
9160;237;1053;INMUEBLES - BIENES DE USO;INMUEBLES - BIENES DE USO;1
9161;237;5020;RODADOS - GASTOS DE MANTENIMIENTO;RODADOS - GASTOS DE MANTENIMIENTO;1
9162;237;5021;MUEBLES Y UTILES - GASTOS DE MANTENIMIENTO;MUEBLES Y UTILES - GASTOS DE MANTENIMIENTO;1
9163;237;5022;MAQUINARIA - GASTOS DE MANTENIMIENTO;MAQUINARIA - GASTOS DE MANTENIMIENTO;1
9164;237;5023;INMUEBLES - GASTOS DE MANTENIMIENTO;INMUEBLES - GASTOS DE MANTENIMIENTO;1
9165;237;5024;COMPRA DE BIENES USADOS A CF;COMPRA DE BIENES USADOS A CF;1
9166;237;1059;INSTALACIONES - BIENES DE USO;INSTALACIONES - BIENES DE USO;1
9167;237;5025;INSTALACIONES - GASTOS DE MANTENIMIENTO;INSTALACIONES - GASTOS DE MANTENIMIENTO;1
9168;237;5004;servicios y tasas;SERVICIOS Y TASAS;1
9169;237;5014;COMISION MERCADO LIBRE;COMISIONES MERCADO LIBRE;1
9170;113;5051;COMISIONES SGR;COMISIONES SGR;1
9171;124;2014;COMISIONES MERCADO LIBRE;COMISIONES MERCADO LIBRE;0
9172;6;50512;COMISIONES SGR;COMISIONES SGR;1
9173;238;4000;VENTAS;VENTAS;1
9174;238;5000;COMPRAS;COMPRAS;1
9175;238;5001;COMISION TARJETAS DE CREDITO;COMISION TARJETAS DE CREDITO;1
9176;238;5002;COMBUSTIBLES Y LUBRICANTES;COMBUSTIBLES Y LUBRICANTES;1
9177;238;5003;FLETES Y CORREO;FLETES Y CORREO;1
9178;238;5005;LIBRERIA Y PAPELERIA;LIBRERIA Y PAPELERIA;1
9179;238;5006;HONORARIOS PROFESIONALES;HONORARIOS PROFESIONALES;1
9180;238;5007;ALQUILERES PAGADOS;ALQUILERES PAGADOS;1
9181;238;5008;SEGUROS PAGADOS;SEGUROS PAGADOS;1
9182;238;5010;GASTOS GENERALES;GASTOS GENERALES;1
9183;238;5011;SERVICISO INFORMATICOS;SERVICIOS INFORMATICOS;1
9184;238;5012;CANON;CANON;1
9185;238;5013;SERVICIOS JURIDICOS;SERVICIOS JURIDICOS;1
9186;238;5030;BANCO NACION - INTERES POR DESCUBIERTO;BANCO NACION - INTERES POR DESCUBIERTO;1
9187;238;5009;INTERESES BANCARIOS;INTERESES BANCARIOS;1
9188;238;5031;BANCO NACION - GASTOS DE MANTENIMIENTO DE CUENTA;BANCO NACION - GASTOS DE MANTENIMIENTO DE CUENTA;1
9189;238;5032;BANCO NACION - INTERESES POR PRESTAMOS;BANCO NACION - INTERESES POR PRESTAMOS;1
9190;238;5033;BANCO SANTANDER - INTERES POR DESCUBIERTO;BANCO SANTANDER - INTERES POR DESCUBIERTO;1
9191;238;5036;BANCO GALICIA - INTERES POR DESCUBIERTO;BANCO GALICIA - INTERES POR DESCUBIERTO;1
9192;238;5039;BBVA FRANCES - INTERES POR DESCUBIERTO;BBVA FRANCES - INTERES POR DESCUBIERTO;1
9193;238;5042;BANCO CREDICOOP - INTERES POR DESCUBIERTO;BANCO CREDICOOP - INTERES POR DESCUBIERTO;1
9194;238;5045;BANCO HSBC - INTERES POR DESCUBIERTO;BANCO HSBC - INTERES POR DESCUBIERTO;1
9195;238;5048;BANCO PATAGONIA - INTERES POR DESCUBIERTO;BANCO PATAGONIA - INTERES POR DESCUBIERTO;1
9196;238;5034;BANCO SANTANDER - GASTOS DE MANTENIMIENTO DE CUENTA;BANCO SANTANDER - GASTOS DE MANTENIMIENTO DE CUENTA;1
9197;238;5037;BANCO GALICIA - GASTOS DE MANTENIMIENTO DE CUENTA;BANCO GALICIA - GASTOS DE MANTENIMIENTO DE CUENTA;1
9198;238;5043;BANCO CREDICOOP - GASTOS DE MANTENIMIENTO DE CUENTA;BANCO CREDICOOP - GASTOS DE MANTENIMIENTO DE CUENTA;1
9199;238;5046;BANCO HSBC - GASTOS DE MANTENIMIENTO DE CUENTA;BANCO HSBC - GASTOS DE MANTENIMIENTO DE CUENTA;1
9200;238;5049;BANCO PATAGONIA - GASTOS DE MANTENIMIENTO DE CUENTA;BANCO PATAGONIA - GASTOS DE MANTENIMIENTO DE CUENTA;1
9201;238;5035;BANCO SANTANDER - INTERESES POR PRESTAMOS;BANCO SANTANDER - INTERESES POR PRESTAMOS;1
9202;238;5038;BANCO GALICIA - INTERESES POR PRESTAMOS;BANCO GALICIA - INTERESES POR PRESTAMOS;1
9203;238;5041;BBVA FRANCES - INTERESES POR PRESTAMOS;BBVA FRANCES - INTERESES POR PRESTAMOS;1
9204;238;5044;BANCO CREDICOOP- INTERESES POR PRESTAMOS;BANCO CREDICOOP- INTERESES POR PRESTAMOS;1
9205;238;5047;BANCO HSBC - INTERESES POR PRESTAMOS;BANCO HSBC - INTERESES POR PRESTAMOS;1
9206;238;5050;BANCO PATAGONIA- INTERESES POR PRESTAMOS;BANCO PATAGONIA- INTERESES POR PRESTAMOS;1
9207;238;1050;RODADOS - BIENES DE USO;RODADOS - BIENES DE USO;1
9208;238;1051;MUEBLES Y UTILES - BIENES DE USO;MUEBLES Y UTILES - BIENES DE USO;1
9209;238;1052;MAQUINARIA - BIENES DE USO;MAQUINARIA - BIENES DE USO;1
9210;238;1053;INMUEBLES - BIENES DE USO;INMUEBLES - BIENES DE USO;1
9211;238;5020;RODADOS - GASTOS DE MANTENIMIENTO;RODADOS - GASTOS DE MANTENIMIENTO;1
9212;238;5021;MUEBLES Y UTILES - GASTOS DE MANTENIMIENTO;MUEBLES Y UTILES - GASTOS DE MANTENIMIENTO;1
9213;238;5022;MAQUINARIA - GASTOS DE MANTENIMIENTO;MAQUINARIA - GASTOS DE MANTENIMIENTO;1
9214;238;5023;INMUEBLES - GASTOS DE MANTENIMIENTO;INMUEBLES - GASTOS DE MANTENIMIENTO;1
9215;238;5024;COMPRA DE BIENES USADOS A CF;COMPRA DE BIENES USADOS A CF;1
9216;238;1059;INSTALACIONES - BIENES DE USO;INSTALACIONES - BIENES DE USO;1
9217;238;5025;INSTALACIONES - GASTOS DE MANTENIMIENTO;INSTALACIONES - GASTOS DE MANTENIMIENTO;1
9218;238;5004;SERVICIOS Y TASAS;SERVICIOS Y TASAS;1
9219;238;5051;BANCO HIPOTECARIO - COMISIONES CUENTA;BANCO HIPOTECARIO - COMISIONES CUENTA;1
9220;238;5040;BBVA FRANCES - COMISIONES BANCARIAS;BBVA FRANCES - COMISIONES BANCARIAS;1
9221;238;5052;COMISIONES SGR;COMISIONES SGR;1
9222;239;4000;VENTAS;VENTAS;1
9223;239;5000;COMPRAS;COMPRAS;1
9224;239;5001;COMISION TARJETAS DE CREDITO;COMISION TARJETAS DE CREDITO;1
9225;239;5002;COMBUSTIBLES Y LUBRICANTES;COMBUSTIBLES Y LUBRICANTES;1
9226;239;5003;FLETES Y CORREO;FLETES Y CORREO;1
9227;239;5005;LIBRERIA Y PAPELERIA;LIBRERIA Y PAPELERIA;1
9228;239;5006;HONORARIOS PROFESIONALES;HONORARIOS PROFESIONALES;1
9229;239;5007;ALQUILERES PAGADOS;ALQUILERES PAGADOS;1
9230;239;5008;SEGUROS PAGADOS;SEGUROS PAGADOS;1
9231;239;5010;GASTOS GENERALES;GASTOS GENERALES;1
9232;239;5011;SERVICISO INFORMATICOS;SERVICIOS INFORMATICOS;1
9233;239;5012;CANON;CANON;1
9234;239;5013;SERVICIOS JURIDICOS;SERVICIOS JURIDICOS;1
9235;239;5030;BANCO NACION - INTERES POR DESCUBIERTO;BANCO NACION - INTERES POR DESCUBIERTO;1
9236;239;5009;INTERESES BANCARIOS;INTERESES BANCARIOS;1
9237;239;5031;BANCO NACION - GASTOS DE MANTENIMIENTO DE CUENTA;BANCO NACION - GASTOS DE MANTENIMIENTO DE CUENTA;1
9238;239;5032;BANCO NACION - INTERESES POR PRESTAMOS;BANCO NACION - INTERESES POR PRESTAMOS;1
9239;239;5033;BANCO SANTANDER - INTERES POR DESCUBIERTO;BANCO SANTANDER - INTERES POR DESCUBIERTO;1
9240;239;5036;BANCO GALICIA - INTERES POR DESCUBIERTO;BANCO GALICIA - INTERES POR DESCUBIERTO;1
9241;239;5039;BBVA FRANCES - INTERES POR DESCUBIERTO;BBVA FRANCES - INTERES POR DESCUBIERTO;1
9242;239;5042;BANCO CREDICOOP - INTERES POR DESCUBIERTO;BANCO CREDICOOP - INTERES POR DESCUBIERTO;1
9243;239;5045;BANCO HSBC - INTERES POR DESCUBIERTO;BANCO HSBC - INTERES POR DESCUBIERTO;1
9244;239;5048;BANCO PATAGONIA - INTERES POR DESCUBIERTO;BANCO PATAGONIA - INTERES POR DESCUBIERTO;1
9245;239;5034;BANCO SANTANDER - GASTOS DE MANTENIMIENTO DE CUENTA;BANCO SANTANDER - GASTOS DE MANTENIMIENTO DE CUENTA;1
9246;239;5037;BANCO GALICIA - GASTOS DE MANTENIMIENTO DE CUENTA;BANCO GALICIA - GASTOS DE MANTENIMIENTO DE CUENTA;1
9247;239;5043;BANCO CREDICOOP - GASTOS DE MANTENIMIENTO DE CUENTA;BANCO CREDICOOP - GASTOS DE MANTENIMIENTO DE CUENTA;1
9248;239;5046;BANCO HSBC - GASTOS DE MANTENIMIENTO DE CUENTA;BANCO HSBC - GASTOS DE MANTENIMIENTO DE CUENTA;1
9249;239;5049;BANCO PATAGONIA - GASTOS DE MANTENIMIENTO DE CUENTA;BANCO PATAGONIA - GASTOS DE MANTENIMIENTO DE CUENTA;1
9250;239;5035;BANCO SANTANDER - INTERESES POR PRESTAMOS;BANCO SANTANDER - INTERESES POR PRESTAMOS;1
9251;239;5038;BANCO GALICIA - INTERESES POR PRESTAMOS;BANCO GALICIA - INTERESES POR PRESTAMOS;1
9252;239;5041;BBVA FRANCES - INTERESES POR PRESTAMOS;BBVA FRANCES - INTERESES POR PRESTAMOS;1
9253;239;5044;BANCO CREDICOOP- INTERESES POR PRESTAMOS;BANCO CREDICOOP- INTERESES POR PRESTAMOS;1
9254;239;5047;BANCO HSBC - INTERESES POR PRESTAMOS;BANCO HSBC - INTERESES POR PRESTAMOS;1
9255;239;5050;BANCO PATAGONIA- INTERESES POR PRESTAMOS;BANCO PATAGONIA- INTERESES POR PRESTAMOS;1
9256;239;1050;RODADOS - BIENES DE USO;RODADOS - BIENES DE USO;1
9257;239;1051;MUEBLES Y UTILES - BIENES DE USO;MUEBLES Y UTILES - BIENES DE USO;1
9258;239;1052;MAQUINARIA - BIENES DE USO;MAQUINARIA - BIENES DE USO;1
9259;239;1053;INMUEBLES - BIENES DE USO;INMUEBLES - BIENES DE USO;1
9260;239;5020;RODADOS - GASTOS DE MANTENIMIENTO;RODADOS - GASTOS DE MANTENIMIENTO;1
9261;239;5021;MUEBLES Y UTILES - GASTOS DE MANTENIMIENTO;MUEBLES Y UTILES - GASTOS DE MANTENIMIENTO;1
9262;239;5022;MAQUINARIA - GASTOS DE MANTENIMIENTO;MAQUINARIA - GASTOS DE MANTENIMIENTO;1
9263;239;5023;INMUEBLES - GASTOS DE MANTENIMIENTO;INMUEBLES - GASTOS DE MANTENIMIENTO;1
9264;239;5024;COMPRA DE BIENES USADOS A CF;COMPRA DE BIENES USADOS A CF;1
9265;239;1059;INSTALACIONES - BIENES DE USO;INSTALACIONES - BIENES DE USO;1
9266;239;5025;INSTALACIONES - GASTOS DE MANTENIMIENTO;INSTALACIONES - GASTOS DE MANTENIMIENTO;1
9267;239;5004;SERVICIOS Y TASAS;SERVICIOS Y TASAS;1
9268;239;5051;BANCO HIPOTECARIO - COMISIONES CUENTA;BANCO HIPOTECARIO - COMISIONES CUENTA;1
9269;239;5040;BBVA FRANCES - COMISIONES BANCARIAS;BBVA FRANCES - COMISIONES BANCARIAS;1
9270;239;5014;COMISIONES MERCADOLIBRE;COMISIONES MERCADO LIBRE;1
9271;240;4000;VENTAS;VENTAS;1
9272;240;5000;COMPRAS;COMPRAS;1
9273;240;5001;COMISION TARJETAS DE CREDITO;COMISION TARJETAS DE CREDITO;1
9274;240;5002;COMBUSTIBLES Y LUBRICANTES;COMBUSTIBLES Y LUBRICANTES;1
9275;240;5003;FLETES Y CORREO;FLETES Y CORREO;1
9276;240;5005;LIBRERIA Y PAPELERIA;LIBRERIA Y PAPELERIA;1
9277;240;5006;HONORARIOS PROFESIONALES;HONORARIOS PROFESIONALES;1
9278;240;5007;ALQUILERES PAGADOS;ALQUILERES PAGADOS;1
9279;240;5008;SEGUROS PAGADOS;SEGUROS PAGADOS;1
9280;240;5010;GASTOS GENERALES;GASTOS GENERALES;1
9281;240;5011;SERVICISO INFORMATICOS;SERVICIOS INFORMATICOS;1
9282;240;5012;CANON;CANON;1
9283;240;5013;SERVICIOS JURIDICOS;SERVICIOS JURIDICOS;1
9284;240;5030;BANCO NACION - INTERES POR DESCUBIERTO;BANCO NACION - INTERES POR DESCUBIERTO;1
9285;240;5009;INTERESES BANCARIOS;INTERESES BANCARIOS;1
9286;240;5031;BANCO NACION - GASTOS DE MANTENIMIENTO DE CUENTA;BANCO NACION - GASTOS DE MANTENIMIENTO DE CUENTA;1
9287;240;5032;BANCO NACION - INTERESES POR PRESTAMOS;BANCO NACION - INTERESES POR PRESTAMOS;1
9288;240;5033;BANCO SANTANDER - INTERES POR DESCUBIERTO;BANCO SANTANDER - INTERES POR DESCUBIERTO;1
9289;240;5036;BANCO GALICIA - INTERES POR DESCUBIERTO;BANCO GALICIA - INTERES POR DESCUBIERTO;1
9290;240;5039;BBVA FRANCES - INTERES POR DESCUBIERTO;BBVA FRANCES - INTERES POR DESCUBIERTO;1
9291;240;5042;BANCO CREDICOOP - INTERES POR DESCUBIERTO;BANCO CREDICOOP - INTERES POR DESCUBIERTO;1
9292;240;5045;BANCO HSBC - INTERES POR DESCUBIERTO;BANCO HSBC - INTERES POR DESCUBIERTO;1
9293;240;5048;BANCO PATAGONIA - INTERES POR DESCUBIERTO;BANCO PATAGONIA - INTERES POR DESCUBIERTO;1
9294;240;5034;BANCO SANTANDER - GASTOS DE MANTENIMIENTO DE CUENTA;BANCO SANTANDER - GASTOS DE MANTENIMIENTO DE CUENTA;1
9295;240;5037;BANCO GALICIA - GASTOS DE MANTENIMIENTO DE CUENTA;BANCO GALICIA - GASTOS DE MANTENIMIENTO DE CUENTA;1
9296;240;5043;BANCO CREDICOOP - GASTOS DE MANTENIMIENTO DE CUENTA;BANCO CREDICOOP - GASTOS DE MANTENIMIENTO DE CUENTA;1
9297;240;5046;BANCO HSBC - GASTOS DE MANTENIMIENTO DE CUENTA;BANCO HSBC - GASTOS DE MANTENIMIENTO DE CUENTA;1
9298;240;5049;BANCO PATAGONIA - GASTOS DE MANTENIMIENTO DE CUENTA;BANCO PATAGONIA - GASTOS DE MANTENIMIENTO DE CUENTA;1
9299;240;5035;BANCO SANTANDER - INTERESES POR PRESTAMOS;BANCO SANTANDER - INTERESES POR PRESTAMOS;1
9300;240;5038;BANCO GALICIA - INTERESES POR PRESTAMOS;BANCO GALICIA - INTERESES POR PRESTAMOS;1
9301;240;5041;BBVA FRANCES - INTERESES POR PRESTAMOS;BBVA FRANCES - INTERESES POR PRESTAMOS;1
9302;240;5044;BANCO CREDICOOP- INTERESES POR PRESTAMOS;BANCO CREDICOOP- INTERESES POR PRESTAMOS;1
9303;240;5047;BANCO HSBC - INTERESES POR PRESTAMOS;BANCO HSBC - INTERESES POR PRESTAMOS;1
9304;240;5050;BANCO PATAGONIA- INTERESES POR PRESTAMOS;BANCO PATAGONIA- INTERESES POR PRESTAMOS;1
9305;240;1050;RODADOS - BIENES DE USO;RODADOS - BIENES DE USO;1
9306;240;1051;MUEBLES Y UTILES - BIENES DE USO;MUEBLES Y UTILES - BIENES DE USO;1
9307;240;1052;MAQUINARIA - BIENES DE USO;MAQUINARIA - BIENES DE USO;1
9308;240;1053;INMUEBLES - BIENES DE USO;INMUEBLES - BIENES DE USO;1
9309;240;5020;RODADOS - GASTOS DE MANTENIMIENTO;RODADOS - GASTOS DE MANTENIMIENTO;1
9310;240;5021;MUEBLES Y UTILES - GASTOS DE MANTENIMIENTO;MUEBLES Y UTILES - GASTOS DE MANTENIMIENTO;1
9311;240;5022;MAQUINARIA - GASTOS DE MANTENIMIENTO;MAQUINARIA - GASTOS DE MANTENIMIENTO;1
9312;240;5023;INMUEBLES - GASTOS DE MANTENIMIENTO;INMUEBLES - GASTOS DE MANTENIMIENTO;1
9313;240;5024;COMPRA DE BIENES USADOS A CF;COMPRA DE BIENES USADOS A CF;1
9314;240;1059;INSTALACIONES - BIENES DE USO;INSTALACIONES - BIENES DE USO;1
9315;240;5025;INSTALACIONES - GASTOS DE MANTENIMIENTO;INSTALACIONES - GASTOS DE MANTENIMIENTO;1
9316;240;5004;SERVICIOS Y TASAS;SERVICIOS Y TASAS;1
9317;240;5051;BANCO HIPOTECARIO - COMISIONES CUENTA;BANCO HIPOTECARIO - COMISIONES CUENTA;1
9318;240;5040;BBVA FRANCES - COMISIONES BANCARIAS;BBVA FRANCES - COMISIONES BANCARIAS;1
9319;240;5052;Comisiones CGR;COMISIONES SGR;1
9320;229;5001;COMISION TARJETAS DE CREDITO;COMISION TARJETAS DE CREDITO;1
9321;229;5002;COMBUSTIBLES Y LUBRICANTES;COMBUSTIBLES Y LUBRICANTES;1
9322;229;5003;FLETES Y CORREO;FLETES Y CORREO;1
9323;229;5004;SERVICIOS Y TASAS;SERVICIOS Y TASAS;1
9324;229;5005;LIBRERIA Y PAPELERIA;LIBRERIA Y PAPELERIA;1
9325;229;5006;HONORARIOS PROFESIONALES;HONORARIOS PROFESIONALES;1
9327;229;5008;SEGUROS PAGADOS;SEGUROS PAGADOS;1
9328;229;5009;INTERESES BANCARIOS;INTERESES BANCARIOS;1
9329;229;5010;GASTOS GENERALES;GASTOS GENERALES;1
9330;229;5011;SERVICIOS INFORMATICOS;SERVICIOS INFORMATICOS;1
9331;229;5020;RODADOS - GASTOS DE MANTENIMIENTO;RODADOS - GASTOS DE MANTENIMIENTO;1
9332;229;5021;MUEBLES Y UTILES - GASTOS DE MANTENIMIENTO;MUEBLES Y UTILES - GASTOS DE MANTENIMIENTO;1
9333;229;5022;MAQUINARIA - GASTOS DE MANTENIMIENTO;MAQUINARIA - GASTOS DE MANTENIMIENTO;1
9334;229;5023;INMUBLES - GASTOS DE MANTENIMIENTO;INMUEBLES - GASTOS DE MANTENIMIENTO;1
9335;229;5025;INSTALACIONES - GASTOS DE MANTENIMIENTO;INSTALACIONES - GASTOS DE MANTENIMIENTO;1
9336;229;1050;RODADOS - BIENES DE USO;RODADOS - BIENES DE USO;1
9337;229;1051;MUEBLES Y UTILES - BIENES DE USO;MUEBLES Y UTILES - BIENES DE USO;1
9338;229;1052;MAQUINARIA - BIENES DE USO;MAQUINARIA - BIENES DE USO;1
9339;229;1053;INMUEBLES - BIENES DE USO;INMUEBLES - BIENES DE USO;1
9340;229;1059;INSTALACIONES - BIENES DE USO;INSTALACIONES - BIENES DE USO;1
9341;221;5053;BANCO MACRO - COMISIONES BANCARIAS;BANCO MACRO - COMISIONES BANCARIAS;1
9342;99;5051;COMISIONES SGR;COMISIONES SGR;1
9343;233;4000;VENTAS;VENTAS;1
9344;233;5000;COMPRAS;COMPRAS;1
9345;233;5001;COMISION TARJETAS DE CREDITO;COMISION TARJETAS DE CREDITO;1
9346;233;5002;COMBUSTIBLES Y LUBRICANTES;COMBUSTIBLES Y LUBRICANTES;1
9347;233;5003;FLETES Y CORREO;FLETES Y CORREO;1
9348;233;5005;LIBRERIA Y PAPELERIA;LIBRERIA Y PAPELERIA;1
9349;233;5006;HONORARIOS PROFESIONALES;HONORARIOS PROFESIONALES;1
9350;233;5007;ALQUILERES PAGADOS;ALQUILERES PAGADOS;1
9351;233;5008;SEGUROS PAGADOS;SEGUROS PAGADOS;1
9352;233;5010;GASTOS GENERALES;GASTOS GENERALES;1
9353;233;5011;SERVICISO INFORMATICOS;SERVICIOS INFORMATICOS;1
9354;233;5012;CANON;CANON;1
9355;233;5013;SERVICIOS JURIDICOS;SERVICIOS JURIDICOS;1
9356;233;5030;BANCO NACION - INTERES POR DESCUBIERTO;BANCO NACION - INTERES POR DESCUBIERTO;1
9357;233;5009;INTERESES BANCARIOS;INTERESES BANCARIOS;1
9358;233;5031;BANCO NACION - GASTOS DE MANTENIMIENTO DE CUENTA;BANCO NACION - GASTOS DE MANTENIMIENTO DE CUENTA;1
9359;233;5032;BANCO NACION - INTERESES POR PRESTAMOS;BANCO NACION - INTERESES POR PRESTAMOS;1
9360;233;5033;BANCO SANTANDER - INTERES POR DESCUBIERTO;BANCO SANTANDER - INTERES POR DESCUBIERTO;1
9361;233;5036;BANCO GALICIA - INTERES POR DESCUBIERTO;BANCO GALICIA - INTERES POR DESCUBIERTO;1
9362;233;5039;BBVA FRANCES - INTERES POR DESCUBIERTO;BBVA FRANCES - INTERES POR DESCUBIERTO;1
9363;233;5042;BANCO CREDICOOP - INTERES POR DESCUBIERTO;BANCO CREDICOOP - INTERES POR DESCUBIERTO;1
9364;233;5045;BANCO HSBC - INTERES POR DESCUBIERTO;BANCO HSBC - INTERES POR DESCUBIERTO;1
9365;233;5048;BANCO PATAGONIA - INTERES POR DESCUBIERTO;BANCO PATAGONIA - INTERES POR DESCUBIERTO;1
9366;233;5034;BANCO SANTANDER - GASTOS DE MANTENIMIENTO DE CUENTA;BANCO SANTANDER - GASTOS DE MANTENIMIENTO DE CUENTA;1
9367;233;5037;BANCO GALICIA - GASTOS DE MANTENIMIENTO DE CUENTA;BANCO GALICIA - GASTOS DE MANTENIMIENTO DE CUENTA;1
9368;233;5043;BANCO CREDICOOP - GASTOS DE MANTENIMIENTO DE CUENTA;BANCO CREDICOOP - GASTOS DE MANTENIMIENTO DE CUENTA;1
9369;233;5046;BANCO HSBC - GASTOS DE MANTENIMIENTO DE CUENTA;BANCO HSBC - GASTOS DE MANTENIMIENTO DE CUENTA;1
9370;233;5049;BANCO PATAGONIA - GASTOS DE MANTENIMIENTO DE CUENTA;BANCO PATAGONIA - GASTOS DE MANTENIMIENTO DE CUENTA;1
9371;233;5035;BANCO SANTANDER - INTERESES POR PRESTAMOS;BANCO SANTANDER - INTERESES POR PRESTAMOS;1
9372;233;5038;BANCO GALICIA - INTERESES POR PRESTAMOS;BANCO GALICIA - INTERESES POR PRESTAMOS;1
9373;233;5041;BBVA FRANCES - INTERESES POR PRESTAMOS;BBVA FRANCES - INTERESES POR PRESTAMOS;1
9374;233;5044;BANCO CREDICOOP- INTERESES POR PRESTAMOS;BANCO CREDICOOP- INTERESES POR PRESTAMOS;1
9375;233;5047;BANCO HSBC - INTERESES POR PRESTAMOS;BANCO HSBC - INTERESES POR PRESTAMOS;1
9376;233;5050;BANCO PATAGONIA- INTERESES POR PRESTAMOS;BANCO PATAGONIA- INTERESES POR PRESTAMOS;1
9377;233;1050;RODADOS - BIENES DE USO;RODADOS - BIENES DE USO;1
9378;233;1051;MUEBLES Y UTILES - BIENES DE USO;MUEBLES Y UTILES - BIENES DE USO;1
9379;233;1052;MAQUINARIA - BIENES DE USO;MAQUINARIA - BIENES DE USO;1
9380;233;1053;INMUEBLES - BIENES DE USO;INMUEBLES - BIENES DE USO;1
9381;233;5020;RODADOS - GASTOS DE MANTENIMIENTO;RODADOS - GASTOS DE MANTENIMIENTO;1
9382;233;5021;MUEBLES Y UTILES - GASTOS DE MANTENIMIENTO;MUEBLES Y UTILES - GASTOS DE MANTENIMIENTO;1
9383;233;5022;MAQUINARIA - GASTOS DE MANTENIMIENTO;MAQUINARIA - GASTOS DE MANTENIMIENTO;1
9384;233;5023;INMUEBLES - GASTOS DE MANTENIMIENTO;INMUEBLES - GASTOS DE MANTENIMIENTO;1
9385;233;5024;COMPRA DE BIENES USADOS A CF;COMPRA DE BIENES USADOS A CF;1
9386;233;1059;INSTALACIONES - BIENES DE USO;INSTALACIONES - BIENES DE USO;1
9387;233;5025;INSTALACIONES - GASTOS DE MANTENIMIENTO;INSTALACIONES - GASTOS DE MANTENIMIENTO;1
9388;233;5004;SERVICIOS Y TASAS;SERVICIOS Y TASAS;1
9389;233;5051;BANCO HIPOTECARIO - COMISIONES CUENTA;BANCO HIPOTECARIO - COMISIONES CUENTA;1
9390;233;5040;BBVA FRANCES - COMISIONES BANCARIAS;BBVA FRANCES - COMISIONES BANCARIAS;1
9391;233;5052;COMISIONES SGR;COMISIONES SGR;1
9392;242;4000;VENTAS;VENTAS;1
9393;242;5000;COMPRAS;COMPRAS;1
9394;242;5001;COMISION TARJETAS DE CREDITO;COMISION TARJETAS DE CREDITO;1
9395;242;5002;COMBUSTIBLES Y LUBRICANTES;COMBUSTIBLES Y LUBRICANTES;1
9396;242;5003;FLETES Y CORREO;FLETES Y CORREO;1
9397;242;5005;LIBRERIA Y PAPELERIA;LIBRERIA Y PAPELERIA;1
9398;242;5006;HONORARIOS PROFESIONALES;HONORARIOS PROFESIONALES;1
9399;242;5007;ALQUILERES PAGADOS;ALQUILERES PAGADOS;1
9400;242;5008;SEGUROS PAGADOS;SEGUROS PAGADOS;1
9401;242;5010;GASTOS GENERALES;GASTOS GENERALES;1
9402;242;5011;SERVICISO INFORMATICOS;SERVICIOS INFORMATICOS;1
9403;242;5012;CANON;CANON;1
9404;242;5013;SERVICIOS JURIDICOS;SERVICIOS JURIDICOS;1
9405;242;5030;BANCO NACION - INTERES POR DESCUBIERTO;BANCO NACION - INTERES POR DESCUBIERTO;1
9406;242;5009;INTERESES BANCARIOS;INTERESES BANCARIOS;1
9407;242;5031;BANCO NACION - GASTOS DE MANTENIMIENTO DE CUENTA;BANCO NACION - GASTOS DE MANTENIMIENTO DE CUENTA;1
9408;242;5032;BANCO NACION - INTERESES POR PRESTAMOS;BANCO NACION - INTERESES POR PRESTAMOS;1
9409;242;5033;BANCO SANTANDER - INTERES POR DESCUBIERTO;BANCO SANTANDER - INTERES POR DESCUBIERTO;1
9410;242;5036;BANCO GALICIA - INTERES POR DESCUBIERTO;BANCO GALICIA - INTERES POR DESCUBIERTO;1
9411;242;5039;BBVA FRANCES - INTERES POR DESCUBIERTO;BBVA FRANCES - INTERES POR DESCUBIERTO;1
9412;242;5042;BANCO CREDICOOP - INTERES POR DESCUBIERTO;BANCO CREDICOOP - INTERES POR DESCUBIERTO;1
9413;242;5045;BANCO HSBC - INTERES POR DESCUBIERTO;BANCO HSBC - INTERES POR DESCUBIERTO;1
9414;242;5048;BANCO PATAGONIA - INTERES POR DESCUBIERTO;BANCO PATAGONIA - INTERES POR DESCUBIERTO;1
9415;242;5034;BANCO SANTANDER - GASTOS DE MANTENIMIENTO DE CUENTA;BANCO SANTANDER - GASTOS DE MANTENIMIENTO DE CUENTA;1
9416;242;5037;BANCO GALICIA - GASTOS DE MANTENIMIENTO DE CUENTA;BANCO GALICIA - GASTOS DE MANTENIMIENTO DE CUENTA;1
9417;242;5043;BANCO CREDICOOP - GASTOS DE MANTENIMIENTO DE CUENTA;BANCO CREDICOOP - GASTOS DE MANTENIMIENTO DE CUENTA;1
9418;242;5046;BANCO HSBC - GASTOS DE MANTENIMIENTO DE CUENTA;BANCO HSBC - GASTOS DE MANTENIMIENTO DE CUENTA;1
9419;242;5049;BANCO PATAGONIA - GASTOS DE MANTENIMIENTO DE CUENTA;BANCO PATAGONIA - GASTOS DE MANTENIMIENTO DE CUENTA;1
9420;242;5035;BANCO SANTANDER - INTERESES POR PRESTAMOS;BANCO SANTANDER - INTERESES POR PRESTAMOS;1
9421;242;5038;BANCO GALICIA - INTERESES POR PRESTAMOS;BANCO GALICIA - INTERESES POR PRESTAMOS;1
9422;242;5041;BBVA FRANCES - INTERESES POR PRESTAMOS;BBVA FRANCES - INTERESES POR PRESTAMOS;1
9423;242;5044;BANCO CREDICOOP- INTERESES POR PRESTAMOS;BANCO CREDICOOP- INTERESES POR PRESTAMOS;1
9424;242;5047;BANCO HSBC - INTERESES POR PRESTAMOS;BANCO HSBC - INTERESES POR PRESTAMOS;1
9425;242;5050;BANCO PATAGONIA- INTERESES POR PRESTAMOS;BANCO PATAGONIA- INTERESES POR PRESTAMOS;1
9426;242;1050;RODADOS - BIENES DE USO;RODADOS - BIENES DE USO;1
9427;242;1051;MUEBLES Y UTILES - BIENES DE USO;MUEBLES Y UTILES - BIENES DE USO;1
9428;242;1052;MAQUINARIA - BIENES DE USO;MAQUINARIA - BIENES DE USO;1
9429;242;1053;INMUEBLES - BIENES DE USO;INMUEBLES - BIENES DE USO;1
9430;242;5020;RODADOS - GASTOS DE MANTENIMIENTO;RODADOS - GASTOS DE MANTENIMIENTO;1
9431;242;5021;MUEBLES Y UTILES - GASTOS DE MANTENIMIENTO;MUEBLES Y UTILES - GASTOS DE MANTENIMIENTO;1
9432;242;5022;MAQUINARIA - GASTOS DE MANTENIMIENTO;MAQUINARIA - GASTOS DE MANTENIMIENTO;1
9433;242;5023;INMUEBLES - GASTOS DE MANTENIMIENTO;INMUEBLES - GASTOS DE MANTENIMIENTO;1
9434;242;5024;COMPRA DE BIENES USADOS A CF;COMPRA DE BIENES USADOS A CF;1
9435;242;1059;INSTALACIONES - BIENES DE USO;INSTALACIONES - BIENES DE USO;1
9436;242;5025;INSTALACIONES - GASTOS DE MANTENIMIENTO;INSTALACIONES - GASTOS DE MANTENIMIENTO;1
9437;242;5004;SERVICIOS Y TASAS;SERVICIOS Y TASAS;1
9438;242;5014;COMISION MERCADOLIBRE;COMISIONES MERCADO LIBRE;1
9439;241;4000;VENTAS;VENTAS;1
9440;241;5000;COMPRAS;COMPRAS;1
9441;241;5001;COMISION TARJETAS DE CREDITO;COMISION TARJETAS DE CREDITO;1
9442;241;5002;COMBUSTIBLES Y LUBRICANTES;COMBUSTIBLES Y LUBRICANTES;1
9443;241;5003;FLETES Y CORREO;FLETES Y CORREO;1
9444;241;5005;LIBRERIA Y PAPELERIA;LIBRERIA Y PAPELERIA;1
9445;241;5006;HONORARIOS PROFESIONALES;HONORARIOS PROFESIONALES;1
9446;241;5007;ALQUILERES PAGADOS;ALQUILERES PAGADOS;1
9447;241;5008;SEGUROS PAGADOS;SEGUROS PAGADOS;1
9448;241;5010;GASTOS GENERALES;GASTOS GENERALES;1
9449;241;5011;SERVICISO INFORMATICOS;SERVICIOS INFORMATICOS;1
9450;241;5012;CANON;CANON;1
9451;241;5013;SERVICIOS JURIDICOS;SERVICIOS JURIDICOS;1
9452;241;5030;BANCO NACION - INTERES POR DESCUBIERTO;BANCO NACION - INTERES POR DESCUBIERTO;1
9453;241;5009;INTERESES BANCARIOS;INTERESES BANCARIOS;1
9454;241;5031;BANCO NACION - GASTOS DE MANTENIMIENTO DE CUENTA;BANCO NACION - GASTOS DE MANTENIMIENTO DE CUENTA;1
9455;241;5032;BANCO NACION - INTERESES POR PRESTAMOS;BANCO NACION - INTERESES POR PRESTAMOS;1
9456;241;5033;BANCO SANTANDER - INTERES POR DESCUBIERTO;BANCO SANTANDER - INTERES POR DESCUBIERTO;1
9457;241;5036;BANCO GALICIA - INTERES POR DESCUBIERTO;BANCO GALICIA - INTERES POR DESCUBIERTO;1
9458;241;5039;BBVA FRANCES - INTERES POR DESCUBIERTO;BBVA FRANCES - INTERES POR DESCUBIERTO;1
9459;241;5042;BANCO CREDICOOP - INTERES POR DESCUBIERTO;BANCO CREDICOOP - INTERES POR DESCUBIERTO;1
9460;241;5045;BANCO HSBC - INTERES POR DESCUBIERTO;BANCO HSBC - INTERES POR DESCUBIERTO;1
9461;241;5048;BANCO PATAGONIA - INTERES POR DESCUBIERTO;BANCO PATAGONIA - INTERES POR DESCUBIERTO;1
9462;241;5034;BANCO SANTANDER - GASTOS DE MANTENIMIENTO DE CUENTA;BANCO SANTANDER - GASTOS DE MANTENIMIENTO DE CUENTA;1
9463;241;5037;BANCO GALICIA - GASTOS DE MANTENIMIENTO DE CUENTA;BANCO GALICIA - GASTOS DE MANTENIMIENTO DE CUENTA;1
9464;241;5043;BANCO CREDICOOP - GASTOS DE MANTENIMIENTO DE CUENTA;BANCO CREDICOOP - GASTOS DE MANTENIMIENTO DE CUENTA;1
9465;241;5046;BANCO HSBC - GASTOS DE MANTENIMIENTO DE CUENTA;BANCO HSBC - GASTOS DE MANTENIMIENTO DE CUENTA;1
9466;241;5049;BANCO PATAGONIA - GASTOS DE MANTENIMIENTO DE CUENTA;BANCO PATAGONIA - GASTOS DE MANTENIMIENTO DE CUENTA;1
9467;241;5035;BANCO SANTANDER - INTERESES POR PRESTAMOS;BANCO SANTANDER - INTERESES POR PRESTAMOS;1
9468;241;5038;BANCO GALICIA - INTERESES POR PRESTAMOS;BANCO GALICIA - INTERESES POR PRESTAMOS;1
9469;241;5041;BBVA FRANCES - INTERESES POR PRESTAMOS;BBVA FRANCES - INTERESES POR PRESTAMOS;1
9470;241;5044;BANCO CREDICOOP- INTERESES POR PRESTAMOS;BANCO CREDICOOP- INTERESES POR PRESTAMOS;1
9471;241;5047;BANCO HSBC - INTERESES POR PRESTAMOS;BANCO HSBC - INTERESES POR PRESTAMOS;1
9472;241;5050;BANCO PATAGONIA- INTERESES POR PRESTAMOS;BANCO PATAGONIA- INTERESES POR PRESTAMOS;1
9473;241;1050;RODADOS - BIENES DE USO;RODADOS - BIENES DE USO;1
9474;241;1051;MUEBLES Y UTILES - BIENES DE USO;MUEBLES Y UTILES - BIENES DE USO;1
9475;241;1052;MAQUINARIA - BIENES DE USO;MAQUINARIA - BIENES DE USO;1
9476;241;1053;INMUEBLES - BIENES DE USO;INMUEBLES - BIENES DE USO;1
9477;241;5020;RODADOS - GASTOS DE MANTENIMIENTO;RODADOS - GASTOS DE MANTENIMIENTO;1
9478;241;5021;MUEBLES Y UTILES - GASTOS DE MANTENIMIENTO;MUEBLES Y UTILES - GASTOS DE MANTENIMIENTO;1
9479;241;5022;MAQUINARIA - GASTOS DE MANTENIMIENTO;MAQUINARIA - GASTOS DE MANTENIMIENTO;1
9480;241;5023;INMUEBLES - GASTOS DE MANTENIMIENTO;INMUEBLES - GASTOS DE MANTENIMIENTO;1
9481;241;5024;COMPRA DE BIENES USADOS A CF;COMPRA DE BIENES USADOS A CF;1
9482;241;1059;INSTALACIONES - BIENES DE USO;INSTALACIONES - BIENES DE USO;1
9483;241;5025;INSTALACIONES - GASTOS DE MANTENIMIENTO;INSTALACIONES - GASTOS DE MANTENIMIENTO;1
9484;241;5004;SERVICIOS Y TASAS;SERVICIOS Y TASAS;1
9485;241;5051;BANCO HIPOTECARIO - COMISIONES CUENTA;BANCO HIPOTECARIO - COMISIONES CUENTA;1
9486;241;5040;BBVA FRANCES - COMISIONES BANCARIAS;BBVA FRANCES - COMISIONES BANCARIAS;1
9487;241;5052;COMISIONES SGR;COMISIONES SGR;1
9488;243;5014;COMISIONES MERCADO LIBRE;COMISIONES MERCADO LIBRE;1
9489;243;5051;COMISIONES SGR;COMISIONES SGR;1
9490;243;4000;VENTAS;VENTAS;1
9491;243;5000;COMPRAS;COMPRAS;1
9492;243;5001;COMISION TARJETAS DE CREDITO;COMISION TARJETAS DE CREDITO;1
9493;243;5002;COMBUSTIBLES Y LUBRICANTES;COMBUSTIBLES Y LUBRICANTES;1
9494;243;5003;FLETES Y CORREO;FLETES Y CORREO;1
9495;243;5005;LIBRERIA Y PAPELERIA;LIBRERIA Y PAPELERIA;1
9496;243;5006;HONORARIOS PROFESIONALES;HONORARIOS PROFESIONALES;1
9497;243;5007;ALQUILERES PAGADOS;ALQUILERES PAGADOS;1
9498;243;5008;SEGUROS PAGADOS;SEGUROS PAGADOS;1
9499;243;5010;GASTOS GENERALES;GASTOS GENERALES;1
9500;243;5011;SERVICISO INFORMATICOS;SERVICIOS INFORMATICOS;1
9501;243;5012;CANON;CANON;1
9502;243;5013;SERVICIOS JURIDICOS;SERVICIOS JURIDICOS;1
9503;243;5030;BANCO NACION - INTERES POR DESCUBIERTO;BANCO NACION - INTERES POR DESCUBIERTO;1
9504;243;5009;INTERESES BANCARIOS;INTERESES BANCARIOS;1
9505;243;5031;BANCO NACION - GASTOS DE MANTENIMIENTO DE CUENTA;BANCO NACION - GASTOS DE MANTENIMIENTO DE CUENTA;1
9506;243;5032;BANCO NACION - INTERESES POR PRESTAMOS;BANCO NACION - INTERESES POR PRESTAMOS;1
9507;243;5033;BANCO SANTANDER - INTERES POR DESCUBIERTO;BANCO SANTANDER - INTERES POR DESCUBIERTO;1
9508;243;5036;BANCO GALICIA - INTERES POR DESCUBIERTO;BANCO GALICIA - INTERES POR DESCUBIERTO;1
9509;243;5039;BBVA FRANCES - INTERES POR DESCUBIERTO;BBVA FRANCES - INTERES POR DESCUBIERTO;1
9510;243;5042;BANCO CREDICOOP - INTERES POR DESCUBIERTO;BANCO CREDICOOP - INTERES POR DESCUBIERTO;1
9511;243;5045;BANCO HSBC - INTERES POR DESCUBIERTO;BANCO HSBC - INTERES POR DESCUBIERTO;1
9512;243;5048;BANCO PATAGONIA - INTERES POR DESCUBIERTO;BANCO PATAGONIA - INTERES POR DESCUBIERTO;1
9513;243;5034;BANCO SANTANDER - GASTOS DE MANTENIMIENTO DE CUENTA;BANCO SANTANDER - GASTOS DE MANTENIMIENTO DE CUENTA;1
9514;243;5037;BANCO GALICIA - GASTOS DE MANTENIMIENTO DE CUENTA;BANCO GALICIA - GASTOS DE MANTENIMIENTO DE CUENTA;1
9515;243;5043;BANCO CREDICOOP - GASTOS DE MANTENIMIENTO DE CUENTA;BANCO CREDICOOP - GASTOS DE MANTENIMIENTO DE CUENTA;1
9516;243;5046;BANCO HSBC - GASTOS DE MANTENIMIENTO DE CUENTA;BANCO HSBC - GASTOS DE MANTENIMIENTO DE CUENTA;1
9517;243;5049;BANCO PATAGONIA - GASTOS DE MANTENIMIENTO DE CUENTA;BANCO PATAGONIA - GASTOS DE MANTENIMIENTO DE CUENTA;1
9518;243;5035;BANCO SANTANDER - INTERESES POR PRESTAMOS;BANCO SANTANDER - INTERESES POR PRESTAMOS;1
9519;243;5038;BANCO GALICIA - INTERESES POR PRESTAMOS;BANCO GALICIA - INTERESES POR PRESTAMOS;1
9520;243;5041;BBVA FRANCES - INTERESES POR PRESTAMOS;BBVA FRANCES - INTERESES POR PRESTAMOS;1
9521;243;5044;BANCO CREDICOOP- INTERESES POR PRESTAMOS;BANCO CREDICOOP- INTERESES POR PRESTAMOS;1
9522;243;5047;BANCO HSBC - INTERESES POR PRESTAMOS;BANCO HSBC - INTERESES POR PRESTAMOS;1
9523;243;5050;BANCO PATAGONIA- INTERESES POR PRESTAMOS;BANCO PATAGONIA- INTERESES POR PRESTAMOS;1
9524;243;1050;RODADOS - BIENES DE USO;RODADOS - BIENES DE USO;1
9525;243;1051;MUEBLES Y UTILES - BIENES DE USO;MUEBLES Y UTILES - BIENES DE USO;1
9526;243;1052;MAQUINARIA - BIENES DE USO;MAQUINARIA - BIENES DE USO;1
9527;243;1053;INMUEBLES - BIENES DE USO;INMUEBLES - BIENES DE USO;1
9528;243;5020;RODADOS - GASTOS DE MANTENIMIENTO;RODADOS - GASTOS DE MANTENIMIENTO;1
9529;243;5021;MUEBLES Y UTILES - GASTOS DE MANTENIMIENTO;MUEBLES Y UTILES - GASTOS DE MANTENIMIENTO;1
9530;243;5022;MAQUINARIA - GASTOS DE MANTENIMIENTO;MAQUINARIA - GASTOS DE MANTENIMIENTO;1
9531;243;5023;INMUEBLES - GASTOS DE MANTENIMIENTO;INMUEBLES - GASTOS DE MANTENIMIENTO;1
9532;243;5024;COMPRA DE BIENES USADOS A CF;COMPRA DE BIENES USADOS A CF;1
9533;243;1059;INSTALACIONES - BIENES DE USO;INSTALACIONES - BIENES DE USO;1
9534;243;5025;INSTALACIONES - GASTOS DE MANTENIMIENTO;INSTALACIONES - GASTOS DE MANTENIMIENTO;1
9535;243;5004;SERVICIOS Y TASAS;SERVICIOS Y TASAS;1
9536;148;5014;comisiones mercado libre;COMISIONES MERCADO LIBRE;1
9537;235;5014;COMISIONES MERCADOLIBRE;COMISIONES MERCADO LIBRE;1
9538;77;5052;FINANCIACION MERCEDEZ BENZ;FINANCIACION MERCEDEZ BENZ;1
9539;4;5014;COMISIONES MERCADOLIBRE;COMISIONES MERCADO LIBRE;1
9540;245;4000;VENTAS;VENTAS;1
9541;245;5000;COMPRAS;COMPRAS;1
9542;245;5001;COMISION TARJETAS DE CREDITO;COMISION TARJETAS DE CREDITO;1
9543;245;5002;COMBUSTIBLES Y LUBRICANTES;COMBUSTIBLES Y LUBRICANTES;1
9544;245;5003;FLETES Y CORREO;FLETES Y CORREO;1
9545;245;5005;LIBRERIA Y PAPELERIA;LIBRERIA Y PAPELERIA;1
9546;245;5006;HONORARIOS PROFESIONALES;HONORARIOS PROFESIONALES;1
9547;245;5007;ALQUILERES PAGADOS;ALQUILERES PAGADOS;1
9548;245;5008;SEGUROS PAGADOS;SEGUROS PAGADOS;1
9549;245;5010;GASTOS GENERALES;GASTOS GENERALES;1
9550;245;5011;SERVICISO INFORMATICOS;SERVICIOS INFORMATICOS;1
9551;245;5012;CANON;CANON;1
9552;245;5013;SERVICIOS JURIDICOS;SERVICIOS JURIDICOS;1
9553;245;5030;BANCO NACION - INTERES POR DESCUBIERTO;BANCO NACION - INTERES POR DESCUBIERTO;1
9554;245;5009;INTERESES BANCARIOS;INTERESES BANCARIOS;1
9555;245;5031;BANCO NACION - GASTOS DE MANTENIMIENTO DE CUENTA;BANCO NACION - GASTOS DE MANTENIMIENTO DE CUENTA;1
9556;245;5032;BANCO NACION - INTERESES POR PRESTAMOS;BANCO NACION - INTERESES POR PRESTAMOS;1
9557;245;5033;BANCO SANTANDER - INTERES POR DESCUBIERTO;BANCO SANTANDER - INTERES POR DESCUBIERTO;1
9558;245;5036;BANCO GALICIA - INTERES POR DESCUBIERTO;BANCO GALICIA - INTERES POR DESCUBIERTO;1
9559;245;5039;BBVA FRANCES - INTERES POR DESCUBIERTO;BBVA FRANCES - INTERES POR DESCUBIERTO;1
9560;245;5042;BANCO CREDICOOP - INTERES POR DESCUBIERTO;BANCO CREDICOOP - INTERES POR DESCUBIERTO;1
9561;245;5045;BANCO HSBC - INTERES POR DESCUBIERTO;BANCO HSBC - INTERES POR DESCUBIERTO;1
9562;245;5048;BANCO PATAGONIA - INTERES POR DESCUBIERTO;BANCO PATAGONIA - INTERES POR DESCUBIERTO;1
9563;245;5034;BANCO SANTANDER - GASTOS DE MANTENIMIENTO DE CUENTA;BANCO SANTANDER - GASTOS DE MANTENIMIENTO DE CUENTA;1
9564;245;5037;BANCO GALICIA - GASTOS DE MANTENIMIENTO DE CUENTA;BANCO GALICIA - GASTOS DE MANTENIMIENTO DE CUENTA;1
9565;245;5043;BANCO CREDICOOP - GASTOS DE MANTENIMIENTO DE CUENTA;BANCO CREDICOOP - GASTOS DE MANTENIMIENTO DE CUENTA;1
9566;245;5046;BANCO HSBC - GASTOS DE MANTENIMIENTO DE CUENTA;BANCO HSBC - GASTOS DE MANTENIMIENTO DE CUENTA;1
9567;245;5049;BANCO PATAGONIA - GASTOS DE MANTENIMIENTO DE CUENTA;BANCO PATAGONIA - GASTOS DE MANTENIMIENTO DE CUENTA;1
9568;245;5035;BANCO SANTANDER - INTERESES POR PRESTAMOS;BANCO SANTANDER - INTERESES POR PRESTAMOS;1
9569;245;5038;BANCO GALICIA - INTERESES POR PRESTAMOS;BANCO GALICIA - INTERESES POR PRESTAMOS;1
9570;245;5041;BBVA FRANCES - INTERESES POR PRESTAMOS;BBVA FRANCES - INTERESES POR PRESTAMOS;1
9571;245;5044;BANCO CREDICOOP- INTERESES POR PRESTAMOS;BANCO CREDICOOP- INTERESES POR PRESTAMOS;1
9572;245;5047;BANCO HSBC - INTERESES POR PRESTAMOS;BANCO HSBC - INTERESES POR PRESTAMOS;1
9573;245;5050;BANCO PATAGONIA- INTERESES POR PRESTAMOS;BANCO PATAGONIA- INTERESES POR PRESTAMOS;1
9574;245;1050;RODADOS - BIENES DE USO;RODADOS - BIENES DE USO;1
9575;245;1051;MUEBLES Y UTILES - BIENES DE USO;MUEBLES Y UTILES - BIENES DE USO;1
9576;245;1052;MAQUINARIA - BIENES DE USO;MAQUINARIA - BIENES DE USO;1
9577;245;1053;INMUEBLES - BIENES DE USO;INMUEBLES - BIENES DE USO;1
9578;245;5020;RODADOS - GASTOS DE MANTENIMIENTO;RODADOS - GASTOS DE MANTENIMIENTO;1
9579;245;5021;MUEBLES Y UTILES - GASTOS DE MANTENIMIENTO;MUEBLES Y UTILES - GASTOS DE MANTENIMIENTO;1
9580;245;5022;MAQUINARIA - GASTOS DE MANTENIMIENTO;MAQUINARIA - GASTOS DE MANTENIMIENTO;1
9581;245;5023;INMUEBLES - GASTOS DE MANTENIMIENTO;INMUEBLES - GASTOS DE MANTENIMIENTO;1
9582;245;5024;COMPRA DE BIENES USADOS A CF;COMPRA DE BIENES USADOS A CF;1
9583;245;1059;INSTALACIONES - BIENES DE USO;INSTALACIONES - BIENES DE USO;1
9584;245;5025;INSTALACIONES - GASTOS DE MANTENIMIENTO;INSTALACIONES - GASTOS DE MANTENIMIENTO;1
9585;245;5004;SERVICIOS Y TASAS;SERVICIOS Y TASAS;1
9586;245;5051;BANCO HIPOTECARIO - COMISIONES CUENTA;BANCO HIPOTECARIO - COMISIONES CUENTA;1
9587;245;5040;BBVA FRANCES - COMISIONES BANCARIAS;BBVA FRANCES - COMISIONES BANCARIAS;1
9588;247;4000;VENTAS;VENTAS;1
9589;247;5000;COMPRAS;COMPRAS;1
9590;247;5001;COMISION TARJETAS DE CREDITO;COMISION TARJETAS DE CREDITO;1
9591;247;5002;COMBUSTIBLES Y LUBRICANTES;COMBUSTIBLES Y LUBRICANTES;1
9592;247;5003;FLETES Y CORREO;FLETES Y CORREO;1
9593;247;5005;LIBRERIA Y PAPELERIA;LIBRERIA Y PAPELERIA;1
9594;247;5006;HONORARIOS PROFESIONALES;HONORARIOS PROFESIONALES;1
9595;247;5007;ALQUILERES PAGADOS;ALQUILERES PAGADOS;1
9596;247;5008;SEGUROS PAGADOS;SEGUROS PAGADOS;1
9597;247;5010;GASTOS GENERALES;GASTOS GENERALES;1
9598;247;5011;SERVICISO INFORMATICOS;SERVICIOS INFORMATICOS;1
9599;247;5012;CANON;CANON;1
9600;247;5013;SERVICIOS JURIDICOS;SERVICIOS JURIDICOS;1
9601;247;5030;BANCO NACION - INTERES POR DESCUBIERTO;BANCO NACION - INTERES POR DESCUBIERTO;1
9602;247;5009;INTERESES BANCARIOS;INTERESES BANCARIOS;1
9603;247;5031;BANCO NACION - GASTOS DE MANTENIMIENTO DE CUENTA;BANCO NACION - GASTOS DE MANTENIMIENTO DE CUENTA;1
9604;247;5032;BANCO NACION - INTERESES POR PRESTAMOS;BANCO NACION - INTERESES POR PRESTAMOS;1
9605;247;5033;BANCO SANTANDER - INTERES POR DESCUBIERTO;BANCO SANTANDER - INTERES POR DESCUBIERTO;1
9606;247;5036;BANCO GALICIA - INTERES POR DESCUBIERTO;BANCO GALICIA - INTERES POR DESCUBIERTO;1
9607;247;5039;BBVA FRANCES - INTERES POR DESCUBIERTO;BBVA FRANCES - INTERES POR DESCUBIERTO;1
9608;247;5042;BANCO CREDICOOP - INTERES POR DESCUBIERTO;BANCO CREDICOOP - INTERES POR DESCUBIERTO;1
9609;247;5045;BANCO HSBC - INTERES POR DESCUBIERTO;BANCO HSBC - INTERES POR DESCUBIERTO;1
9610;247;5048;BANCO PATAGONIA - INTERES POR DESCUBIERTO;BANCO PATAGONIA - INTERES POR DESCUBIERTO;1
9611;247;5034;BANCO SANTANDER - GASTOS DE MANTENIMIENTO DE CUENTA;BANCO SANTANDER - GASTOS DE MANTENIMIENTO DE CUENTA;1
9612;247;5037;BANCO GALICIA - GASTOS DE MANTENIMIENTO DE CUENTA;BANCO GALICIA - GASTOS DE MANTENIMIENTO DE CUENTA;1
9613;247;5043;BANCO CREDICOOP - GASTOS DE MANTENIMIENTO DE CUENTA;BANCO CREDICOOP - GASTOS DE MANTENIMIENTO DE CUENTA;1
9614;247;5046;BANCO HSBC - GASTOS DE MANTENIMIENTO DE CUENTA;BANCO HSBC - GASTOS DE MANTENIMIENTO DE CUENTA;1
9615;247;5049;BANCO PATAGONIA - GASTOS DE MANTENIMIENTO DE CUENTA;BANCO PATAGONIA - GASTOS DE MANTENIMIENTO DE CUENTA;1
9616;247;5035;BANCO SANTANDER - INTERESES POR PRESTAMOS;BANCO SANTANDER - INTERESES POR PRESTAMOS;1
9617;247;5038;BANCO GALICIA - INTERESES POR PRESTAMOS;BANCO GALICIA - INTERESES POR PRESTAMOS;1
9618;247;5041;BBVA FRANCES - INTERESES POR PRESTAMOS;BBVA FRANCES - INTERESES POR PRESTAMOS;1
9619;247;5044;BANCO CREDICOOP- INTERESES POR PRESTAMOS;BANCO CREDICOOP- INTERESES POR PRESTAMOS;1
9620;247;5047;BANCO HSBC - INTERESES POR PRESTAMOS;BANCO HSBC - INTERESES POR PRESTAMOS;1
9621;247;5050;BANCO PATAGONIA- INTERESES POR PRESTAMOS;BANCO PATAGONIA- INTERESES POR PRESTAMOS;1
9622;247;1050;RODADOS - BIENES DE USO;RODADOS - BIENES DE USO;1
9623;247;1051;MUEBLES Y UTILES - BIENES DE USO;MUEBLES Y UTILES - BIENES DE USO;1
9624;247;1052;MAQUINARIA - BIENES DE USO;MAQUINARIA - BIENES DE USO;1
9625;247;1053;INMUEBLES - BIENES DE USO;INMUEBLES - BIENES DE USO;1
9626;247;5020;RODADOS - GASTOS DE MANTENIMIENTO;RODADOS - GASTOS DE MANTENIMIENTO;1
9627;247;5021;MUEBLES Y UTILES - GASTOS DE MANTENIMIENTO;MUEBLES Y UTILES - GASTOS DE MANTENIMIENTO;1
9628;247;5022;MAQUINARIA - GASTOS DE MANTENIMIENTO;MAQUINARIA - GASTOS DE MANTENIMIENTO;1
9629;247;5023;INMUEBLES - GASTOS DE MANTENIMIENTO;INMUEBLES - GASTOS DE MANTENIMIENTO;1
9630;247;5024;COMPRA DE BIENES USADOS A CF;COMPRA DE BIENES USADOS A CF;1
9631;247;1059;INSTALACIONES - BIENES DE USO;INSTALACIONES - BIENES DE USO;1
9632;247;5025;INSTALACIONES - GASTOS DE MANTENIMIENTO;INSTALACIONES - GASTOS DE MANTENIMIENTO;1
9633;247;5004;SERVICIOS Y TASAS;SERVICIOS Y TASAS;1
9634;247;5051;BANCO HIPOTECARIO - COMISIONES CUENTA;BANCO HIPOTECARIO - COMISIONES CUENTA;1
9635;247;5040;BBVA FRANCES - COMISIONES BANCARIAS;BBVA FRANCES - COMISIONES BANCARIAS;1
9636;247;5052;COMISIONES SGR;COMISIONES SGR;1
9637;247;5014;COMISIONES MERCADOLIBRE;COMISIONES MERCADO LIBRE;1
9638;244;4000;VENTAS;VENTAS;1
9639;244;5000;COMPRAS;COMPRAS;1
9640;244;5001;COMISION TARJETAS DE CREDITO;COMISION TARJETAS DE CREDITO;1
9641;244;5002;COMBUSTIBLES Y LUBRICANTES;COMBUSTIBLES Y LUBRICANTES;1
9642;244;5003;FLETES Y CORREO;FLETES Y CORREO;1
9643;244;5005;LIBRERIA Y PAPELERIA;LIBRERIA Y PAPELERIA;1
9644;244;5006;HONORARIOS PROFESIONALES;HONORARIOS PROFESIONALES;1
9645;244;5007;ALQUILERES PAGADOS;ALQUILERES PAGADOS;1
9646;244;5008;SEGUROS PAGADOS;SEGUROS PAGADOS;1
9647;244;5010;GASTOS GENERALES;GASTOS GENERALES;1
9648;244;5011;SERVICISO INFORMATICOS;SERVICIOS INFORMATICOS;1
9649;244;5012;CANON;CANON;1
9650;244;5013;SERVICIOS JURIDICOS;SERVICIOS JURIDICOS;1
9651;244;5030;BANCO NACION - INTERES POR DESCUBIERTO;BANCO NACION - INTERES POR DESCUBIERTO;1
9652;244;5009;INTERESES BANCARIOS;INTERESES BANCARIOS;1
9653;244;5031;BANCO NACION - GASTOS DE MANTENIMIENTO DE CUENTA;BANCO NACION - GASTOS DE MANTENIMIENTO DE CUENTA;1
9654;244;5032;BANCO NACION - INTERESES POR PRESTAMOS;BANCO NACION - INTERESES POR PRESTAMOS;1
9655;244;5033;BANCO SANTANDER - INTERES POR DESCUBIERTO;BANCO SANTANDER - INTERES POR DESCUBIERTO;1
9656;244;5036;BANCO GALICIA - INTERES POR DESCUBIERTO;BANCO GALICIA - INTERES POR DESCUBIERTO;1
9657;244;5039;BBVA FRANCES - INTERES POR DESCUBIERTO;BBVA FRANCES - INTERES POR DESCUBIERTO;1
9658;244;5042;BANCO CREDICOOP - INTERES POR DESCUBIERTO;BANCO CREDICOOP - INTERES POR DESCUBIERTO;1
9659;244;5045;BANCO HSBC - INTERES POR DESCUBIERTO;BANCO HSBC - INTERES POR DESCUBIERTO;1
9660;244;5048;BANCO PATAGONIA - INTERES POR DESCUBIERTO;BANCO PATAGONIA - INTERES POR DESCUBIERTO;1
9661;244;5034;BANCO SANTANDER - GASTOS DE MANTENIMIENTO DE CUENTA;BANCO SANTANDER - GASTOS DE MANTENIMIENTO DE CUENTA;1
9662;244;5037;BANCO GALICIA - GASTOS DE MANTENIMIENTO DE CUENTA;BANCO GALICIA - GASTOS DE MANTENIMIENTO DE CUENTA;1
9663;244;5043;BANCO CREDICOOP - GASTOS DE MANTENIMIENTO DE CUENTA;BANCO CREDICOOP - GASTOS DE MANTENIMIENTO DE CUENTA;1
9664;244;5046;BANCO HSBC - GASTOS DE MANTENIMIENTO DE CUENTA;BANCO HSBC - GASTOS DE MANTENIMIENTO DE CUENTA;1
9665;244;5049;BANCO PATAGONIA - GASTOS DE MANTENIMIENTO DE CUENTA;BANCO PATAGONIA - GASTOS DE MANTENIMIENTO DE CUENTA;1
9666;244;5035;BANCO SANTANDER - INTERESES POR PRESTAMOS;BANCO SANTANDER - INTERESES POR PRESTAMOS;1
9667;244;5038;BANCO GALICIA - INTERESES POR PRESTAMOS;BANCO GALICIA - INTERESES POR PRESTAMOS;1
9668;244;5041;BBVA FRANCES - INTERESES POR PRESTAMOS;BBVA FRANCES - INTERESES POR PRESTAMOS;1
9669;244;5044;BANCO CREDICOOP- INTERESES POR PRESTAMOS;BANCO CREDICOOP- INTERESES POR PRESTAMOS;1
9670;244;5047;BANCO HSBC - INTERESES POR PRESTAMOS;BANCO HSBC - INTERESES POR PRESTAMOS;1
9671;244;5050;BANCO PATAGONIA- INTERESES POR PRESTAMOS;BANCO PATAGONIA- INTERESES POR PRESTAMOS;1
9672;244;1050;RODADOS - BIENES DE USO;RODADOS - BIENES DE USO;1
9673;244;1051;MUEBLES Y UTILES - BIENES DE USO;MUEBLES Y UTILES - BIENES DE USO;1
9674;244;1052;MAQUINARIA - BIENES DE USO;MAQUINARIA - BIENES DE USO;1
9675;244;1053;INMUEBLES - BIENES DE USO;INMUEBLES - BIENES DE USO;1
9676;244;5020;RODADOS - GASTOS DE MANTENIMIENTO;RODADOS - GASTOS DE MANTENIMIENTO;1
9677;244;5021;MUEBLES Y UTILES - GASTOS DE MANTENIMIENTO;MUEBLES Y UTILES - GASTOS DE MANTENIMIENTO;1
9678;244;5022;MAQUINARIA - GASTOS DE MANTENIMIENTO;MAQUINARIA - GASTOS DE MANTENIMIENTO;1
9679;244;5023;INMUEBLES - GASTOS DE MANTENIMIENTO;INMUEBLES - GASTOS DE MANTENIMIENTO;1
9680;244;5024;COMPRA DE BIENES USADOS A CF;COMPRA DE BIENES USADOS A CF;1
9681;244;1059;INSTALACIONES - BIENES DE USO;INSTALACIONES - BIENES DE USO;1
9682;244;5025;INSTALACIONES - GASTOS DE MANTENIMIENTO;INSTALACIONES - GASTOS DE MANTENIMIENTO;1
9683;244;5004;SERVICIOS Y TASAS;SERVICIOS Y TASAS;1
9684;244;5051;BANCO HIPOTECARIO - COMISIONES CUENTA;BANCO HIPOTECARIO - COMISIONES CUENTA;1
9685;244;5040;BBVA FRANCES - COMISIONES BANCARIAS;BBVA FRANCES - COMISIONES BANCARIAS;1
9686;244;5052;COMISIONES SGR;COMISIONES SGR;1
9687;244;5014;COMISIONES MERCADOLIBRE;COMISIONES MERCADO LIBRE;1
9688;34;5051;COMISION SGR;COMISIONES SGR;1
9689;250;4000;VENTAS;VENTAS;1
9690;250;5000;COMPRAS;COMPRAS;1
9691;250;5001;COMISION TARJETAS DE CREDITO;COMISION TARJETAS DE CREDITO;1
9692;250;5002;COMBUSTIBLES Y LUBRICANTES;COMBUSTIBLES Y LUBRICANTES;1
9693;250;5003;FLETES Y CORREO;FLETES Y CORREO;1
9694;250;5005;LIBRERIA Y PAPELERIA;LIBRERIA Y PAPELERIA;1
9695;250;5006;HONORARIOS PROFESIONALES;HONORARIOS PROFESIONALES;1
9696;250;5007;ALQUILERES PAGADOS;ALQUILERES PAGADOS;1
9697;250;5008;SEGUROS PAGADOS;SEGUROS PAGADOS;1
9698;250;5010;GASTOS GENERALES;GASTOS GENERALES;1
9699;250;5011;SERVICISO INFORMATICOS;SERVICIOS INFORMATICOS;1
9700;250;5012;CANON;CANON;1
9701;250;5013;SERVICIOS JURIDICOS;SERVICIOS JURIDICOS;1
9702;250;5030;BANCO NACION - INTERES POR DESCUBIERTO;BANCO NACION - INTERES POR DESCUBIERTO;1
9703;250;5009;INTERESES BANCARIOS;INTERESES BANCARIOS;1
9704;250;5031;BANCO NACION - GASTOS DE MANTENIMIENTO DE CUENTA;BANCO NACION - GASTOS DE MANTENIMIENTO DE CUENTA;1
9705;250;5032;BANCO NACION - INTERESES POR PRESTAMOS;BANCO NACION - INTERESES POR PRESTAMOS;1
9706;250;5033;BANCO SANTANDER - INTERES POR DESCUBIERTO;BANCO SANTANDER - INTERES POR DESCUBIERTO;1
9707;250;5036;BANCO GALICIA - INTERES POR DESCUBIERTO;BANCO GALICIA - INTERES POR DESCUBIERTO;1
9708;250;5039;BBVA FRANCES - INTERES POR DESCUBIERTO;BBVA FRANCES - INTERES POR DESCUBIERTO;1
9709;250;5042;BANCO CREDICOOP - INTERES POR DESCUBIERTO;BANCO CREDICOOP - INTERES POR DESCUBIERTO;1
9710;250;5045;BANCO HSBC - INTERES POR DESCUBIERTO;BANCO HSBC - INTERES POR DESCUBIERTO;1
9711;250;5048;BANCO PATAGONIA - INTERES POR DESCUBIERTO;BANCO PATAGONIA - INTERES POR DESCUBIERTO;1
9712;250;5034;BANCO SANTANDER - GASTOS DE MANTENIMIENTO DE CUENTA;BANCO SANTANDER - GASTOS DE MANTENIMIENTO DE CUENTA;1
9713;250;5037;BANCO GALICIA - GASTOS DE MANTENIMIENTO DE CUENTA;BANCO GALICIA - GASTOS DE MANTENIMIENTO DE CUENTA;1
9714;250;5043;BANCO CREDICOOP - GASTOS DE MANTENIMIENTO DE CUENTA;BANCO CREDICOOP - GASTOS DE MANTENIMIENTO DE CUENTA;1
9715;250;5046;BANCO HSBC - GASTOS DE MANTENIMIENTO DE CUENTA;BANCO HSBC - GASTOS DE MANTENIMIENTO DE CUENTA;1
9716;250;5049;BANCO PATAGONIA - GASTOS DE MANTENIMIENTO DE CUENTA;BANCO PATAGONIA - GASTOS DE MANTENIMIENTO DE CUENTA;1
9717;250;5035;BANCO SANTANDER - INTERESES POR PRESTAMOS;BANCO SANTANDER - INTERESES POR PRESTAMOS;1
9718;250;5038;BANCO GALICIA - INTERESES POR PRESTAMOS;BANCO GALICIA - INTERESES POR PRESTAMOS;1
9719;250;5041;BBVA FRANCES - INTERESES POR PRESTAMOS;BBVA FRANCES - INTERESES POR PRESTAMOS;1
9720;250;5044;BANCO CREDICOOP- INTERESES POR PRESTAMOS;BANCO CREDICOOP- INTERESES POR PRESTAMOS;1
9721;250;5047;BANCO HSBC - INTERESES POR PRESTAMOS;BANCO HSBC - INTERESES POR PRESTAMOS;1
9722;250;5050;BANCO PATAGONIA- INTERESES POR PRESTAMOS;BANCO PATAGONIA- INTERESES POR PRESTAMOS;1
9723;250;1050;RODADOS - BIENES DE USO;RODADOS - BIENES DE USO;1
9724;250;1051;MUEBLES Y UTILES - BIENES DE USO;MUEBLES Y UTILES - BIENES DE USO;1
9725;250;1052;MAQUINARIA - BIENES DE USO;MAQUINARIA - BIENES DE USO;1
9726;250;1053;INMUEBLES - BIENES DE USO;INMUEBLES - BIENES DE USO;1
9727;250;5020;RODADOS - GASTOS DE MANTENIMIENTO;RODADOS - GASTOS DE MANTENIMIENTO;1
9728;250;5021;MUEBLES Y UTILES - GASTOS DE MANTENIMIENTO;MUEBLES Y UTILES - GASTOS DE MANTENIMIENTO;1
9729;250;5022;MAQUINARIA - GASTOS DE MANTENIMIENTO;MAQUINARIA - GASTOS DE MANTENIMIENTO;1
9730;250;5023;INMUEBLES - GASTOS DE MANTENIMIENTO;INMUEBLES - GASTOS DE MANTENIMIENTO;1
9731;250;5024;COMPRA DE BIENES USADOS A CF;COMPRA DE BIENES USADOS A CF;1
9732;250;1059;INSTALACIONES - BIENES DE USO;INSTALACIONES - BIENES DE USO;1
9733;250;5025;INSTALACIONES - GASTOS DE MANTENIMIENTO;INSTALACIONES - GASTOS DE MANTENIMIENTO;1
9734;250;5004;SERVICIOS Y TASAS;SERVICIOS Y TASAS;1
9735;250;4050;VENTA BIENES DE USO - RODADOS;VENTA BIENES DE USO - RODADOS;1
9736;250;4001;VENTA BIENES DE USO USADOS.;VENTA BIENES DE USO USADOS;1
9737;250;5051;COMISIONES SGR;COMISIONES SGR;1
9738;250;5052;FINANCIACION MERCEDEZ BENZ;FINANCIACION MERCEDEZ BENZ;1
9739;252;4000;VENTAS;VENTAS;1
9740;252;5000;COMPRAS;COMPRAS;1
9741;252;5001;COMISION TARJETAS DE CREDITO;COMISION TARJETAS DE CREDITO;1
9742;252;5002;COMBUSTIBLES Y LUBRICANTES;COMBUSTIBLES Y LUBRICANTES;1
9743;252;5003;FLETES Y CORREO;FLETES Y CORREO;1
9744;252;5005;LIBRERIA Y PAPELERIA;LIBRERIA Y PAPELERIA;1
9745;252;5006;HONORARIOS PROFESIONALES;HONORARIOS PROFESIONALES;1
9746;252;5007;ALQUILERES PAGADOS;ALQUILERES PAGADOS;1
9747;252;5008;SEGUROS PAGADOS;SEGUROS PAGADOS;1
9748;252;5010;GASTOS GENERALES;GASTOS GENERALES;1
9749;252;5011;SERVICISO INFORMATICOS;SERVICIOS INFORMATICOS;1
9750;252;5012;CANON;CANON;1
9751;252;5013;SERVICIOS JURIDICOS;SERVICIOS JURIDICOS;1
9752;252;5030;BANCO NACION - INTERES POR DESCUBIERTO;BANCO NACION - INTERES POR DESCUBIERTO;1
9753;252;5009;INTERESES BANCARIOS;INTERESES BANCARIOS;1
9754;252;5031;BANCO NACION - GASTOS DE MANTENIMIENTO DE CUENTA;BANCO NACION - GASTOS DE MANTENIMIENTO DE CUENTA;1
9755;252;5032;BANCO NACION - INTERESES POR PRESTAMOS;BANCO NACION - INTERESES POR PRESTAMOS;1
9756;252;5033;BANCO SANTANDER - INTERES POR DESCUBIERTO;BANCO SANTANDER - INTERES POR DESCUBIERTO;1
9757;252;5036;BANCO GALICIA - INTERES POR DESCUBIERTO;BANCO GALICIA - INTERES POR DESCUBIERTO;1
9758;252;5039;BBVA FRANCES - INTERES POR DESCUBIERTO;BBVA FRANCES - INTERES POR DESCUBIERTO;1
9759;252;5042;BANCO CREDICOOP - INTERES POR DESCUBIERTO;BANCO CREDICOOP - INTERES POR DESCUBIERTO;1
9760;252;5045;BANCO HSBC - INTERES POR DESCUBIERTO;BANCO HSBC - INTERES POR DESCUBIERTO;1
9761;252;5048;BANCO PATAGONIA - INTERES POR DESCUBIERTO;BANCO PATAGONIA - INTERES POR DESCUBIERTO;1
9762;252;5034;BANCO SANTANDER - GASTOS DE MANTENIMIENTO DE CUENTA;BANCO SANTANDER - GASTOS DE MANTENIMIENTO DE CUENTA;1
9763;252;5037;BANCO GALICIA - GASTOS DE MANTENIMIENTO DE CUENTA;BANCO GALICIA - GASTOS DE MANTENIMIENTO DE CUENTA;1
9764;252;5043;BANCO CREDICOOP - GASTOS DE MANTENIMIENTO DE CUENTA;BANCO CREDICOOP - GASTOS DE MANTENIMIENTO DE CUENTA;1
9765;252;5046;BANCO HSBC - GASTOS DE MANTENIMIENTO DE CUENTA;BANCO HSBC - GASTOS DE MANTENIMIENTO DE CUENTA;1
9766;252;5049;BANCO PATAGONIA - GASTOS DE MANTENIMIENTO DE CUENTA;BANCO PATAGONIA - GASTOS DE MANTENIMIENTO DE CUENTA;1
9767;252;5035;BANCO SANTANDER - INTERESES POR PRESTAMOS;BANCO SANTANDER - INTERESES POR PRESTAMOS;1
9768;252;5038;BANCO GALICIA - INTERESES POR PRESTAMOS;BANCO GALICIA - INTERESES POR PRESTAMOS;1
9769;252;5041;BBVA FRANCES - INTERESES POR PRESTAMOS;BBVA FRANCES - INTERESES POR PRESTAMOS;1
9770;252;5044;BANCO CREDICOOP- INTERESES POR PRESTAMOS;BANCO CREDICOOP- INTERESES POR PRESTAMOS;1
9771;252;5047;BANCO HSBC - INTERESES POR PRESTAMOS;BANCO HSBC - INTERESES POR PRESTAMOS;1
9772;252;5050;BANCO PATAGONIA- INTERESES POR PRESTAMOS;BANCO PATAGONIA- INTERESES POR PRESTAMOS;1
9773;252;1050;RODADOS - BIENES DE USO;RODADOS - BIENES DE USO;1
9774;252;1051;MUEBLES Y UTILES - BIENES DE USO;MUEBLES Y UTILES - BIENES DE USO;1
9775;252;1052;MAQUINARIA - BIENES DE USO;MAQUINARIA - BIENES DE USO;1
9776;252;1053;INMUEBLES - BIENES DE USO;INMUEBLES - BIENES DE USO;1
9777;252;5020;RODADOS - GASTOS DE MANTENIMIENTO;RODADOS - GASTOS DE MANTENIMIENTO;1
9778;252;5021;MUEBLES Y UTILES - GASTOS DE MANTENIMIENTO;MUEBLES Y UTILES - GASTOS DE MANTENIMIENTO;1
9779;252;5022;MAQUINARIA - GASTOS DE MANTENIMIENTO;MAQUINARIA - GASTOS DE MANTENIMIENTO;1
9780;252;5023;INMUEBLES - GASTOS DE MANTENIMIENTO;INMUEBLES - GASTOS DE MANTENIMIENTO;1
9781;252;5024;COMPRA DE BIENES USADOS A CF;COMPRA DE BIENES USADOS A CF;1
9782;252;1059;INSTALACIONES - BIENES DE USO;INSTALACIONES - BIENES DE USO;1
9783;252;5025;INSTALACIONES - GASTOS DE MANTENIMIENTO;INSTALACIONES - GASTOS DE MANTENIMIENTO;1
9784;252;5004;SERVICIOS Y TASAS;SERVICIOS Y TASAS;1
9785;252;5051;BANCO HIPOTECARIO - COMISIONES CUENTA;BANCO HIPOTECARIO - COMISIONES CUENTA;1
9786;252;5040;BBVA FRANCES - COMISIONES BANCARIAS;BBVA FRANCES - COMISIONES BANCARIAS;1
9787;252;5052;Comisiones SGR;COMISIONES SGR;1
9788;251;4000;VENTAS;VENTAS;1
9789;251;5000;COMPRAS;COMPRAS;1
9790;251;5001;COMISION TARJETAS DE CREDITO;COMISION TARJETAS DE CREDITO;1
9791;251;5002;COMBUSTIBLES Y LUBRICANTES;COMBUSTIBLES Y LUBRICANTES;1
9792;251;5003;FLETES Y CORREO;FLETES Y CORREO;1
9793;251;5005;LIBRERIA Y PAPELERIA;LIBRERIA Y PAPELERIA;1
9794;251;5006;HONORARIOS PROFESIONALES;HONORARIOS PROFESIONALES;1
9795;251;5007;ALQUILERES PAGADOS;ALQUILERES PAGADOS;1
9796;251;5008;SEGUROS PAGADOS;SEGUROS PAGADOS;1
9797;251;5010;GASTOS GENERALES;GASTOS GENERALES;1
9798;251;5011;SERVICISO INFORMATICOS;SERVICIOS INFORMATICOS;1
9799;251;5012;CANON;CANON;1
9800;251;5013;SERVICIOS JURIDICOS;SERVICIOS JURIDICOS;1
9801;251;5030;BANCO NACION - INTERES POR DESCUBIERTO;BANCO NACION - INTERES POR DESCUBIERTO;1
9802;251;5009;INTERESES BANCARIOS;INTERESES BANCARIOS;1
9803;251;5031;BANCO NACION - GASTOS DE MANTENIMIENTO DE CUENTA;BANCO NACION - GASTOS DE MANTENIMIENTO DE CUENTA;1
9804;251;5032;BANCO NACION - INTERESES POR PRESTAMOS;BANCO NACION - INTERESES POR PRESTAMOS;1
9805;251;5033;BANCO SANTANDER - INTERES POR DESCUBIERTO;BANCO SANTANDER - INTERES POR DESCUBIERTO;1
9806;251;5036;BANCO GALICIA - INTERES POR DESCUBIERTO;BANCO GALICIA - INTERES POR DESCUBIERTO;1
9807;251;5039;BBVA FRANCES - INTERES POR DESCUBIERTO;BBVA FRANCES - INTERES POR DESCUBIERTO;1
9808;251;5042;BANCO CREDICOOP - INTERES POR DESCUBIERTO;BANCO CREDICOOP - INTERES POR DESCUBIERTO;1
9809;251;5045;BANCO HSBC - INTERES POR DESCUBIERTO;BANCO HSBC - INTERES POR DESCUBIERTO;1
9810;251;5048;BANCO PATAGONIA - INTERES POR DESCUBIERTO;BANCO PATAGONIA - INTERES POR DESCUBIERTO;1
9811;251;5034;BANCO SANTANDER - GASTOS DE MANTENIMIENTO DE CUENTA;BANCO SANTANDER - GASTOS DE MANTENIMIENTO DE CUENTA;1
9812;251;5037;BANCO GALICIA - GASTOS DE MANTENIMIENTO DE CUENTA;BANCO GALICIA - GASTOS DE MANTENIMIENTO DE CUENTA;1
9813;251;5043;BANCO CREDICOOP - GASTOS DE MANTENIMIENTO DE CUENTA;BANCO CREDICOOP - GASTOS DE MANTENIMIENTO DE CUENTA;1
9814;251;5046;BANCO HSBC - GASTOS DE MANTENIMIENTO DE CUENTA;BANCO HSBC - GASTOS DE MANTENIMIENTO DE CUENTA;1
9815;251;5049;BANCO PATAGONIA - GASTOS DE MANTENIMIENTO DE CUENTA;BANCO PATAGONIA - GASTOS DE MANTENIMIENTO DE CUENTA;1
9816;251;5035;BANCO SANTANDER - INTERESES POR PRESTAMOS;BANCO SANTANDER - INTERESES POR PRESTAMOS;1
9817;251;5038;BANCO GALICIA - INTERESES POR PRESTAMOS;BANCO GALICIA - INTERESES POR PRESTAMOS;1
9818;251;5041;BBVA FRANCES - INTERESES POR PRESTAMOS;BBVA FRANCES - INTERESES POR PRESTAMOS;1
9819;251;5044;BANCO CREDICOOP- INTERESES POR PRESTAMOS;BANCO CREDICOOP- INTERESES POR PRESTAMOS;1
9820;251;5047;BANCO HSBC - INTERESES POR PRESTAMOS;BANCO HSBC - INTERESES POR PRESTAMOS;1
9821;251;5050;BANCO PATAGONIA- INTERESES POR PRESTAMOS;BANCO PATAGONIA- INTERESES POR PRESTAMOS;1
9822;251;1050;RODADOS - BIENES DE USO;RODADOS - BIENES DE USO;1
9823;251;1051;MUEBLES Y UTILES - BIENES DE USO;MUEBLES Y UTILES - BIENES DE USO;1
9824;251;1052;MAQUINARIA - BIENES DE USO;MAQUINARIA - BIENES DE USO;1
9825;251;1053;INMUEBLES - BIENES DE USO;INMUEBLES - BIENES DE USO;1
9826;251;5020;RODADOS - GASTOS DE MANTENIMIENTO;RODADOS - GASTOS DE MANTENIMIENTO;1
9827;251;5021;MUEBLES Y UTILES - GASTOS DE MANTENIMIENTO;MUEBLES Y UTILES - GASTOS DE MANTENIMIENTO;1
9828;251;5022;MAQUINARIA - GASTOS DE MANTENIMIENTO;MAQUINARIA - GASTOS DE MANTENIMIENTO;1
9829;251;5023;INMUEBLES - GASTOS DE MANTENIMIENTO;INMUEBLES - GASTOS DE MANTENIMIENTO;1
9830;251;5024;COMPRA DE BIENES USADOS A CF;COMPRA DE BIENES USADOS A CF;1
9831;251;1059;INSTALACIONES - BIENES DE USO;INSTALACIONES - BIENES DE USO;1
9832;251;5025;INSTALACIONES - GASTOS DE MANTENIMIENTO;INSTALACIONES - GASTOS DE MANTENIMIENTO;1
9833;251;5004;SERVICIOS Y TASAS;SERVICIOS Y TASAS;1
9834;255;4000;VENTAS;VENTAS;1
9835;255;5000;COMPRAS;COMPRAS;1
9836;255;5001;COMISION TARJETAS DE CREDITO;COMISION TARJETAS DE CREDITO;1
9837;255;5002;COMBUSTIBLES Y LUBRICANTES;COMBUSTIBLES Y LUBRICANTES;1
9838;255;5003;FLETES Y CORREO;FLETES Y CORREO;1
9839;255;5005;LIBRERIA Y PAPELERIA;LIBRERIA Y PAPELERIA;1
9840;255;5006;HONORARIOS PROFESIONALES;HONORARIOS PROFESIONALES;1
9841;255;5007;ALQUILERES PAGADOS;ALQUILERES PAGADOS;1
9842;255;5008;SEGUROS PAGADOS;SEGUROS PAGADOS;1
9843;255;5010;GASTOS GENERALES;GASTOS GENERALES;1
9844;255;5011;SERVICISO INFORMATICOS;SERVICIOS INFORMATICOS;1
9845;255;5012;CANON;CANON;1
9846;255;5013;SERVICIOS JURIDICOS;SERVICIOS JURIDICOS;1
9847;255;5030;BANCO NACION - INTERES POR DESCUBIERTO;BANCO NACION - INTERES POR DESCUBIERTO;1
9848;255;5009;INTERESES BANCARIOS;INTERESES BANCARIOS;1
9849;255;5031;BANCO NACION - GASTOS DE MANTENIMIENTO DE CUENTA;BANCO NACION - GASTOS DE MANTENIMIENTO DE CUENTA;1
9850;255;5032;BANCO NACION - INTERESES POR PRESTAMOS;BANCO NACION - INTERESES POR PRESTAMOS;1
9851;255;5033;BANCO SANTANDER - INTERES POR DESCUBIERTO;BANCO SANTANDER - INTERES POR DESCUBIERTO;1
9852;255;5036;BANCO GALICIA - INTERES POR DESCUBIERTO;BANCO GALICIA - INTERES POR DESCUBIERTO;1
9853;255;5039;BBVA FRANCES - INTERES POR DESCUBIERTO;BBVA FRANCES - INTERES POR DESCUBIERTO;1
9854;255;5042;BANCO CREDICOOP - INTERES POR DESCUBIERTO;BANCO CREDICOOP - INTERES POR DESCUBIERTO;1
9855;255;5045;BANCO HSBC - INTERES POR DESCUBIERTO;BANCO HSBC - INTERES POR DESCUBIERTO;1
9856;255;5048;BANCO PATAGONIA - INTERES POR DESCUBIERTO;BANCO PATAGONIA - INTERES POR DESCUBIERTO;1
9857;255;5034;BANCO SANTANDER - GASTOS DE MANTENIMIENTO DE CUENTA;BANCO SANTANDER - GASTOS DE MANTENIMIENTO DE CUENTA;1
9858;255;5037;BANCO GALICIA - GASTOS DE MANTENIMIENTO DE CUENTA;BANCO GALICIA - GASTOS DE MANTENIMIENTO DE CUENTA;1
9859;255;5043;BANCO CREDICOOP - GASTOS DE MANTENIMIENTO DE CUENTA;BANCO CREDICOOP - GASTOS DE MANTENIMIENTO DE CUENTA;1
9860;255;5046;BANCO HSBC - GASTOS DE MANTENIMIENTO DE CUENTA;BANCO HSBC - GASTOS DE MANTENIMIENTO DE CUENTA;1
9861;255;5049;BANCO PATAGONIA - GASTOS DE MANTENIMIENTO DE CUENTA;BANCO PATAGONIA - GASTOS DE MANTENIMIENTO DE CUENTA;1
9862;255;5035;BANCO SANTANDER - INTERESES POR PRESTAMOS;BANCO SANTANDER - INTERESES POR PRESTAMOS;1
9863;255;5038;BANCO GALICIA - INTERESES POR PRESTAMOS;BANCO GALICIA - INTERESES POR PRESTAMOS;1
9864;255;5041;BBVA FRANCES - INTERESES POR PRESTAMOS;BBVA FRANCES - INTERESES POR PRESTAMOS;1
9865;255;5044;BANCO CREDICOOP- INTERESES POR PRESTAMOS;BANCO CREDICOOP- INTERESES POR PRESTAMOS;1
9866;255;5047;BANCO HSBC - INTERESES POR PRESTAMOS;BANCO HSBC - INTERESES POR PRESTAMOS;1
9867;255;5050;BANCO PATAGONIA- INTERESES POR PRESTAMOS;BANCO PATAGONIA- INTERESES POR PRESTAMOS;1
9868;255;1050;RODADOS - BIENES DE USO;RODADOS - BIENES DE USO;1
9869;255;1051;MUEBLES Y UTILES - BIENES DE USO;MUEBLES Y UTILES - BIENES DE USO;1
9870;255;1052;MAQUINARIA - BIENES DE USO;MAQUINARIA - BIENES DE USO;1
9871;255;1053;INMUEBLES - BIENES DE USO;INMUEBLES - BIENES DE USO;1
9872;255;5020;RODADOS - GASTOS DE MANTENIMIENTO;RODADOS - GASTOS DE MANTENIMIENTO;1
9873;255;5021;MUEBLES Y UTILES - GASTOS DE MANTENIMIENTO;MUEBLES Y UTILES - GASTOS DE MANTENIMIENTO;1
9874;255;5022;MAQUINARIA - GASTOS DE MANTENIMIENTO;MAQUINARIA - GASTOS DE MANTENIMIENTO;1
9875;255;5023;INMUEBLES - GASTOS DE MANTENIMIENTO;INMUEBLES - GASTOS DE MANTENIMIENTO;1
9876;255;5024;COMPRA DE BIENES USADOS A CF;COMPRA DE BIENES USADOS A CF;1
9877;255;1059;INSTALACIONES - BIENES DE USO;INSTALACIONES - BIENES DE USO;1
9878;255;5025;INSTALACIONES - GASTOS DE MANTENIMIENTO;INSTALACIONES - GASTOS DE MANTENIMIENTO;1
9879;255;5004;SERVICIOS Y TASAS;SERVICIOS Y TASAS;1
9880;255;5051;BANCO HIPOTECARIO - COMISIONES CUENTA;BANCO HIPOTECARIO - COMISIONES CUENTA;1
9881;255;5040;BBVA FRANCES - COMISIONES BANCARIAS;BBVA FRANCES - COMISIONES BANCARIAS;1
9882;255;5052;COMISIONES SGR;COMISIONES SGR;1
9883;255;5014;COMISIONES MERCADOLIBRE;COMISIONES MERCADO LIBRE;1
9884;52;5014;COMISIONES MERCADO LIBRE;COMISIONES MERCADO LIBRE;1
9885;134;5052;COMISIONES SGR;COMISIONES SGR;1
9886;257;4000;VENTAS;VENTAS;1
9887;257;5000;COMPRAS;COMPRAS;1
9888;257;5001;COMISION TARJETAS DE CREDITO;COMISION TARJETAS DE CREDITO;1
9889;257;5002;COMBUSTIBLES Y LUBRICANTES;COMBUSTIBLES Y LUBRICANTES;1
9890;257;5003;FLETES Y CORREO;FLETES Y CORREO;1
9891;257;5005;LIBRERIA Y PAPELERIA;LIBRERIA Y PAPELERIA;1
9892;257;5006;HONORARIOS PROFESIONALES;HONORARIOS PROFESIONALES;1
9893;257;5007;ALQUILERES PAGADOS;ALQUILERES PAGADOS;1
9894;257;5008;SEGUROS PAGADOS;SEGUROS PAGADOS;1
9895;257;5010;GASTOS GENERALES;GASTOS GENERALES;1
9896;257;5011;SERVICISO INFORMATICOS;SERVICIOS INFORMATICOS;1
9897;257;5012;CANON;CANON;1
9898;257;5013;SERVICIOS JURIDICOS;SERVICIOS JURIDICOS;1
9899;257;5030;BANCO NACION - INTERES POR DESCUBIERTO;BANCO NACION - INTERES POR DESCUBIERTO;1
9900;257;5009;INTERESES BANCARIOS;INTERESES BANCARIOS;1
9901;257;5031;BANCO NACION - GASTOS DE MANTENIMIENTO DE CUENTA;BANCO NACION - GASTOS DE MANTENIMIENTO DE CUENTA;1
9902;257;5032;BANCO NACION - INTERESES POR PRESTAMOS;BANCO NACION - INTERESES POR PRESTAMOS;1
9903;257;5033;BANCO SANTANDER - INTERES POR DESCUBIERTO;BANCO SANTANDER - INTERES POR DESCUBIERTO;1
9904;257;5036;BANCO GALICIA - INTERES POR DESCUBIERTO;BANCO GALICIA - INTERES POR DESCUBIERTO;1
9905;257;5039;BBVA FRANCES - INTERES POR DESCUBIERTO;BBVA FRANCES - INTERES POR DESCUBIERTO;1
9906;257;5042;BANCO CREDICOOP - INTERES POR DESCUBIERTO;BANCO CREDICOOP - INTERES POR DESCUBIERTO;1
9907;257;5045;BANCO HSBC - INTERES POR DESCUBIERTO;BANCO HSBC - INTERES POR DESCUBIERTO;1
9908;257;5048;BANCO PATAGONIA - INTERES POR DESCUBIERTO;BANCO PATAGONIA - INTERES POR DESCUBIERTO;1
9909;257;5034;BANCO SANTANDER - GASTOS DE MANTENIMIENTO DE CUENTA;BANCO SANTANDER - GASTOS DE MANTENIMIENTO DE CUENTA;1
9910;257;5037;BANCO GALICIA - GASTOS DE MANTENIMIENTO DE CUENTA;BANCO GALICIA - GASTOS DE MANTENIMIENTO DE CUENTA;1
9911;257;5043;BANCO CREDICOOP - GASTOS DE MANTENIMIENTO DE CUENTA;BANCO CREDICOOP - GASTOS DE MANTENIMIENTO DE CUENTA;1
9912;257;5046;BANCO HSBC - GASTOS DE MANTENIMIENTO DE CUENTA;BANCO HSBC - GASTOS DE MANTENIMIENTO DE CUENTA;1
9913;257;5049;BANCO PATAGONIA - GASTOS DE MANTENIMIENTO DE CUENTA;BANCO PATAGONIA - GASTOS DE MANTENIMIENTO DE CUENTA;1
9914;257;5035;BANCO SANTANDER - INTERESES POR PRESTAMOS;BANCO SANTANDER - INTERESES POR PRESTAMOS;1
9915;257;5038;BANCO GALICIA - INTERESES POR PRESTAMOS;BANCO GALICIA - INTERESES POR PRESTAMOS;1
9916;257;5041;BBVA FRANCES - INTERESES POR PRESTAMOS;BBVA FRANCES - INTERESES POR PRESTAMOS;1
9917;257;5044;BANCO CREDICOOP- INTERESES POR PRESTAMOS;BANCO CREDICOOP- INTERESES POR PRESTAMOS;1
9918;257;5047;BANCO HSBC - INTERESES POR PRESTAMOS;BANCO HSBC - INTERESES POR PRESTAMOS;1
9919;257;5050;BANCO PATAGONIA- INTERESES POR PRESTAMOS;BANCO PATAGONIA- INTERESES POR PRESTAMOS;1
9920;257;1050;RODADOS - BIENES DE USO;RODADOS - BIENES DE USO;1
9921;257;1051;MUEBLES Y UTILES - BIENES DE USO;MUEBLES Y UTILES - BIENES DE USO;1
9922;257;1052;MAQUINARIA - BIENES DE USO;MAQUINARIA - BIENES DE USO;1
9923;257;1053;INMUEBLES - BIENES DE USO;INMUEBLES - BIENES DE USO;1
9924;257;5020;RODADOS - GASTOS DE MANTENIMIENTO;RODADOS - GASTOS DE MANTENIMIENTO;1
9925;257;5021;MUEBLES Y UTILES - GASTOS DE MANTENIMIENTO;MUEBLES Y UTILES - GASTOS DE MANTENIMIENTO;1
9926;257;5022;MAQUINARIA - GASTOS DE MANTENIMIENTO;MAQUINARIA - GASTOS DE MANTENIMIENTO;1
9927;257;5023;INMUEBLES - GASTOS DE MANTENIMIENTO;INMUEBLES - GASTOS DE MANTENIMIENTO;1
9928;257;5024;COMPRA DE BIENES USADOS A CF;COMPRA DE BIENES USADOS A CF;1
9929;257;1059;INSTALACIONES - BIENES DE USO;INSTALACIONES - BIENES DE USO;1
9930;257;5025;INSTALACIONES - GASTOS DE MANTENIMIENTO;INSTALACIONES - GASTOS DE MANTENIMIENTO;1
9931;257;5004;SERVICIOS Y TASAS;SERVICIOS Y TASAS;1
9932;257;5051;BANCO HIPOTECARIO - COMISIONES CUENTA;BANCO HIPOTECARIO - COMISIONES CUENTA;1
9933;257;5040;BBVA FRANCES - COMISIONES BANCARIAS;BBVA FRANCES - COMISIONES BANCARIAS;1
9934;257;5014;COMISIONES PAGADAS;COMISIONES SGR;1
9935;246;4000;VENTAS;VENTAS;1
9936;246;5000;COMPRAS;COMPRAS;1
9937;246;5001;COMISION TARJETAS DE CREDITO;COMISION TARJETAS DE CREDITO;1
9938;246;5002;COMBUSTIBLES Y LUBRICANTES;COMBUSTIBLES Y LUBRICANTES;1
9939;246;5003;FLETES Y CORREO;FLETES Y CORREO;1
9940;246;5005;LIBRERIA Y PAPELERIA;LIBRERIA Y PAPELERIA;1
9941;246;5006;HONORARIOS PROFESIONALES;HONORARIOS PROFESIONALES;1
9942;246;5007;ALQUILERES PAGADOS;ALQUILERES PAGADOS;1
9943;246;5008;SEGUROS PAGADOS;SEGUROS PAGADOS;1
9944;246;5010;GASTOS GENERALES;GASTOS GENERALES;1
9945;246;5011;SERVICISO INFORMATICOS;SERVICIOS INFORMATICOS;1
9946;246;5012;CANON;CANON;1
9947;246;5013;SERVICIOS JURIDICOS;SERVICIOS JURIDICOS;1
9948;246;5030;BANCO NACION - INTERES POR DESCUBIERTO;BANCO NACION - INTERES POR DESCUBIERTO;1
9949;246;5009;INTERESES BANCARIOS;INTERESES BANCARIOS;1
9950;246;5031;BANCO NACION - GASTOS DE MANTENIMIENTO DE CUENTA;BANCO NACION - GASTOS DE MANTENIMIENTO DE CUENTA;1
9951;246;5032;BANCO NACION - INTERESES POR PRESTAMOS;BANCO NACION - INTERESES POR PRESTAMOS;1
9952;246;5033;BANCO SANTANDER - INTERES POR DESCUBIERTO;BANCO SANTANDER - INTERES POR DESCUBIERTO;1
9953;246;5036;BANCO GALICIA - INTERES POR DESCUBIERTO;BANCO GALICIA - INTERES POR DESCUBIERTO;1
9954;246;5039;BBVA FRANCES - INTERES POR DESCUBIERTO;BBVA FRANCES - INTERES POR DESCUBIERTO;1
9955;246;5042;BANCO CREDICOOP - INTERES POR DESCUBIERTO;BANCO CREDICOOP - INTERES POR DESCUBIERTO;1
9956;246;5045;BANCO HSBC - INTERES POR DESCUBIERTO;BANCO HSBC - INTERES POR DESCUBIERTO;1
9957;246;5048;BANCO PATAGONIA - INTERES POR DESCUBIERTO;BANCO PATAGONIA - INTERES POR DESCUBIERTO;1
9958;246;5034;BANCO SANTANDER - GASTOS DE MANTENIMIENTO DE CUENTA;BANCO SANTANDER - GASTOS DE MANTENIMIENTO DE CUENTA;1
9959;246;5037;BANCO GALICIA - GASTOS DE MANTENIMIENTO DE CUENTA;BANCO GALICIA - GASTOS DE MANTENIMIENTO DE CUENTA;1
9960;246;5043;BANCO CREDICOOP - GASTOS DE MANTENIMIENTO DE CUENTA;BANCO CREDICOOP - GASTOS DE MANTENIMIENTO DE CUENTA;1
9961;246;5046;BANCO HSBC - GASTOS DE MANTENIMIENTO DE CUENTA;BANCO HSBC - GASTOS DE MANTENIMIENTO DE CUENTA;1
9962;246;5049;BANCO PATAGONIA - GASTOS DE MANTENIMIENTO DE CUENTA;BANCO PATAGONIA - GASTOS DE MANTENIMIENTO DE CUENTA;1
9963;246;5035;BANCO SANTANDER - INTERESES POR PRESTAMOS;BANCO SANTANDER - INTERESES POR PRESTAMOS;1
9964;246;5038;BANCO GALICIA - INTERESES POR PRESTAMOS;BANCO GALICIA - INTERESES POR PRESTAMOS;1
9965;246;5041;BBVA FRANCES - INTERESES POR PRESTAMOS;BBVA FRANCES - INTERESES POR PRESTAMOS;1
9966;246;5044;BANCO CREDICOOP- INTERESES POR PRESTAMOS;BANCO CREDICOOP- INTERESES POR PRESTAMOS;1
9967;246;5047;BANCO HSBC - INTERESES POR PRESTAMOS;BANCO HSBC - INTERESES POR PRESTAMOS;1
9968;246;5050;BANCO PATAGONIA- INTERESES POR PRESTAMOS;BANCO PATAGONIA- INTERESES POR PRESTAMOS;1
9969;246;1050;RODADOS - BIENES DE USO;RODADOS - BIENES DE USO;1
9970;246;1051;MUEBLES Y UTILES - BIENES DE USO;MUEBLES Y UTILES - BIENES DE USO;1
9971;246;1052;MAQUINARIA - BIENES DE USO;MAQUINARIA - BIENES DE USO;1
9972;246;1053;INMUEBLES - BIENES DE USO;INMUEBLES - BIENES DE USO;1
9973;246;5020;RODADOS - GASTOS DE MANTENIMIENTO;RODADOS - GASTOS DE MANTENIMIENTO;1
9974;246;5021;MUEBLES Y UTILES - GASTOS DE MANTENIMIENTO;MUEBLES Y UTILES - GASTOS DE MANTENIMIENTO;1
9975;246;5022;MAQUINARIA - GASTOS DE MANTENIMIENTO;MAQUINARIA - GASTOS DE MANTENIMIENTO;1
9976;246;5023;INMUEBLES - GASTOS DE MANTENIMIENTO;INMUEBLES - GASTOS DE MANTENIMIENTO;1
9977;246;5024;COMPRA DE BIENES USADOS A CF;COMPRA DE BIENES USADOS A CF;1
9978;246;1059;INSTALACIONES - BIENES DE USO;INSTALACIONES - BIENES DE USO;1
9979;246;5025;INSTALACIONES - GASTOS DE MANTENIMIENTO;INSTALACIONES - GASTOS DE MANTENIMIENTO;1
9980;246;5004;SERVICIOS Y TASAS;SERVICIOS Y TASAS;1
9981;246;5051;BANCO HIPOTECARIO - COMISIONES CUENTA;BANCO HIPOTECARIO - COMISIONES CUENTA;1
9982;246;5040;BBVA FRANCES - COMISIONES BANCARIAS;BBVA FRANCES - COMISIONES BANCARIAS;1
9983;246;5052;COMISIONES SGR;COMISIONES SGR;1
9984;246;5014;COMISIONES MERCADOLIBRE;COMISIONES MERCADO LIBRE;1
9985;260;4000;VENTAS;VENTAS;1
9986;260;5000;COMPRAS;COMPRAS;1
9987;260;5001;COMISION TARJETAS DE CREDITO;COMISION TARJETAS DE CREDITO;1
9988;260;5002;COMBUSTIBLES Y LUBRICANTES;COMBUSTIBLES Y LUBRICANTES;1
9989;260;5003;FLETES Y CORREO;FLETES Y CORREO;1
9990;260;5005;LIBRERIA Y PAPELERIA;LIBRERIA Y PAPELERIA;1
9991;260;5006;HONORARIOS PROFESIONALES;HONORARIOS PROFESIONALES;1
9992;260;5007;ALQUILERES PAGADOS;ALQUILERES PAGADOS;1
9993;260;5008;SEGUROS PAGADOS;SEGUROS PAGADOS;1
9994;260;5010;GASTOS GENERALES;GASTOS GENERALES;1
9995;260;5011;SERVICISO INFORMATICOS;SERVICIOS INFORMATICOS;1
9996;260;5012;CANON;CANON;1
9997;260;5013;SERVICIOS JURIDICOS;SERVICIOS JURIDICOS;1
9998;260;5030;BANCO NACION - INTERES POR DESCUBIERTO;BANCO NACION - INTERES POR DESCUBIERTO;1
9999;260;5009;INTERESES BANCARIOS;INTERESES BANCARIOS;1
10000;260;5031;BANCO NACION - GASTOS DE MANTENIMIENTO DE CUENTA;BANCO NACION - GASTOS DE MANTENIMIENTO DE CUENTA;1
10001;260;5032;BANCO NACION - INTERESES POR PRESTAMOS;BANCO NACION - INTERESES POR PRESTAMOS;1
10002;260;5033;BANCO SANTANDER - INTERES POR DESCUBIERTO;BANCO SANTANDER - INTERES POR DESCUBIERTO;1
10003;260;5036;BANCO GALICIA - INTERES POR DESCUBIERTO;BANCO GALICIA - INTERES POR DESCUBIERTO;1
10004;260;5039;BBVA FRANCES - INTERES POR DESCUBIERTO;BBVA FRANCES - INTERES POR DESCUBIERTO;1
10005;260;5042;BANCO CREDICOOP - INTERES POR DESCUBIERTO;BANCO CREDICOOP - INTERES POR DESCUBIERTO;1
10006;260;5045;BANCO HSBC - INTERES POR DESCUBIERTO;BANCO HSBC - INTERES POR DESCUBIERTO;1
10007;260;5048;BANCO PATAGONIA - INTERES POR DESCUBIERTO;BANCO PATAGONIA - INTERES POR DESCUBIERTO;1
10008;260;5034;BANCO SANTANDER - GASTOS DE MANTENIMIENTO DE CUENTA;BANCO SANTANDER - GASTOS DE MANTENIMIENTO DE CUENTA;1
10009;260;5037;BANCO GALICIA - GASTOS DE MANTENIMIENTO DE CUENTA;BANCO GALICIA - GASTOS DE MANTENIMIENTO DE CUENTA;1
10010;260;5043;BANCO CREDICOOP - GASTOS DE MANTENIMIENTO DE CUENTA;BANCO CREDICOOP - GASTOS DE MANTENIMIENTO DE CUENTA;1
10011;260;5046;BANCO HSBC - GASTOS DE MANTENIMIENTO DE CUENTA;BANCO HSBC - GASTOS DE MANTENIMIENTO DE CUENTA;1
10012;260;5049;BANCO PATAGONIA - GASTOS DE MANTENIMIENTO DE CUENTA;BANCO PATAGONIA - GASTOS DE MANTENIMIENTO DE CUENTA;1
10013;260;5035;BANCO SANTANDER - INTERESES POR PRESTAMOS;BANCO SANTANDER - INTERESES POR PRESTAMOS;1
10014;260;5038;BANCO GALICIA - INTERESES POR PRESTAMOS;BANCO GALICIA - INTERESES POR PRESTAMOS;1
10015;260;5041;BBVA FRANCES - INTERESES POR PRESTAMOS;BBVA FRANCES - INTERESES POR PRESTAMOS;1
10016;260;5044;BANCO CREDICOOP- INTERESES POR PRESTAMOS;BANCO CREDICOOP- INTERESES POR PRESTAMOS;1
10017;260;5047;BANCO HSBC - INTERESES POR PRESTAMOS;BANCO HSBC - INTERESES POR PRESTAMOS;1
10018;260;5050;BANCO PATAGONIA- INTERESES POR PRESTAMOS;BANCO PATAGONIA- INTERESES POR PRESTAMOS;1
10019;260;1050;RODADOS - BIENES DE USO;RODADOS - BIENES DE USO;1
10020;260;1051;MUEBLES Y UTILES - BIENES DE USO;MUEBLES Y UTILES - BIENES DE USO;1
10021;260;1052;MAQUINARIA - BIENES DE USO;MAQUINARIA - BIENES DE USO;1
10022;260;1053;INMUEBLES - BIENES DE USO;INMUEBLES - BIENES DE USO;1
10023;260;5020;RODADOS - GASTOS DE MANTENIMIENTO;RODADOS - GASTOS DE MANTENIMIENTO;1
10024;260;5021;MUEBLES Y UTILES - GASTOS DE MANTENIMIENTO;MUEBLES Y UTILES - GASTOS DE MANTENIMIENTO;1
10025;260;5022;MAQUINARIA - GASTOS DE MANTENIMIENTO;MAQUINARIA - GASTOS DE MANTENIMIENTO;1
10026;260;5023;INMUEBLES - GASTOS DE MANTENIMIENTO;INMUEBLES - GASTOS DE MANTENIMIENTO;1
10027;260;5024;COMPRA DE BIENES USADOS A CF;COMPRA DE BIENES USADOS A CF;1
10028;260;1059;INSTALACIONES - BIENES DE USO;INSTALACIONES - BIENES DE USO;1
10029;260;5025;INSTALACIONES - GASTOS DE MANTENIMIENTO;INSTALACIONES - GASTOS DE MANTENIMIENTO;1
10030;260;5004;SERVICIOS Y TASAS;SERVICIOS Y TASAS;1
10031;260;5051;BANCO HIPOTECARIO - COMISIONES CUENTA;BANCO HIPOTECARIO - COMISIONES CUENTA;1
10032;260;5040;BBVA FRANCES - COMISIONES BANCARIAS;BBVA FRANCES - COMISIONES BANCARIAS;1
10033;260;5052;COMISIONES SGR;COMISIONES SGR;1
10034;260;5014;COMISIONES MERCADOLIBRE;COMISIONES MERCADO LIBRE;1
10035;71;5052;COMISIONES SGR;COMISIONES SGR;1
10036;89;5014;COMISIONES MERCADO LIBRE;COMISIONES MERCADO LIBRE;1
10037;266;4000;VENTAS;VENTAS;1
10038;266;5000;COMPRAS;COMPRAS;1
10039;266;5001;COMISION TARJETAS DE CREDITO;COMISION TARJETAS DE CREDITO;1
10040;266;5002;COMBUSTIBLES Y LUBRICANTES;COMBUSTIBLES Y LUBRICANTES;1
10041;266;5003;FLETES Y CORREO;FLETES Y CORREO;1
10042;266;5005;LIBRERIA Y PAPELERIA;LIBRERIA Y PAPELERIA;1
10043;266;5006;HONORARIOS PROFESIONALES;HONORARIOS PROFESIONALES;1
10044;266;5007;ALQUILERES PAGADOS;ALQUILERES PAGADOS;1
10045;266;5008;SEGUROS PAGADOS;SEGUROS PAGADOS;1
10046;266;5010;GASTOS GENERALES;GASTOS GENERALES;1
10047;266;5011;SERVICISO INFORMATICOS;SERVICIOS INFORMATICOS;1
10048;266;5012;CANON;CANON;1
10049;266;5013;SERVICIOS JURIDICOS;SERVICIOS JURIDICOS;1
10050;266;5030;BANCO NACION - INTERES POR DESCUBIERTO;BANCO NACION - INTERES POR DESCUBIERTO;1
10051;266;5009;INTERESES BANCARIOS;INTERESES BANCARIOS;1
10052;266;5031;BANCO NACION - GASTOS DE MANTENIMIENTO DE CUENTA;BANCO NACION - GASTOS DE MANTENIMIENTO DE CUENTA;1
10053;266;5032;BANCO NACION - INTERESES POR PRESTAMOS;BANCO NACION - INTERESES POR PRESTAMOS;1
10054;266;5033;BANCO SANTANDER - INTERES POR DESCUBIERTO;BANCO SANTANDER - INTERES POR DESCUBIERTO;1
10055;266;5036;BANCO GALICIA - INTERES POR DESCUBIERTO;BANCO GALICIA - INTERES POR DESCUBIERTO;1
10056;266;5039;BBVA FRANCES - INTERES POR DESCUBIERTO;BBVA FRANCES - INTERES POR DESCUBIERTO;1
10057;266;5042;BANCO CREDICOOP - INTERES POR DESCUBIERTO;BANCO CREDICOOP - INTERES POR DESCUBIERTO;1
10058;266;5045;BANCO HSBC - INTERES POR DESCUBIERTO;BANCO HSBC - INTERES POR DESCUBIERTO;1
10059;266;5048;BANCO PATAGONIA - INTERES POR DESCUBIERTO;BANCO PATAGONIA - INTERES POR DESCUBIERTO;1
10060;266;5034;BANCO SANTANDER - GASTOS DE MANTENIMIENTO DE CUENTA;BANCO SANTANDER - GASTOS DE MANTENIMIENTO DE CUENTA;1
10061;266;5037;BANCO GALICIA - GASTOS DE MANTENIMIENTO DE CUENTA;BANCO GALICIA - GASTOS DE MANTENIMIENTO DE CUENTA;1
10062;266;5043;BANCO CREDICOOP - GASTOS DE MANTENIMIENTO DE CUENTA;BANCO CREDICOOP - GASTOS DE MANTENIMIENTO DE CUENTA;1
10063;266;5046;BANCO HSBC - GASTOS DE MANTENIMIENTO DE CUENTA;BANCO HSBC - GASTOS DE MANTENIMIENTO DE CUENTA;1
10064;266;5049;BANCO PATAGONIA - GASTOS DE MANTENIMIENTO DE CUENTA;BANCO PATAGONIA - GASTOS DE MANTENIMIENTO DE CUENTA;1
10065;266;5035;BANCO SANTANDER - INTERESES POR PRESTAMOS;BANCO SANTANDER - INTERESES POR PRESTAMOS;1
10066;266;5038;BANCO GALICIA - INTERESES POR PRESTAMOS;BANCO GALICIA - INTERESES POR PRESTAMOS;1
10067;266;5041;BBVA FRANCES - INTERESES POR PRESTAMOS;BBVA FRANCES - INTERESES POR PRESTAMOS;1
10068;266;5044;BANCO CREDICOOP- INTERESES POR PRESTAMOS;BANCO CREDICOOP- INTERESES POR PRESTAMOS;1
10069;266;5047;BANCO HSBC - INTERESES POR PRESTAMOS;BANCO HSBC - INTERESES POR PRESTAMOS;1
10070;266;5050;BANCO PATAGONIA- INTERESES POR PRESTAMOS;BANCO PATAGONIA- INTERESES POR PRESTAMOS;1
10071;266;1050;RODADOS - BIENES DE USO;RODADOS - BIENES DE USO;1
10072;266;1051;MUEBLES Y UTILES - BIENES DE USO;MUEBLES Y UTILES - BIENES DE USO;1
10073;266;1052;MAQUINARIA - BIENES DE USO;MAQUINARIA - BIENES DE USO;1
10074;266;1053;INMUEBLES - BIENES DE USO;INMUEBLES - BIENES DE USO;1
10075;266;5020;RODADOS - GASTOS DE MANTENIMIENTO;RODADOS - GASTOS DE MANTENIMIENTO;1
10076;266;5021;MUEBLES Y UTILES - GASTOS DE MANTENIMIENTO;MUEBLES Y UTILES - GASTOS DE MANTENIMIENTO;1
10077;266;5022;MAQUINARIA - GASTOS DE MANTENIMIENTO;MAQUINARIA - GASTOS DE MANTENIMIENTO;1
10078;266;5023;INMUEBLES - GASTOS DE MANTENIMIENTO;INMUEBLES - GASTOS DE MANTENIMIENTO;1
10079;266;5024;COMPRA DE BIENES USADOS A CF;COMPRA DE BIENES USADOS A CF;1
10080;266;1059;INSTALACIONES - BIENES DE USO;INSTALACIONES - BIENES DE USO;1
10081;266;5025;INSTALACIONES - GASTOS DE MANTENIMIENTO;INSTALACIONES - GASTOS DE MANTENIMIENTO;1
10082;266;5004;SERVICIOS Y TASAS;SERVICIOS Y TASAS;1
10083;213;5014;COMISIONES MERCADO LIBRE;COMISIONES MERCADO LIBRE;1
10084;72;5051;Comisiones SGR;COMISIONES SGR;1
10085;23;5051;COMISIONES SGR;COMISIONES SGR;1
10086;263;4000;VENTAS;VENTAS;1
10087;263;5000;COMPRAS;COMPRAS;1
10088;263;5001;COMISION TARJETAS DE CREDITO;COMISION TARJETAS DE CREDITO;1
10089;263;5002;COMBUSTIBLES Y LUBRICANTES;COMBUSTIBLES Y LUBRICANTES;1
10090;263;5003;FLETES Y CORREO;FLETES Y CORREO;1
10091;263;5005;LIBRERIA Y PAPELERIA;LIBRERIA Y PAPELERIA;1
10092;263;5006;HONORARIOS PROFESIONALES;HONORARIOS PROFESIONALES;1
10093;263;5007;ALQUILERES PAGADOS;ALQUILERES PAGADOS;1
10094;263;5008;SEGUROS PAGADOS;SEGUROS PAGADOS;1
10095;263;5010;GASTOS GENERALES;GASTOS GENERALES;1
10096;263;5011;SERVICISO INFORMATICOS;SERVICIOS INFORMATICOS;1
10097;263;5012;CANON;CANON;1
10098;263;5013;SERVICIOS JURIDICOS;SERVICIOS JURIDICOS;1
10099;263;5030;BANCO NACION - INTERES POR DESCUBIERTO;BANCO NACION - INTERES POR DESCUBIERTO;1
10100;263;5009;INTERESES BANCARIOS;INTERESES BANCARIOS;1
10101;263;5031;BANCO NACION - GASTOS DE MANTENIMIENTO DE CUENTA;BANCO NACION - GASTOS DE MANTENIMIENTO DE CUENTA;1
10102;263;5032;BANCO NACION - INTERESES POR PRESTAMOS;BANCO NACION - INTERESES POR PRESTAMOS;1
10103;263;5033;BANCO SANTANDER - INTERES POR DESCUBIERTO;BANCO SANTANDER - INTERES POR DESCUBIERTO;1
10104;263;5036;BANCO GALICIA - INTERES POR DESCUBIERTO;BANCO GALICIA - INTERES POR DESCUBIERTO;1
10105;263;5039;BBVA FRANCES - INTERES POR DESCUBIERTO;BBVA FRANCES - INTERES POR DESCUBIERTO;1
10106;263;5042;BANCO CREDICOOP - INTERES POR DESCUBIERTO;BANCO CREDICOOP - INTERES POR DESCUBIERTO;1
10107;263;5045;BANCO HSBC - INTERES POR DESCUBIERTO;BANCO HSBC - INTERES POR DESCUBIERTO;1
10108;263;5048;BANCO PATAGONIA - INTERES POR DESCUBIERTO;BANCO PATAGONIA - INTERES POR DESCUBIERTO;1
10109;263;5034;BANCO SANTANDER - GASTOS DE MANTENIMIENTO DE CUENTA;BANCO SANTANDER - GASTOS DE MANTENIMIENTO DE CUENTA;1
10110;263;5037;BANCO GALICIA - GASTOS DE MANTENIMIENTO DE CUENTA;BANCO GALICIA - GASTOS DE MANTENIMIENTO DE CUENTA;1
10111;263;5043;BANCO CREDICOOP - GASTOS DE MANTENIMIENTO DE CUENTA;BANCO CREDICOOP - GASTOS DE MANTENIMIENTO DE CUENTA;1
10112;263;5046;BANCO HSBC - GASTOS DE MANTENIMIENTO DE CUENTA;BANCO HSBC - GASTOS DE MANTENIMIENTO DE CUENTA;1
10113;263;5049;BANCO PATAGONIA - GASTOS DE MANTENIMIENTO DE CUENTA;BANCO PATAGONIA - GASTOS DE MANTENIMIENTO DE CUENTA;1
10114;263;5035;BANCO SANTANDER - INTERESES POR PRESTAMOS;BANCO SANTANDER - INTERESES POR PRESTAMOS;1
10115;263;5038;BANCO GALICIA - INTERESES POR PRESTAMOS;BANCO GALICIA - INTERESES POR PRESTAMOS;1
10116;263;5041;BBVA FRANCES - INTERESES POR PRESTAMOS;BBVA FRANCES - INTERESES POR PRESTAMOS;1
10117;263;5044;BANCO CREDICOOP- INTERESES POR PRESTAMOS;BANCO CREDICOOP- INTERESES POR PRESTAMOS;1
10118;263;5047;BANCO HSBC - INTERESES POR PRESTAMOS;BANCO HSBC - INTERESES POR PRESTAMOS;1
10119;263;5050;BANCO PATAGONIA- INTERESES POR PRESTAMOS;BANCO PATAGONIA- INTERESES POR PRESTAMOS;1
10120;263;1050;RODADOS - BIENES DE USO;RODADOS - BIENES DE USO;1
10121;263;1051;MUEBLES Y UTILES - BIENES DE USO;MUEBLES Y UTILES - BIENES DE USO;1
10122;263;1052;MAQUINARIA - BIENES DE USO;MAQUINARIA - BIENES DE USO;1
10123;263;1053;INMUEBLES - BIENES DE USO;INMUEBLES - BIENES DE USO;1
10124;263;5020;RODADOS - GASTOS DE MANTENIMIENTO;RODADOS - GASTOS DE MANTENIMIENTO;1
10125;263;5021;MUEBLES Y UTILES - GASTOS DE MANTENIMIENTO;MUEBLES Y UTILES - GASTOS DE MANTENIMIENTO;1
10126;263;5022;MAQUINARIA - GASTOS DE MANTENIMIENTO;MAQUINARIA - GASTOS DE MANTENIMIENTO;1
10127;263;5023;INMUEBLES - GASTOS DE MANTENIMIENTO;INMUEBLES - GASTOS DE MANTENIMIENTO;1
10128;263;5024;COMPRA DE BIENES USADOS A CF;COMPRA DE BIENES USADOS A CF;1
10129;263;1059;INSTALACIONES - BIENES DE USO;INSTALACIONES - BIENES DE USO;1
10130;263;5025;INSTALACIONES - GASTOS DE MANTENIMIENTO;INSTALACIONES - GASTOS DE MANTENIMIENTO;1
10131;263;5004;SERVICIOS Y TASAS;SERVICIOS Y TASAS;1
10132;263;5051;BANCO HIPOTECARIO - COMISIONES CUENTA;BANCO HIPOTECARIO - COMISIONES CUENTA;1
10133;263;5040;BBVA FRANCES - COMISIONES BANCARIAS;BBVA FRANCES - COMISIONES BANCARIAS;1
10134;263;5052;COMISIONES SGR;COMISIONES SGR;1
10135;263;5014;COMISIONES MERCADOLIBRE;COMISIONES MERCADO LIBRE;1
10136;110;5051;COMISION SGR;COMISIONES SGR;1
10137;267;4000;VENTAS;VENTAS;1
10138;267;5000;COMPRAS;COMPRAS;1
10139;267;5001;COMISION TARJETAS DE CREDITO;COMISION TARJETAS DE CREDITO;1
10140;267;5002;COMBUSTIBLES Y LUBRICANTES;COMBUSTIBLES Y LUBRICANTES;1
10141;267;5003;FLETES Y CORREO;FLETES Y CORREO;1
10142;267;5005;LIBRERIA Y PAPELERIA;LIBRERIA Y PAPELERIA;1
10143;267;5006;HONORARIOS PROFESIONALES;HONORARIOS PROFESIONALES;1
10144;267;5007;ALQUILERES PAGADOS;ALQUILERES PAGADOS;1
10145;267;5008;SEGUROS PAGADOS;SEGUROS PAGADOS;1
10146;267;5010;GASTOS GENERALES;GASTOS GENERALES;1
10147;267;5011;SERVICISO INFORMATICOS;SERVICIOS INFORMATICOS;1
10148;267;5012;CANON;CANON;1
10149;267;5013;SERVICIOS JURIDICOS;SERVICIOS JURIDICOS;1
10150;267;5030;BANCO NACION - INTERES POR DESCUBIERTO;BANCO NACION - INTERES POR DESCUBIERTO;1
10151;267;5009;INTERESES BANCARIOS;INTERESES BANCARIOS;1
10152;267;5031;BANCO NACION - GASTOS DE MANTENIMIENTO DE CUENTA;BANCO NACION - GASTOS DE MANTENIMIENTO DE CUENTA;1
10153;267;5032;BANCO NACION - INTERESES POR PRESTAMOS;BANCO NACION - INTERESES POR PRESTAMOS;1
10154;267;5033;BANCO SANTANDER - INTERES POR DESCUBIERTO;BANCO SANTANDER - INTERES POR DESCUBIERTO;1
10155;267;5036;BANCO GALICIA - INTERES POR DESCUBIERTO;BANCO GALICIA - INTERES POR DESCUBIERTO;1
10156;267;5039;BBVA FRANCES - INTERES POR DESCUBIERTO;BBVA FRANCES - INTERES POR DESCUBIERTO;1
10157;267;5042;BANCO CREDICOOP - INTERES POR DESCUBIERTO;BANCO CREDICOOP - INTERES POR DESCUBIERTO;1
10158;267;5045;BANCO HSBC - INTERES POR DESCUBIERTO;BANCO HSBC - INTERES POR DESCUBIERTO;1
10159;267;5048;BANCO PATAGONIA - INTERES POR DESCUBIERTO;BANCO PATAGONIA - INTERES POR DESCUBIERTO;1
10160;267;5034;BANCO SANTANDER - GASTOS DE MANTENIMIENTO DE CUENTA;BANCO SANTANDER - GASTOS DE MANTENIMIENTO DE CUENTA;1
10161;267;5037;BANCO GALICIA - GASTOS DE MANTENIMIENTO DE CUENTA;BANCO GALICIA - GASTOS DE MANTENIMIENTO DE CUENTA;1
10162;267;5043;BANCO CREDICOOP - GASTOS DE MANTENIMIENTO DE CUENTA;BANCO CREDICOOP - GASTOS DE MANTENIMIENTO DE CUENTA;1
10163;267;5046;BANCO HSBC - GASTOS DE MANTENIMIENTO DE CUENTA;BANCO HSBC - GASTOS DE MANTENIMIENTO DE CUENTA;1
10164;267;5049;BANCO PATAGONIA - GASTOS DE MANTENIMIENTO DE CUENTA;BANCO PATAGONIA - GASTOS DE MANTENIMIENTO DE CUENTA;1
10165;267;5035;BANCO SANTANDER - INTERESES POR PRESTAMOS;BANCO SANTANDER - INTERESES POR PRESTAMOS;1
10166;267;5038;BANCO GALICIA - INTERESES POR PRESTAMOS;BANCO GALICIA - INTERESES POR PRESTAMOS;1
10167;267;5041;BBVA FRANCES - INTERESES POR PRESTAMOS;BBVA FRANCES - INTERESES POR PRESTAMOS;1
10168;267;5044;BANCO CREDICOOP- INTERESES POR PRESTAMOS;BANCO CREDICOOP- INTERESES POR PRESTAMOS;1
10169;267;5047;BANCO HSBC - INTERESES POR PRESTAMOS;BANCO HSBC - INTERESES POR PRESTAMOS;1
10170;267;5050;BANCO PATAGONIA- INTERESES POR PRESTAMOS;BANCO PATAGONIA- INTERESES POR PRESTAMOS;1
10171;267;1050;RODADOS - BIENES DE USO;RODADOS - BIENES DE USO;1
10172;267;1051;MUEBLES Y UTILES - BIENES DE USO;MUEBLES Y UTILES - BIENES DE USO;1
10173;267;1052;MAQUINARIA - BIENES DE USO;MAQUINARIA - BIENES DE USO;1
10174;267;1053;INMUEBLES - BIENES DE USO;INMUEBLES - BIENES DE USO;1
10175;267;5020;RODADOS - GASTOS DE MANTENIMIENTO;RODADOS - GASTOS DE MANTENIMIENTO;1
10176;267;5021;MUEBLES Y UTILES - GASTOS DE MANTENIMIENTO;MUEBLES Y UTILES - GASTOS DE MANTENIMIENTO;1
10177;267;5022;MAQUINARIA - GASTOS DE MANTENIMIENTO;MAQUINARIA - GASTOS DE MANTENIMIENTO;1
10178;267;5023;INMUEBLES - GASTOS DE MANTENIMIENTO;INMUEBLES - GASTOS DE MANTENIMIENTO;1
10179;267;5024;COMPRA DE BIENES USADOS A CF;COMPRA DE BIENES USADOS A CF;1
10180;267;1059;INSTALACIONES - BIENES DE USO;INSTALACIONES - BIENES DE USO;1
10181;267;5025;INSTALACIONES - GASTOS DE MANTENIMIENTO;INSTALACIONES - GASTOS DE MANTENIMIENTO;1
10182;267;5004;SERVICIOS Y TASAS;SERVICIOS Y TASAS;1
10183;267;5051;BANCO HIPOTECARIO - COMISIONES CUENTA;BANCO HIPOTECARIO - COMISIONES CUENTA;1
10184;267;5040;BBVA FRANCES - COMISIONES BANCARIAS;BBVA FRANCES - COMISIONES BANCARIAS;1
10185;267;5052;COMISIONES SGR;COMISIONES SGR;1
10186;267;5014;COMISIONES MERCADOLIBRE;COMISIONES MERCADO LIBRE;1
10187;94;5014;COMISION MERCADO LIBRE;COMISIONES MERCADO LIBRE;1
10188;268;4000;VENTAS;VENTAS;1
10189;268;5000;COMPRAS;COMPRAS;1
10190;268;5001;COMISION TARJETAS DE CREDITO;COMISION TARJETAS DE CREDITO;1
10191;268;5002;COMBUSTIBLES Y LUBRICANTES;COMBUSTIBLES Y LUBRICANTES;1
10192;268;5003;FLETES Y CORREO;FLETES Y CORREO;1
10193;268;5005;LIBRERIA Y PAPELERIA;LIBRERIA Y PAPELERIA;1
10194;268;5006;HONORARIOS PROFESIONALES;HONORARIOS PROFESIONALES;1
10195;268;5007;ALQUILERES PAGADOS;ALQUILERES PAGADOS;1
10196;268;5008;SEGUROS PAGADOS;SEGUROS PAGADOS;1
10197;268;5010;GASTOS GENERALES;GASTOS GENERALES;1
10198;268;5011;SERVICISO INFORMATICOS;SERVICIOS INFORMATICOS;1
10199;268;5012;CANON;CANON;1
10200;268;5013;SERVICIOS JURIDICOS;SERVICIOS JURIDICOS;1
10201;268;5030;BANCO NACION - INTERES POR DESCUBIERTO;BANCO NACION - INTERES POR DESCUBIERTO;1
10202;268;5009;INTERESES BANCARIOS;INTERESES BANCARIOS;1
10203;268;5031;BANCO NACION - GASTOS DE MANTENIMIENTO DE CUENTA;BANCO NACION - GASTOS DE MANTENIMIENTO DE CUENTA;1
10204;268;5032;BANCO NACION - INTERESES POR PRESTAMOS;BANCO NACION - INTERESES POR PRESTAMOS;1
10205;268;5033;BANCO SANTANDER - INTERES POR DESCUBIERTO;BANCO SANTANDER - INTERES POR DESCUBIERTO;1
10206;268;5036;BANCO GALICIA - INTERES POR DESCUBIERTO;BANCO GALICIA - INTERES POR DESCUBIERTO;1
10207;268;5039;BBVA FRANCES - INTERES POR DESCUBIERTO;BBVA FRANCES - INTERES POR DESCUBIERTO;1
10208;268;5042;BANCO CREDICOOP - INTERES POR DESCUBIERTO;BANCO CREDICOOP - INTERES POR DESCUBIERTO;1
10209;268;5045;BANCO HSBC - INTERES POR DESCUBIERTO;BANCO HSBC - INTERES POR DESCUBIERTO;1
10210;268;5048;BANCO PATAGONIA - INTERES POR DESCUBIERTO;BANCO PATAGONIA - INTERES POR DESCUBIERTO;1
10211;268;5034;BANCO SANTANDER - GASTOS DE MANTENIMIENTO DE CUENTA;BANCO SANTANDER - GASTOS DE MANTENIMIENTO DE CUENTA;1
10212;268;5037;BANCO GALICIA - GASTOS DE MANTENIMIENTO DE CUENTA;BANCO GALICIA - GASTOS DE MANTENIMIENTO DE CUENTA;1
10213;268;5043;BANCO CREDICOOP - GASTOS DE MANTENIMIENTO DE CUENTA;BANCO CREDICOOP - GASTOS DE MANTENIMIENTO DE CUENTA;1
10214;268;5046;BANCO HSBC - GASTOS DE MANTENIMIENTO DE CUENTA;BANCO HSBC - GASTOS DE MANTENIMIENTO DE CUENTA;1
10215;268;5049;BANCO PATAGONIA - GASTOS DE MANTENIMIENTO DE CUENTA;BANCO PATAGONIA - GASTOS DE MANTENIMIENTO DE CUENTA;1
10216;268;5035;BANCO SANTANDER - INTERESES POR PRESTAMOS;BANCO SANTANDER - INTERESES POR PRESTAMOS;1
10217;268;5038;BANCO GALICIA - INTERESES POR PRESTAMOS;BANCO GALICIA - INTERESES POR PRESTAMOS;1
10218;268;5041;BBVA FRANCES - INTERESES POR PRESTAMOS;BBVA FRANCES - INTERESES POR PRESTAMOS;1
10219;268;5044;BANCO CREDICOOP- INTERESES POR PRESTAMOS;BANCO CREDICOOP- INTERESES POR PRESTAMOS;1
10220;268;5047;BANCO HSBC - INTERESES POR PRESTAMOS;BANCO HSBC - INTERESES POR PRESTAMOS;1
10221;268;5050;BANCO PATAGONIA- INTERESES POR PRESTAMOS;BANCO PATAGONIA- INTERESES POR PRESTAMOS;1
10222;268;1050;RODADOS - BIENES DE USO;RODADOS - BIENES DE USO;1
10223;268;1051;MUEBLES Y UTILES - BIENES DE USO;MUEBLES Y UTILES - BIENES DE USO;1
10224;268;1052;MAQUINARIA - BIENES DE USO;MAQUINARIA - BIENES DE USO;1
10225;268;1053;INMUEBLES - BIENES DE USO;INMUEBLES - BIENES DE USO;1
10226;268;5020;RODADOS - GASTOS DE MANTENIMIENTO;RODADOS - GASTOS DE MANTENIMIENTO;1
10227;268;5021;MUEBLES Y UTILES - GASTOS DE MANTENIMIENTO;MUEBLES Y UTILES - GASTOS DE MANTENIMIENTO;1
10228;268;5022;MAQUINARIA - GASTOS DE MANTENIMIENTO;MAQUINARIA - GASTOS DE MANTENIMIENTO;1
10229;268;5023;INMUEBLES - GASTOS DE MANTENIMIENTO;INMUEBLES - GASTOS DE MANTENIMIENTO;1
10230;268;5024;COMPRA DE BIENES USADOS A CF;COMPRA DE BIENES USADOS A CF;1
10231;268;1059;INSTALACIONES - BIENES DE USO;INSTALACIONES - BIENES DE USO;1
10232;268;5025;INSTALACIONES - GASTOS DE MANTENIMIENTO;INSTALACIONES - GASTOS DE MANTENIMIENTO;1
10233;268;5004;SERVICIOS Y TASAS;SERVICIOS Y TASAS;1
10234;268;5051;BANCO HIPOTECARIO - COMISIONES CUENTA;BANCO HIPOTECARIO - COMISIONES CUENTA;1
10235;268;5040;BBVA FRANCES - COMISIONES BANCARIAS;BBVA FRANCES - COMISIONES BANCARIAS;1
10236;268;5014;COMISIONES MERCADOLIBRE;COMISIONES MERCADO LIBRE;1
10237;265;4000;VENTAS;VENTAS;1
10238;265;5000;COMPRAS;COMPRAS;1
10239;265;5001;COMISION TARJETAS DE CREDITO;COMISION TARJETAS DE CREDITO;1
10240;265;5002;COMBUSTIBLES Y LUBRICANTES;COMBUSTIBLES Y LUBRICANTES;1
10241;265;5003;FLETES Y CORREO;FLETES Y CORREO;1
10242;265;5005;LIBRERIA Y PAPELERIA;LIBRERIA Y PAPELERIA;1
10243;265;5006;HONORARIOS PROFESIONALES;HONORARIOS PROFESIONALES;1
10244;265;5007;ALQUILERES PAGADOS;ALQUILERES PAGADOS;1
10245;265;5008;SEGUROS PAGADOS;SEGUROS PAGADOS;1
10246;265;5010;GASTOS GENERALES;GASTOS GENERALES;1
10247;265;5011;SERVICISO INFORMATICOS;SERVICIOS INFORMATICOS;1
10248;265;5012;CANON;CANON;1
10249;265;5013;SERVICIOS JURIDICOS;SERVICIOS JURIDICOS;1
10250;265;5030;BANCO NACION - INTERES POR DESCUBIERTO;BANCO NACION - INTERES POR DESCUBIERTO;1
10251;265;5009;INTERESES BANCARIOS;INTERESES BANCARIOS;1
10252;265;5031;BANCO NACION - GASTOS DE MANTENIMIENTO DE CUENTA;BANCO NACION - GASTOS DE MANTENIMIENTO DE CUENTA;1
10253;265;5032;BANCO NACION - INTERESES POR PRESTAMOS;BANCO NACION - INTERESES POR PRESTAMOS;1
10254;265;5033;BANCO SANTANDER - INTERES POR DESCUBIERTO;BANCO SANTANDER - INTERES POR DESCUBIERTO;1
10255;265;5036;BANCO GALICIA - INTERES POR DESCUBIERTO;BANCO GALICIA - INTERES POR DESCUBIERTO;1
10256;265;5039;BBVA FRANCES - INTERES POR DESCUBIERTO;BBVA FRANCES - INTERES POR DESCUBIERTO;1
10257;265;5042;BANCO CREDICOOP - INTERES POR DESCUBIERTO;BANCO CREDICOOP - INTERES POR DESCUBIERTO;1
10258;265;5045;BANCO HSBC - INTERES POR DESCUBIERTO;BANCO HSBC - INTERES POR DESCUBIERTO;1
10259;265;5048;BANCO PATAGONIA - INTERES POR DESCUBIERTO;BANCO PATAGONIA - INTERES POR DESCUBIERTO;1
10260;265;5034;BANCO SANTANDER - GASTOS DE MANTENIMIENTO DE CUENTA;BANCO SANTANDER - GASTOS DE MANTENIMIENTO DE CUENTA;1
10261;265;5037;BANCO GALICIA - GASTOS DE MANTENIMIENTO DE CUENTA;BANCO GALICIA - GASTOS DE MANTENIMIENTO DE CUENTA;1
10262;265;5043;BANCO CREDICOOP - GASTOS DE MANTENIMIENTO DE CUENTA;BANCO CREDICOOP - GASTOS DE MANTENIMIENTO DE CUENTA;1
10263;265;5046;BANCO HSBC - GASTOS DE MANTENIMIENTO DE CUENTA;BANCO HSBC - GASTOS DE MANTENIMIENTO DE CUENTA;1
10264;265;5049;BANCO PATAGONIA - GASTOS DE MANTENIMIENTO DE CUENTA;BANCO PATAGONIA - GASTOS DE MANTENIMIENTO DE CUENTA;1
10265;265;5035;BANCO SANTANDER - INTERESES POR PRESTAMOS;BANCO SANTANDER - INTERESES POR PRESTAMOS;1
10266;265;5038;BANCO GALICIA - INTERESES POR PRESTAMOS;BANCO GALICIA - INTERESES POR PRESTAMOS;1
10267;265;5041;BBVA FRANCES - INTERESES POR PRESTAMOS;BBVA FRANCES - INTERESES POR PRESTAMOS;1
10268;265;5044;BANCO CREDICOOP- INTERESES POR PRESTAMOS;BANCO CREDICOOP- INTERESES POR PRESTAMOS;1
10269;265;5047;BANCO HSBC - INTERESES POR PRESTAMOS;BANCO HSBC - INTERESES POR PRESTAMOS;1
10270;265;5050;BANCO PATAGONIA- INTERESES POR PRESTAMOS;BANCO PATAGONIA- INTERESES POR PRESTAMOS;1
10271;265;1050;RODADOS - BIENES DE USO;RODADOS - BIENES DE USO;1
10272;265;1051;MUEBLES Y UTILES - BIENES DE USO;MUEBLES Y UTILES - BIENES DE USO;1
10273;265;1052;MAQUINARIA - BIENES DE USO;MAQUINARIA - BIENES DE USO;1
10274;265;1053;INMUEBLES - BIENES DE USO;INMUEBLES - BIENES DE USO;1
10275;265;5020;RODADOS - GASTOS DE MANTENIMIENTO;RODADOS - GASTOS DE MANTENIMIENTO;1
10276;265;5021;MUEBLES Y UTILES - GASTOS DE MANTENIMIENTO;MUEBLES Y UTILES - GASTOS DE MANTENIMIENTO;1
10277;265;5022;MAQUINARIA - GASTOS DE MANTENIMIENTO;MAQUINARIA - GASTOS DE MANTENIMIENTO;1
10278;265;5023;INMUEBLES - GASTOS DE MANTENIMIENTO;INMUEBLES - GASTOS DE MANTENIMIENTO;1
10279;265;5024;COMPRA DE BIENES USADOS A CF;COMPRA DE BIENES USADOS A CF;1
10280;265;1059;INSTALACIONES - BIENES DE USO;INSTALACIONES - BIENES DE USO;1
10281;265;5025;INSTALACIONES - GASTOS DE MANTENIMIENTO;INSTALACIONES - GASTOS DE MANTENIMIENTO;1
10282;265;5004;SERVICIOS Y TASAS;SERVICIOS Y TASAS;1
10283;265;5051;BANCO HIPOTECARIO - COMISIONES CUENTA;BANCO HIPOTECARIO - COMISIONES CUENTA;1
10284;265;5040;BBVA FRANCES - COMISIONES BANCARIAS;BBVA FRANCES - COMISIONES BANCARIAS;1
10285;265;5052;COMISIONES SGR;COMISIONES SGR;1
10286;265;5014;COMISIONES MERCADOLIBRE;COMISIONES MERCADO LIBRE;1
10287;110;5014;COMISIONES MERCADO LIBRE;COMISIONES MERCADO LIBRE;1
10288;48;5014;COMISION MERCADO LIBRE;COMISIONES MERCADO LIBRE;1
10289;256;5004;SERVICIOS Y TASAS;SERVICIOS Y TASAS;1
10290;261;4000;VENTAS;VENTAS;1
10291;261;5000;COMPRAS;COMPRAS;1
10292;261;5001;COMISION TARJETAS DE CREDITO;COMISION TARJETAS DE CREDITO;1
10293;261;5002;COMBUSTIBLES Y LUBRICANTES;COMBUSTIBLES Y LUBRICANTES;1
10294;261;5003;FLETES Y CORREO;FLETES Y CORREO;1
10295;261;5005;LIBRERIA Y PAPELERIA;LIBRERIA Y PAPELERIA;1
10296;261;5006;HONORARIOS PROFESIONALES;HONORARIOS PROFESIONALES;1
10297;261;5007;ALQUILERES PAGADOS;ALQUILERES PAGADOS;1
10298;261;5008;SEGUROS PAGADOS;SEGUROS PAGADOS;1
10299;261;5010;GASTOS GENERALES;GASTOS GENERALES;1
10300;261;5011;SERVICISO INFORMATICOS;SERVICIOS INFORMATICOS;1
10301;261;5012;CANON;CANON;1
10302;261;5013;SERVICIOS JURIDICOS;SERVICIOS JURIDICOS;1
10303;261;5030;BANCO NACION - INTERES POR DESCUBIERTO;BANCO NACION - INTERES POR DESCUBIERTO;1
10304;261;5009;INTERESES BANCARIOS;INTERESES BANCARIOS;1
10305;261;5031;BANCO NACION - GASTOS DE MANTENIMIENTO DE CUENTA;BANCO NACION - GASTOS DE MANTENIMIENTO DE CUENTA;1
10306;261;5032;BANCO NACION - INTERESES POR PRESTAMOS;BANCO NACION - INTERESES POR PRESTAMOS;1
10307;261;5033;BANCO SANTANDER - INTERES POR DESCUBIERTO;BANCO SANTANDER - INTERES POR DESCUBIERTO;1
10308;261;5036;BANCO GALICIA - INTERES POR DESCUBIERTO;BANCO GALICIA - INTERES POR DESCUBIERTO;1
10309;261;5039;BBVA FRANCES - INTERES POR DESCUBIERTO;BBVA FRANCES - INTERES POR DESCUBIERTO;1
10310;261;5042;BANCO CREDICOOP - INTERES POR DESCUBIERTO;BANCO CREDICOOP - INTERES POR DESCUBIERTO;1
10311;261;5045;BANCO HSBC - INTERES POR DESCUBIERTO;BANCO HSBC - INTERES POR DESCUBIERTO;1
10312;261;5048;BANCO PATAGONIA - INTERES POR DESCUBIERTO;BANCO PATAGONIA - INTERES POR DESCUBIERTO;1
10313;261;5034;BANCO SANTANDER - GASTOS DE MANTENIMIENTO DE CUENTA;BANCO SANTANDER - GASTOS DE MANTENIMIENTO DE CUENTA;1
10314;261;5037;BANCO GALICIA - GASTOS DE MANTENIMIENTO DE CUENTA;BANCO GALICIA - GASTOS DE MANTENIMIENTO DE CUENTA;1
10315;261;5043;BANCO CREDICOOP - GASTOS DE MANTENIMIENTO DE CUENTA;BANCO CREDICOOP - GASTOS DE MANTENIMIENTO DE CUENTA;1
10316;261;5046;BANCO HSBC - GASTOS DE MANTENIMIENTO DE CUENTA;BANCO HSBC - GASTOS DE MANTENIMIENTO DE CUENTA;1
10317;261;5049;BANCO PATAGONIA - GASTOS DE MANTENIMIENTO DE CUENTA;BANCO PATAGONIA - GASTOS DE MANTENIMIENTO DE CUENTA;1
10318;261;5035;BANCO SANTANDER - INTERESES POR PRESTAMOS;BANCO SANTANDER - INTERESES POR PRESTAMOS;1
10319;261;5038;BANCO GALICIA - INTERESES POR PRESTAMOS;BANCO GALICIA - INTERESES POR PRESTAMOS;1
10320;261;5041;BBVA FRANCES - INTERESES POR PRESTAMOS;BBVA FRANCES - INTERESES POR PRESTAMOS;1
10321;261;5044;BANCO CREDICOOP- INTERESES POR PRESTAMOS;BANCO CREDICOOP- INTERESES POR PRESTAMOS;1
10322;261;5047;BANCO HSBC - INTERESES POR PRESTAMOS;BANCO HSBC - INTERESES POR PRESTAMOS;1
10323;261;5050;BANCO PATAGONIA- INTERESES POR PRESTAMOS;BANCO PATAGONIA- INTERESES POR PRESTAMOS;1
10324;261;1050;RODADOS - BIENES DE USO;RODADOS - BIENES DE USO;1
10325;261;1051;MUEBLES Y UTILES - BIENES DE USO;MUEBLES Y UTILES - BIENES DE USO;1
10326;261;1052;MAQUINARIA - BIENES DE USO;MAQUINARIA - BIENES DE USO;1
10327;261;1053;INMUEBLES - BIENES DE USO;INMUEBLES - BIENES DE USO;1
10328;261;5020;RODADOS - GASTOS DE MANTENIMIENTO;RODADOS - GASTOS DE MANTENIMIENTO;1
10329;261;5021;MUEBLES Y UTILES - GASTOS DE MANTENIMIENTO;MUEBLES Y UTILES - GASTOS DE MANTENIMIENTO;1
10330;261;5022;MAQUINARIA - GASTOS DE MANTENIMIENTO;MAQUINARIA - GASTOS DE MANTENIMIENTO;1
10331;261;5023;INMUEBLES - GASTOS DE MANTENIMIENTO;INMUEBLES - GASTOS DE MANTENIMIENTO;1
10332;261;5024;COMPRA DE BIENES USADOS A CF;COMPRA DE BIENES USADOS A CF;1
10333;261;1059;INSTALACIONES - BIENES DE USO;INSTALACIONES - BIENES DE USO;1
10334;261;5025;INSTALACIONES - GASTOS DE MANTENIMIENTO;INSTALACIONES - GASTOS DE MANTENIMIENTO;1
10335;261;5004;SERVICIOS Y TASAS;SERVICIOS Y TASAS;1
10336;275;5000;COMPRAS;COMPRAS;1
10337;275;5014;COMISIONES MERCADO LIBRE;COMISIONES MERCADO LIBRE;1
10338;275;1050;RODADOS - BIENES DE USO;RODADOS - BIENES DE USO;1
10339;276;5000;COMPRAS;COMPRAS;1
10340;276;9999;NO APLICA;NO APLICA;1
10341;276;5010;GASTOS GENERALES;GASTOS GENERALES;1
10342;277;5000;COMPRAS;COMPRAS;1
10343;277;5002;COMBUSTIBLES Y LUBRICANTES;COMBUSTIBLES Y LUBRICANTES;1
10344;277;1051;MUEBLES Y UTILES - BIENES DE USO;MUEBLES Y UTILES - BIENES DE USO;1
10345;277;1052;MAQUINARIA - BIENES DE USO;MAQUINARIA - BIENES DE USO;1
10346;277;1059;INSTALACIONES - BIENES DE USO;INSTALACIONES - BIENES DE USO;1
10347;100;5014;COMISION MERCADOLIBRE;COMISIONES MERCADO LIBRE;1
10348;248;4000;VENTAS;VENTAS;1
10349;248;5000;COMPRAS;COMPRAS;1
10350;248;5001;COMISION TARJETAS DE CREDITO;COMISION TARJETAS DE CREDITO;1
10351;248;5002;COMBUSTIBLES Y LUBRICANTES;COMBUSTIBLES Y LUBRICANTES;1
10352;248;5003;FLETES Y CORREO;FLETES Y CORREO;1
10353;248;5005;LIBRERIA Y PAPELERIA;LIBRERIA Y PAPELERIA;1
10354;248;5006;HONORARIOS PROFESIONALES;HONORARIOS PROFESIONALES;1
10355;248;5007;ALQUILERES PAGADOS;ALQUILERES PAGADOS;1
10356;248;5008;SEGUROS PAGADOS;SEGUROS PAGADOS;1
10357;248;5010;GASTOS GENERALES;GASTOS GENERALES;1
10358;248;5011;SERVICISO INFORMATICOS;SERVICIOS INFORMATICOS;1
10359;248;5012;CANON;CANON;1
10360;248;5013;SERVICIOS JURIDICOS;SERVICIOS JURIDICOS;1
10361;248;5030;BANCO NACION - INTERES POR DESCUBIERTO;BANCO NACION - INTERES POR DESCUBIERTO;1
10362;248;5009;INTERESES BANCARIOS;INTERESES BANCARIOS;1
10363;248;5031;BANCO NACION - GASTOS DE MANTENIMIENTO DE CUENTA;BANCO NACION - GASTOS DE MANTENIMIENTO DE CUENTA;1
10364;248;5032;BANCO NACION - INTERESES POR PRESTAMOS;BANCO NACION - INTERESES POR PRESTAMOS;1
10365;248;5033;BANCO SANTANDER - INTERES POR DESCUBIERTO;BANCO SANTANDER - INTERES POR DESCUBIERTO;1
10366;248;5036;BANCO GALICIA - INTERES POR DESCUBIERTO;BANCO GALICIA - INTERES POR DESCUBIERTO;1
10367;248;5039;BBVA FRANCES - INTERES POR DESCUBIERTO;BBVA FRANCES - INTERES POR DESCUBIERTO;1
10368;248;5042;BANCO CREDICOOP - INTERES POR DESCUBIERTO;BANCO CREDICOOP - INTERES POR DESCUBIERTO;1
10369;248;5045;BANCO HSBC - INTERES POR DESCUBIERTO;BANCO HSBC - INTERES POR DESCUBIERTO;1
10370;248;5048;BANCO PATAGONIA - INTERES POR DESCUBIERTO;BANCO PATAGONIA - INTERES POR DESCUBIERTO;1
10371;248;5034;BANCO SANTANDER - GASTOS DE MANTENIMIENTO DE CUENTA;BANCO SANTANDER - GASTOS DE MANTENIMIENTO DE CUENTA;1
10372;248;5037;BANCO GALICIA - GASTOS DE MANTENIMIENTO DE CUENTA;BANCO GALICIA - GASTOS DE MANTENIMIENTO DE CUENTA;1
10373;248;5043;BANCO CREDICOOP - GASTOS DE MANTENIMIENTO DE CUENTA;BANCO CREDICOOP - GASTOS DE MANTENIMIENTO DE CUENTA;1
10374;248;5046;BANCO HSBC - GASTOS DE MANTENIMIENTO DE CUENTA;BANCO HSBC - GASTOS DE MANTENIMIENTO DE CUENTA;1
10375;248;5049;BANCO PATAGONIA - GASTOS DE MANTENIMIENTO DE CUENTA;BANCO PATAGONIA - GASTOS DE MANTENIMIENTO DE CUENTA;1
10376;248;5035;BANCO SANTANDER - INTERESES POR PRESTAMOS;BANCO SANTANDER - INTERESES POR PRESTAMOS;1
10377;248;5038;BANCO GALICIA - INTERESES POR PRESTAMOS;BANCO GALICIA - INTERESES POR PRESTAMOS;1
10378;248;5041;BBVA FRANCES - INTERESES POR PRESTAMOS;BBVA FRANCES - INTERESES POR PRESTAMOS;1
10379;248;5044;BANCO CREDICOOP- INTERESES POR PRESTAMOS;BANCO CREDICOOP- INTERESES POR PRESTAMOS;1
10380;248;5047;BANCO HSBC - INTERESES POR PRESTAMOS;BANCO HSBC - INTERESES POR PRESTAMOS;1
10381;248;5050;BANCO PATAGONIA- INTERESES POR PRESTAMOS;BANCO PATAGONIA- INTERESES POR PRESTAMOS;1
10382;248;1050;RODADOS - BIENES DE USO;RODADOS - BIENES DE USO;1
10383;248;1051;MUEBLES Y UTILES - BIENES DE USO;MUEBLES Y UTILES - BIENES DE USO;1
10384;248;1052;MAQUINARIA - BIENES DE USO;MAQUINARIA - BIENES DE USO;1
10385;248;1053;INMUEBLES - BIENES DE USO;INMUEBLES - BIENES DE USO;1
10386;248;5020;RODADOS - GASTOS DE MANTENIMIENTO;RODADOS - GASTOS DE MANTENIMIENTO;1
10387;248;5021;MUEBLES Y UTILES - GASTOS DE MANTENIMIENTO;MUEBLES Y UTILES - GASTOS DE MANTENIMIENTO;1
10388;248;5022;MAQUINARIA - GASTOS DE MANTENIMIENTO;MAQUINARIA - GASTOS DE MANTENIMIENTO;1
10389;248;5023;INMUEBLES - GASTOS DE MANTENIMIENTO;INMUEBLES - GASTOS DE MANTENIMIENTO;1
10390;248;5024;COMPRA DE BIENES USADOS A CF;COMPRA DE BIENES USADOS A CF;1
10391;248;1059;INSTALACIONES - BIENES DE USO;INSTALACIONES - BIENES DE USO;1
10392;248;5025;INSTALACIONES - GASTOS DE MANTENIMIENTO;INSTALACIONES - GASTOS DE MANTENIMIENTO;1
10393;248;9999;OTROS;OTROS;1
10394;248;5014;comisiones mercado libre;COMISIONES MERCADO LIBRE;1
10395;278;4000;VENTAS;VENTAS;1
10396;278;5000;COMPRAS;COMPRAS;1
10397;278;5001;COMISION TARJETAS DE CREDITO;COMISION TARJETAS DE CREDITO;1
10398;278;5002;COMBUSTIBLES Y LUBRICANTES;COMBUSTIBLES Y LUBRICANTES;1
10399;278;5003;FLETES Y CORREO;FLETES Y CORREO;1
10400;278;5005;LIBRERIA Y PAPELERIA;LIBRERIA Y PAPELERIA;1
10401;278;5006;HONORARIOS PROFESIONALES;HONORARIOS PROFESIONALES;1
10402;278;5007;ALQUILERES PAGADOS;ALQUILERES PAGADOS;1
10403;278;5008;SEGUROS PAGADOS;SEGUROS PAGADOS;1
10404;278;5010;GASTOS GENERALES;GASTOS GENERALES;1
10405;278;5011;SERVICISO INFORMATICOS;SERVICIOS INFORMATICOS;1
10406;278;5012;CANON;CANON;1
10407;278;5013;SERVICIOS JURIDICOS;SERVICIOS JURIDICOS;1
10408;278;5030;BANCO NACION - INTERES POR DESCUBIERTO;BANCO NACION - INTERES POR DESCUBIERTO;1
10409;278;5009;INTERESES BANCARIOS;INTERESES BANCARIOS;1
10410;278;5031;BANCO NACION - GASTOS DE MANTENIMIENTO DE CUENTA;BANCO NACION - GASTOS DE MANTENIMIENTO DE CUENTA;1
10411;278;5032;BANCO NACION - INTERESES POR PRESTAMOS;BANCO NACION - INTERESES POR PRESTAMOS;1
10412;278;5033;BANCO SANTANDER - INTERES POR DESCUBIERTO;BANCO SANTANDER - INTERES POR DESCUBIERTO;1
10413;278;5036;BANCO GALICIA - INTERES POR DESCUBIERTO;BANCO GALICIA - INTERES POR DESCUBIERTO;1
10414;278;5039;BBVA FRANCES - INTERES POR DESCUBIERTO;BBVA FRANCES - INTERES POR DESCUBIERTO;1
10415;278;5042;BANCO CREDICOOP - INTERES POR DESCUBIERTO;BANCO CREDICOOP - INTERES POR DESCUBIERTO;1
10416;278;5045;BANCO HSBC - INTERES POR DESCUBIERTO;BANCO HSBC - INTERES POR DESCUBIERTO;1
10417;278;5048;BANCO PATAGONIA - INTERES POR DESCUBIERTO;BANCO PATAGONIA - INTERES POR DESCUBIERTO;1
10418;278;5034;BANCO SANTANDER - GASTOS DE MANTENIMIENTO DE CUENTA;BANCO SANTANDER - GASTOS DE MANTENIMIENTO DE CUENTA;1
10419;278;5037;BANCO GALICIA - GASTOS DE MANTENIMIENTO DE CUENTA;BANCO GALICIA - GASTOS DE MANTENIMIENTO DE CUENTA;1
10420;278;5043;BANCO CREDICOOP - GASTOS DE MANTENIMIENTO DE CUENTA;BANCO CREDICOOP - GASTOS DE MANTENIMIENTO DE CUENTA;1
10421;278;5046;BANCO HSBC - GASTOS DE MANTENIMIENTO DE CUENTA;BANCO HSBC - GASTOS DE MANTENIMIENTO DE CUENTA;1
10422;278;5049;BANCO PATAGONIA - GASTOS DE MANTENIMIENTO DE CUENTA;BANCO PATAGONIA - GASTOS DE MANTENIMIENTO DE CUENTA;1
10423;278;5035;BANCO SANTANDER - INTERESES POR PRESTAMOS;BANCO SANTANDER - INTERESES POR PRESTAMOS;1
10424;278;5038;BANCO GALICIA - INTERESES POR PRESTAMOS;BANCO GALICIA - INTERESES POR PRESTAMOS;1
10425;278;5041;BBVA FRANCES - INTERESES POR PRESTAMOS;BBVA FRANCES - INTERESES POR PRESTAMOS;1
10426;278;5044;BANCO CREDICOOP- INTERESES POR PRESTAMOS;BANCO CREDICOOP- INTERESES POR PRESTAMOS;1
10427;278;5047;BANCO HSBC - INTERESES POR PRESTAMOS;BANCO HSBC - INTERESES POR PRESTAMOS;1
10428;278;5050;BANCO PATAGONIA- INTERESES POR PRESTAMOS;BANCO PATAGONIA- INTERESES POR PRESTAMOS;1
10429;278;1050;RODADOS - BIENES DE USO;RODADOS - BIENES DE USO;1
10430;278;1051;MUEBLES Y UTILES - BIENES DE USO;MUEBLES Y UTILES - BIENES DE USO;1
10431;278;1052;MAQUINARIA - BIENES DE USO;MAQUINARIA - BIENES DE USO;1
10432;278;1053;INMUEBLES - BIENES DE USO;INMUEBLES - BIENES DE USO;1
10433;278;5020;RODADOS - GASTOS DE MANTENIMIENTO;RODADOS - GASTOS DE MANTENIMIENTO;1
10434;278;5021;MUEBLES Y UTILES - GASTOS DE MANTENIMIENTO;MUEBLES Y UTILES - GASTOS DE MANTENIMIENTO;1
10435;278;5022;MAQUINARIA - GASTOS DE MANTENIMIENTO;MAQUINARIA - GASTOS DE MANTENIMIENTO;1
10436;278;5023;INMUEBLES - GASTOS DE MANTENIMIENTO;INMUEBLES - GASTOS DE MANTENIMIENTO;1
10437;278;5024;COMPRA DE BIENES USADOS A CF;COMPRA DE BIENES USADOS A CF;1
10438;278;1059;INSTALACIONES - BIENES DE USO;INSTALACIONES - BIENES DE USO;1
10439;278;5025;INSTALACIONES - GASTOS DE MANTENIMIENTO;INSTALACIONES - GASTOS DE MANTENIMIENTO;1
10440;278;5004;SERVICIOS Y TASAS;SERVICIOS Y TASAS;1
10441;278;4050;VENTA BIENES DE USO - RODADOS;VENTA BIENES DE USO - RODADOS;1
10442;278;4001;VENTA BIENES DE USO USADOS.;VENTA BIENES DE USO USADOS;1
10443;278;5051;COMISIONES SGR;COMISIONES SGR;1
10444;278;5052;FINANCIACION MERCEDEZ BENZ;FINANCIACION MERCEDEZ BENZ;1
10445;277;5011;SERVICIOS INFORMATICOS;SERVICIOS INFORMATICOS;1
10446;271;4000;VENTAS;VENTAS;1
10447;271;5000;COMPRAS;COMPRAS;1
10448;271;5001;COMISION TARJETAS DE CREDITO;COMISION TARJETAS DE CREDITO;1
10449;271;5002;COMBUSTIBLES Y LUBRICANTES;COMBUSTIBLES Y LUBRICANTES;1
10450;271;5003;FLETES Y CORREO;FLETES Y CORREO;1
10451;271;5005;LIBRERIA Y PAPELERIA;LIBRERIA Y PAPELERIA;1
10452;271;5006;HONORARIOS PROFESIONALES;HONORARIOS PROFESIONALES;1
10453;271;5007;ALQUILERES PAGADOS;ALQUILERES PAGADOS;1
10454;271;5008;SEGUROS PAGADOS;SEGUROS PAGADOS;1
10455;271;5010;GASTOS GENERALES;GASTOS GENERALES;1
10456;271;5011;SERVICISO INFORMATICOS;SERVICIOS INFORMATICOS;1
10457;271;5012;CANON;CANON;1
10458;271;5013;SERVICIOS JURIDICOS;SERVICIOS JURIDICOS;1
10459;271;5030;BANCO NACION - INTERES POR DESCUBIERTO;BANCO NACION - INTERES POR DESCUBIERTO;1
10460;271;5009;INTERESES BANCARIOS;INTERESES BANCARIOS;1
10461;271;5031;BANCO NACION - GASTOS DE MANTENIMIENTO DE CUENTA;BANCO NACION - GASTOS DE MANTENIMIENTO DE CUENTA;1
10462;271;5032;BANCO NACION - INTERESES POR PRESTAMOS;BANCO NACION - INTERESES POR PRESTAMOS;1
10463;271;5033;BANCO SANTANDER - INTERES POR DESCUBIERTO;BANCO SANTANDER - INTERES POR DESCUBIERTO;1
10464;271;5036;BANCO GALICIA - INTERES POR DESCUBIERTO;BANCO GALICIA - INTERES POR DESCUBIERTO;1
10465;271;5039;BBVA FRANCES - INTERES POR DESCUBIERTO;BBVA FRANCES - INTERES POR DESCUBIERTO;1
10466;271;5042;BANCO CREDICOOP - INTERES POR DESCUBIERTO;BANCO CREDICOOP - INTERES POR DESCUBIERTO;1
10467;271;5045;BANCO HSBC - INTERES POR DESCUBIERTO;BANCO HSBC - INTERES POR DESCUBIERTO;1
10468;271;5048;BANCO PATAGONIA - INTERES POR DESCUBIERTO;BANCO PATAGONIA - INTERES POR DESCUBIERTO;1
10469;271;5034;BANCO SANTANDER - GASTOS DE MANTENIMIENTO DE CUENTA;BANCO SANTANDER - GASTOS DE MANTENIMIENTO DE CUENTA;1
10470;271;5037;BANCO GALICIA - GASTOS DE MANTENIMIENTO DE CUENTA;BANCO GALICIA - GASTOS DE MANTENIMIENTO DE CUENTA;1
10471;271;5043;BANCO CREDICOOP - GASTOS DE MANTENIMIENTO DE CUENTA;BANCO CREDICOOP - GASTOS DE MANTENIMIENTO DE CUENTA;1
10472;271;5046;BANCO HSBC - GASTOS DE MANTENIMIENTO DE CUENTA;BANCO HSBC - GASTOS DE MANTENIMIENTO DE CUENTA;1
10473;271;5049;BANCO PATAGONIA - GASTOS DE MANTENIMIENTO DE CUENTA;BANCO PATAGONIA - GASTOS DE MANTENIMIENTO DE CUENTA;1
10474;271;5035;BANCO SANTANDER - INTERESES POR PRESTAMOS;BANCO SANTANDER - INTERESES POR PRESTAMOS;1
10475;271;5038;BANCO GALICIA - INTERESES POR PRESTAMOS;BANCO GALICIA - INTERESES POR PRESTAMOS;1
10476;271;5041;BBVA FRANCES - INTERESES POR PRESTAMOS;BBVA FRANCES - INTERESES POR PRESTAMOS;1
10477;271;5044;BANCO CREDICOOP- INTERESES POR PRESTAMOS;BANCO CREDICOOP- INTERESES POR PRESTAMOS;1
10478;271;5047;BANCO HSBC - INTERESES POR PRESTAMOS;BANCO HSBC - INTERESES POR PRESTAMOS;1
10479;271;5050;BANCO PATAGONIA- INTERESES POR PRESTAMOS;BANCO PATAGONIA- INTERESES POR PRESTAMOS;1
10480;271;1050;RODADOS - BIENES DE USO;RODADOS - BIENES DE USO;1
10481;271;1051;MUEBLES Y UTILES - BIENES DE USO;MUEBLES Y UTILES - BIENES DE USO;1
10482;271;1052;MAQUINARIA - BIENES DE USO;MAQUINARIA - BIENES DE USO;1
10483;271;1053;INMUEBLES - BIENES DE USO;INMUEBLES - BIENES DE USO;1
10484;271;5020;RODADOS - GASTOS DE MANTENIMIENTO;RODADOS - GASTOS DE MANTENIMIENTO;1
10485;271;5021;MUEBLES Y UTILES - GASTOS DE MANTENIMIENTO;MUEBLES Y UTILES - GASTOS DE MANTENIMIENTO;1
10486;271;5022;MAQUINARIA - GASTOS DE MANTENIMIENTO;MAQUINARIA - GASTOS DE MANTENIMIENTO;1
10487;271;5023;INMUEBLES - GASTOS DE MANTENIMIENTO;INMUEBLES - GASTOS DE MANTENIMIENTO;1
10488;271;5024;COMPRA DE BIENES USADOS A CF;COMPRA DE BIENES USADOS A CF;1
10489;271;1059;INSTALACIONES - BIENES DE USO;INSTALACIONES - BIENES DE USO;1
10490;271;5025;INSTALACIONES - GASTOS DE MANTENIMIENTO;INSTALACIONES - GASTOS DE MANTENIMIENTO;1
10491;271;5004;SERVICIOS Y TASAS;SERVICIOS Y TASAS;1
10492;271;5051;BANCO HIPOTECARIO - COMISIONES CUENTA;BANCO HIPOTECARIO - COMISIONES CUENTA;1
10493;271;5040;BBVA FRANCES - COMISIONES BANCARIAS;BBVA FRANCES - COMISIONES BANCARIAS;1
10494;256;5000;COMPRAS;COMPRAS;1
10495;256;5001;COMISION TARJETAS DE CREDITO;COMISION TARJETAS DE CREDITO;1
10496;256;5002;COMBUSTIBLE Y LUBRICANTES;COMBUSTIBLES Y LUBRICANTES;1
10497;256;5003;FLETES Y CORREO;FLETES Y CORREO;1
10498;256;5005;LIBRERIA Y PAPELERIA;LIBRERIA Y PAPELERIA;1
10499;256;5006;HONORARIOS PROFESIONALES;HONORARIOS PROFESIONALES;1
10500;256;5007;ALQUILERES PAGADOS;ALQUILERES PAGADOS;1
10501;256;5008;SEGUROS PAGADOS;SEGUROS PAGADOS;1
10502;256;5009;INTERESES BANCARIOS;INTERESES BANCARIOS;1
10503;256;5010;GASTOS GENERALES;GASTOS GENERALES;1
10504;256;5011;SERVICIOS INFORMATICOS - SOFTWARE;SERVICIOS INFORMATICOS;1
10505;256;5012;CANON;CANON;1
10506;256;5013;SERVICIOS JURIDICOS;SERVICIOS JURIDICOS;1
10507;256;5020;RODADOS - GASTOS DE MANTENIMIENTO;RODADOS - GASTOS DE MANTENIMIENTO;1
10508;256;5021;MUEBLES Y UTILES - GASTOS DE MANTENIMIENTO;MUEBLES Y UTILES - GASTOS DE MANTENIMIENTO;1
10509;256;5022;MAQUINARIA - GASTOS DE MANTENIMIENTO;MAQUINARIA - GASTOS DE MANTENIMIENTO;1
10510;256;5023;INMUEBLES - GASTOS DE MANTENIMIENTO;INMUEBLES - GASTOS DE MANTENIMIENTO;1
10511;256;5024;COMPRA DE BIENES USADOS A CF;COMPRA DE BIENES USADOS A CF;1
10512;256;5025;INSTALACIONES - GASTOS DE MANTENIMIENTO;INSTALACIONES - GASTOS DE MANTENIMIENTO;1
10513;256;5030;BANCO NACION - INTERESES POR DESCUBIERTO;BANCO NACION - INTERES POR DESCUBIERTO;1
10514;256;5031;BANCO NACION - GASTOS DE MANTENIMIENTO DE CUENTA;BANCO NACION - GASTOS DE MANTENIMIENTO DE CUENTA;1
10515;256;5032;BANCO NACION - INTERESES POR PRESTAMOS;BANCO NACION - INTERESES POR PRESTAMOS;1
10516;256;5033;BANCO SANTANDER - INTERESES POR DESCUBIERTO;BANCO SANTANDER - INTERES POR DESCUBIERTO;1
10517;256;5034;BANCO SANTANDER - GASTOS DE MANTENIMIENTO DE CUENTA;BANCO SANTANDER - GASTOS DE MANTENIMIENTO DE CUENTA;1
10518;256;5035;BANCO SANTANDER - INTERESES POR PRESTAMOS;BANCO SANTANDER - INTERESES POR PRESTAMOS;1
10519;256;5036;BANCO GALICIA - INTERESES POR DESCUBIERTO;BANCO GALICIA - INTERES POR DESCUBIERTO;1
10520;256;5037;BANCO GALICIA - GASTOS DE MANTENIMIENTO DE CUENTA;BANCO GALICIA - GASTOS DE MANTENIMIENTO DE CUENTA;1
10521;256;5038;BANCO GALICIA - INTERESES POR PRESTAMOS;BANCO GALICIA - INTERESES POR PRESTAMOS;1
10522;256;5039;BBVA FRANCES - INTERESES POR DESCUBIERTO;BBVA FRANCES - INTERES POR DESCUBIERTO;1
10523;256;5040;BBVA FRANCES - GASTOS DE MANTENIMIENTO DE CUENTA;BBVA FRANCES - GASTOS DE MANTENIMIENTO DE CUENTA;1
10524;256;5041;BBVA FRANCES - INTERESES POR PRESTAMOS;BBVA FRANCES - INTERESES POR PRESTAMOS;1
10525;256;5042;BANCO CREDICOOP - INTERESES POR DESCUBIERTO;BANCO CREDICOOP - INTERES POR DESCUBIERTO;1
10526;256;5043;BANCO CREDICOOP - GASTOS DE MANTENIMIENTO DE CUENTA;BANCO CREDICOOP - GASTOS DE MANTENIMIENTO DE CUENTA;1
10527;256;5044;BANCO CREDICOOP - INTERESES POR PRESTAMOS;BANCO CREDICOOP- INTERESES POR PRESTAMOS;1
10528;256;5045;BANCO HSBC - INTERESES POR DESCUBIERTO;BANCO HSBC - INTERES POR DESCUBIERTO;1
10529;256;5046;BANCO HSBC - GASTOS DE MANTENIMIENTO DE CUENTA;BANCO HSBC - GASTOS DE MANTENIMIENTO DE CUENTA;1
10530;256;5047;BANCO HSBC - INTERESES POR PRESTAMOS;BANCO HSBC - INTERESES POR PRESTAMOS;1
10531;256;5048;BANCO PATAGONIA - INTERESES POR DESCUBIERTO;BANCO PATAGONIA - INTERES POR DESCUBIERTO;1
10532;256;5049;BANCO PATAGONIA - GASTOS DE MANTENIMIENTO DE CUENTA;BANCO PATAGONIA - GASTOS DE MANTENIMIENTO DE CUENTA;1
10533;256;5050;BANCO PATAGONIA - INTERESES POR PRESTAMOS;BANCO PATAGONIA- INTERESES POR PRESTAMOS;1
10534;256;1050;RODADOS - BIENES DE USO;RODADOS - BIENES DE USO;1
10535;256;1051;MUEBLES Y UTILES - BIENES DE USO;MUEBLES Y UTILES - BIENES DE USO;1
10536;256;1052;MAQUINARIA - BIENES DE USO;MAQUINARIA - BIENES DE USO;1
10537;256;1053;INMUEBLES - BIENES DE USO;INMUEBLES - BIENES DE USO;1
10538;256;1059;INSTALACIONES - BIENES DE USO;INSTALACIONES - BIENES DE USO;1
10539;256;5014;COMISIONES MERCADO LIBRE;COMISIONES MERCADO LIBRE;1
10540;256;5051;COMISIONES SGR;COMISIONES SGR;1
10541;275;5002;COMBUSTIBLE Y LUBRICANTES;COMBUSTIBLES Y LUBRICANTES;1
10542;280;4000;VENTAS;VENTAS;1
10543;280;5000;COMPRAS;COMPRAS;1
10544;280;5001;COMISION TARJETAS DE CREDITO;COMISION TARJETAS DE CREDITO;1
10545;280;5002;COMBUSTIBLES Y LUBRICANTES;COMBUSTIBLES Y LUBRICANTES;1
10546;280;5003;FLETES Y CORREO;FLETES Y CORREO;1
10547;280;5005;LIBRERIA Y PAPELERIA;LIBRERIA Y PAPELERIA;1
10548;280;5006;HONORARIOS PROFESIONALES;HONORARIOS PROFESIONALES;1
10549;280;5007;ALQUILERES PAGADOS;ALQUILERES PAGADOS;1
10550;280;5008;SEGUROS PAGADOS;SEGUROS PAGADOS;1
10551;280;5010;GASTOS GENERALES;GASTOS GENERALES;1
10552;280;5011;SERVICISO INFORMATICOS;SERVICIOS INFORMATICOS;1
10553;280;5012;CANON;CANON;1
10554;280;5013;SERVICIOS JURIDICOS;SERVICIOS JURIDICOS;1
10555;280;5030;BANCO NACION - INTERES POR DESCUBIERTO;BANCO NACION - INTERES POR DESCUBIERTO;1
10556;280;5009;INTERESES BANCARIOS;INTERESES BANCARIOS;1
10557;280;5031;BANCO NACION - GASTOS DE MANTENIMIENTO DE CUENTA;BANCO NACION - GASTOS DE MANTENIMIENTO DE CUENTA;1
10558;280;5032;BANCO NACION - INTERESES POR PRESTAMOS;BANCO NACION - INTERESES POR PRESTAMOS;1
10559;280;5033;BANCO SANTANDER - INTERES POR DESCUBIERTO;BANCO SANTANDER - INTERES POR DESCUBIERTO;1
10560;280;5036;BANCO GALICIA - INTERES POR DESCUBIERTO;BANCO GALICIA - INTERES POR DESCUBIERTO;1
10561;280;5039;BBVA FRANCES - INTERES POR DESCUBIERTO;BBVA FRANCES - INTERES POR DESCUBIERTO;1
10562;280;5042;BANCO CREDICOOP - INTERES POR DESCUBIERTO;BANCO CREDICOOP - INTERES POR DESCUBIERTO;1
10563;280;5045;BANCO HSBC - INTERES POR DESCUBIERTO;BANCO HSBC - INTERES POR DESCUBIERTO;1
10564;280;5048;BANCO PATAGONIA - INTERES POR DESCUBIERTO;BANCO PATAGONIA - INTERES POR DESCUBIERTO;1
10565;280;5034;BANCO SANTANDER - GASTOS DE MANTENIMIENTO DE CUENTA;BANCO SANTANDER - GASTOS DE MANTENIMIENTO DE CUENTA;1
10566;280;5037;BANCO GALICIA - GASTOS DE MANTENIMIENTO DE CUENTA;BANCO GALICIA - GASTOS DE MANTENIMIENTO DE CUENTA;1
10567;280;5043;BANCO CREDICOOP - GASTOS DE MANTENIMIENTO DE CUENTA;BANCO CREDICOOP - GASTOS DE MANTENIMIENTO DE CUENTA;1
10568;280;5046;BANCO HSBC - GASTOS DE MANTENIMIENTO DE CUENTA;BANCO HSBC - GASTOS DE MANTENIMIENTO DE CUENTA;1
10569;280;5049;BANCO PATAGONIA - GASTOS DE MANTENIMIENTO DE CUENTA;BANCO PATAGONIA - GASTOS DE MANTENIMIENTO DE CUENTA;1
10570;280;5035;BANCO SANTANDER - INTERESES POR PRESTAMOS;BANCO SANTANDER - INTERESES POR PRESTAMOS;1
10571;280;5038;BANCO GALICIA - INTERESES POR PRESTAMOS;BANCO GALICIA - INTERESES POR PRESTAMOS;1
10572;280;5041;BBVA FRANCES - INTERESES POR PRESTAMOS;BBVA FRANCES - INTERESES POR PRESTAMOS;1
10573;280;5044;BANCO CREDICOOP- INTERESES POR PRESTAMOS;BANCO CREDICOOP- INTERESES POR PRESTAMOS;1
10574;280;5047;BANCO HSBC - INTERESES POR PRESTAMOS;BANCO HSBC - INTERESES POR PRESTAMOS;1
10575;280;5050;BANCO PATAGONIA- INTERESES POR PRESTAMOS;BANCO PATAGONIA- INTERESES POR PRESTAMOS;1
10576;280;1050;RODADOS - BIENES DE USO;RODADOS - BIENES DE USO;1
10577;280;1051;MUEBLES Y UTILES - BIENES DE USO;MUEBLES Y UTILES - BIENES DE USO;1
10578;280;1052;MAQUINARIA - BIENES DE USO;MAQUINARIA - BIENES DE USO;1
10579;280;1053;INMUEBLES - BIENES DE USO;INMUEBLES - BIENES DE USO;1
10580;280;5020;RODADOS - GASTOS DE MANTENIMIENTO;RODADOS - GASTOS DE MANTENIMIENTO;1
10581;280;5021;MUEBLES Y UTILES - GASTOS DE MANTENIMIENTO;MUEBLES Y UTILES - GASTOS DE MANTENIMIENTO;1
10582;280;5022;MAQUINARIA - GASTOS DE MANTENIMIENTO;MAQUINARIA - GASTOS DE MANTENIMIENTO;1
10583;280;5023;INMUEBLES - GASTOS DE MANTENIMIENTO;INMUEBLES - GASTOS DE MANTENIMIENTO;1
10584;280;5024;COMPRA DE BIENES USADOS A CF;COMPRA DE BIENES USADOS A CF;1
10585;280;1059;INSTALACIONES - BIENES DE USO;INSTALACIONES - BIENES DE USO;1
10586;280;5025;INSTALACIONES - GASTOS DE MANTENIMIENTO;INSTALACIONES - GASTOS DE MANTENIMIENTO;1
10587;280;9999;OTROS;OTROS;1
10588;280;5014;comisiones mercado libre;COMISIONES MERCADO LIBRE;1
10589;275;5003;FLETES Y CORREO;FLETES Y CORREO;1
10590;275;5020;RODADOS - GASTOS DE MANTENIMIENTO;RODADOS - GASTOS DE MANTENIMIENTO;1
10591;31;5051;BANCO MACRO - INTERESES POR DESCUBIERTO;BANCO MACRO - INTERESES POR DESCUBIERTO;1
10592;31;5052;BANCO MACRO - GASTOS DE MANTENIMIENTO DE CUENTA;BANCO MACRO - GASTOS DE MANTENIMIENTO DE CUENTA;1
10593;31;5053;BANCO MACRO - INTERESES POR PRESTAMOS;BANCO MACRO - INTERESES POR PRESTAMOS;1
10594;281;4000;VENTAS;VENTAS;1
10595;281;5000;COMPRAS;COMPRAS;1
10596;281;5001;COMISION TARJETAS DE CREDITO;COMISION TARJETAS DE CREDITO;1
10597;281;5002;COMBUSTIBLES Y LUBRICANTES;COMBUSTIBLES Y LUBRICANTES;1
10598;281;5003;FLETES Y CORREO;FLETES Y CORREO;1
10599;281;5005;LIBRERIA Y PAPELERIA;LIBRERIA Y PAPELERIA;1
10600;281;5006;HONORARIOS PROFESIONALES;HONORARIOS PROFESIONALES;1
10601;281;5007;ALQUILERES PAGADOS;ALQUILERES PAGADOS;1
10602;281;5008;SEGUROS PAGADOS;SEGUROS PAGADOS;1
10603;281;5010;GASTOS GENERALES;GASTOS GENERALES;1
10604;281;5011;SERVICISO INFORMATICOS;SERVICIOS INFORMATICOS;1
10605;281;5012;CANON;CANON;1
10606;281;5013;SERVICIOS JURIDICOS;SERVICIOS JURIDICOS;1
10607;281;5030;BANCO NACION - INTERES POR DESCUBIERTO;BANCO NACION - INTERES POR DESCUBIERTO;1
10608;281;5009;INTERESES BANCARIOS;INTERESES BANCARIOS;1
10609;281;5031;BANCO NACION - GASTOS DE MANTENIMIENTO DE CUENTA;BANCO NACION - GASTOS DE MANTENIMIENTO DE CUENTA;1
10610;281;5032;BANCO NACION - INTERESES POR PRESTAMOS;BANCO NACION - INTERESES POR PRESTAMOS;1
10611;281;5033;BANCO SANTANDER - INTERES POR DESCUBIERTO;BANCO SANTANDER - INTERES POR DESCUBIERTO;1
10612;281;5036;BANCO GALICIA - INTERES POR DESCUBIERTO;BANCO GALICIA - INTERES POR DESCUBIERTO;1
10613;281;5039;BBVA FRANCES - INTERES POR DESCUBIERTO;BBVA FRANCES - INTERES POR DESCUBIERTO;1
10614;281;5042;BANCO CREDICOOP - INTERES POR DESCUBIERTO;BANCO CREDICOOP - INTERES POR DESCUBIERTO;1
10615;281;5045;BANCO HSBC - INTERES POR DESCUBIERTO;BANCO HSBC - INTERES POR DESCUBIERTO;1
10616;281;5048;BANCO PATAGONIA - INTERES POR DESCUBIERTO;BANCO PATAGONIA - INTERES POR DESCUBIERTO;1
10617;281;5034;BANCO SANTANDER - GASTOS DE MANTENIMIENTO DE CUENTA;BANCO SANTANDER - GASTOS DE MANTENIMIENTO DE CUENTA;1
10618;281;5037;BANCO GALICIA - GASTOS DE MANTENIMIENTO DE CUENTA;BANCO GALICIA - GASTOS DE MANTENIMIENTO DE CUENTA;1
10619;281;5043;BANCO CREDICOOP - GASTOS DE MANTENIMIENTO DE CUENTA;BANCO CREDICOOP - GASTOS DE MANTENIMIENTO DE CUENTA;1
10620;281;5046;BANCO HSBC - GASTOS DE MANTENIMIENTO DE CUENTA;BANCO HSBC - GASTOS DE MANTENIMIENTO DE CUENTA;1
10621;281;5049;BANCO PATAGONIA - GASTOS DE MANTENIMIENTO DE CUENTA;BANCO PATAGONIA - GASTOS DE MANTENIMIENTO DE CUENTA;1
10622;281;5035;BANCO SANTANDER - INTERESES POR PRESTAMOS;BANCO SANTANDER - INTERESES POR PRESTAMOS;1
10623;281;5038;BANCO GALICIA - INTERESES POR PRESTAMOS;BANCO GALICIA - INTERESES POR PRESTAMOS;1
10624;281;5041;BBVA FRANCES - INTERESES POR PRESTAMOS;BBVA FRANCES - INTERESES POR PRESTAMOS;1
10625;281;5044;BANCO CREDICOOP- INTERESES POR PRESTAMOS;BANCO CREDICOOP- INTERESES POR PRESTAMOS;1
10626;281;5047;BANCO HSBC - INTERESES POR PRESTAMOS;BANCO HSBC - INTERESES POR PRESTAMOS;1
10627;281;5050;BANCO PATAGONIA- INTERESES POR PRESTAMOS;BANCO PATAGONIA- INTERESES POR PRESTAMOS;1
10628;281;1050;RODADOS - BIENES DE USO;RODADOS - BIENES DE USO;1
10629;281;1051;MUEBLES Y UTILES - BIENES DE USO;MUEBLES Y UTILES - BIENES DE USO;1
10630;281;1052;MAQUINARIA - BIENES DE USO;MAQUINARIA - BIENES DE USO;1
10631;281;1053;INMUEBLES - BIENES DE USO;INMUEBLES - BIENES DE USO;1
10632;281;5020;RODADOS - GASTOS DE MANTENIMIENTO;RODADOS - GASTOS DE MANTENIMIENTO;1
10633;281;5021;MUEBLES Y UTILES - GASTOS DE MANTENIMIENTO;MUEBLES Y UTILES - GASTOS DE MANTENIMIENTO;1
10634;281;5022;MAQUINARIA - GASTOS DE MANTENIMIENTO;MAQUINARIA - GASTOS DE MANTENIMIENTO;1
10635;281;5023;INMUEBLES - GASTOS DE MANTENIMIENTO;INMUEBLES - GASTOS DE MANTENIMIENTO;1
10636;281;5024;COMPRA DE BIENES USADOS A CF;COMPRA DE BIENES USADOS A CF;1
10637;281;1059;INSTALACIONES - BIENES DE USO;INSTALACIONES - BIENES DE USO;1
10638;281;5025;INSTALACIONES - GASTOS DE MANTENIMIENTO;INSTALACIONES - GASTOS DE MANTENIMIENTO;1
10639;281;5004;SERVICIOS Y TASAS;SERVICIOS Y TASAS;1
10640;281;5051;BANCO HIPOTECARIO - COMISIONES CUENTA;BANCO HIPOTECARIO - COMISIONES CUENTA;1
10641;281;5040;BBVA FRANCES - COMISIONES BANCARIAS;BBVA FRANCES - COMISIONES BANCARIAS;1
10642;281;5052;COMISIONES SGR;COMISIONES SGR;1
10643;281;5014;COMISIONES MERCADOLIBRE;COMISIONES MERCADO LIBRE;1
10644;282;4000;VENTAS;VENTAS;1
10645;282;5000;COMPRAS;COMPRAS;1
10646;282;5001;COMISION TARJETAS DE CREDITO;COMISION TARJETAS DE CREDITO;1
10647;282;5002;COMBUSTIBLES Y LUBRICANTES;COMBUSTIBLES Y LUBRICANTES;1
10648;282;5003;FLETES Y CORREO;FLETES Y CORREO;1
10649;282;5005;LIBRERIA Y PAPELERIA;LIBRERIA Y PAPELERIA;1
10650;282;5006;HONORARIOS PROFESIONALES;HONORARIOS PROFESIONALES;1
10651;282;5007;ALQUILERES PAGADOS;ALQUILERES PAGADOS;1
10652;282;5008;SEGUROS PAGADOS;SEGUROS PAGADOS;1
10653;282;5010;GASTOS GENERALES;GASTOS GENERALES;1
10654;282;5011;SERVICISO INFORMATICOS;SERVICIOS INFORMATICOS;1
10655;282;5012;CANON;CANON;1
10656;282;5013;SERVICIOS JURIDICOS;SERVICIOS JURIDICOS;1
10657;282;5030;BANCO NACION - INTERES POR DESCUBIERTO;BANCO NACION - INTERES POR DESCUBIERTO;1
10658;282;5009;INTERESES BANCARIOS;INTERESES BANCARIOS;1
10659;282;5031;BANCO NACION - GASTOS DE MANTENIMIENTO DE CUENTA;BANCO NACION - GASTOS DE MANTENIMIENTO DE CUENTA;1
10660;282;5032;BANCO NACION - INTERESES POR PRESTAMOS;BANCO NACION - INTERESES POR PRESTAMOS;1
10661;282;5033;BANCO SANTANDER - INTERES POR DESCUBIERTO;BANCO SANTANDER - INTERES POR DESCUBIERTO;1
10662;282;5036;BANCO GALICIA - INTERES POR DESCUBIERTO;BANCO GALICIA - INTERES POR DESCUBIERTO;1
10663;282;5039;BBVA FRANCES - INTERES POR DESCUBIERTO;BBVA FRANCES - INTERES POR DESCUBIERTO;1
10664;282;5042;BANCO CREDICOOP - INTERES POR DESCUBIERTO;BANCO CREDICOOP - INTERES POR DESCUBIERTO;1
10665;282;5045;BANCO HSBC - INTERES POR DESCUBIERTO;BANCO HSBC - INTERES POR DESCUBIERTO;1
10666;282;5048;BANCO PATAGONIA - INTERES POR DESCUBIERTO;BANCO PATAGONIA - INTERES POR DESCUBIERTO;1
10667;282;5034;BANCO SANTANDER - GASTOS DE MANTENIMIENTO DE CUENTA;BANCO SANTANDER - GASTOS DE MANTENIMIENTO DE CUENTA;1
10668;282;5037;BANCO GALICIA - GASTOS DE MANTENIMIENTO DE CUENTA;BANCO GALICIA - GASTOS DE MANTENIMIENTO DE CUENTA;1
10669;282;5043;BANCO CREDICOOP - GASTOS DE MANTENIMIENTO DE CUENTA;BANCO CREDICOOP - GASTOS DE MANTENIMIENTO DE CUENTA;1
10670;282;5046;BANCO HSBC - GASTOS DE MANTENIMIENTO DE CUENTA;BANCO HSBC - GASTOS DE MANTENIMIENTO DE CUENTA;1
10671;282;5049;BANCO PATAGONIA - GASTOS DE MANTENIMIENTO DE CUENTA;BANCO PATAGONIA - GASTOS DE MANTENIMIENTO DE CUENTA;1
10672;282;5035;BANCO SANTANDER - INTERESES POR PRESTAMOS;BANCO SANTANDER - INTERESES POR PRESTAMOS;1
10673;282;5038;BANCO GALICIA - INTERESES POR PRESTAMOS;BANCO GALICIA - INTERESES POR PRESTAMOS;1
10674;282;5041;BBVA FRANCES - INTERESES POR PRESTAMOS;BBVA FRANCES - INTERESES POR PRESTAMOS;1
10675;282;5044;BANCO CREDICOOP- INTERESES POR PRESTAMOS;BANCO CREDICOOP- INTERESES POR PRESTAMOS;1
10676;282;5047;BANCO HSBC - INTERESES POR PRESTAMOS;BANCO HSBC - INTERESES POR PRESTAMOS;1
10677;282;5050;BANCO PATAGONIA- INTERESES POR PRESTAMOS;BANCO PATAGONIA- INTERESES POR PRESTAMOS;1
10678;282;1050;RODADOS - BIENES DE USO;RODADOS - BIENES DE USO;1
10679;282;1051;MUEBLES Y UTILES - BIENES DE USO;MUEBLES Y UTILES - BIENES DE USO;1
10680;282;1052;MAQUINARIA - BIENES DE USO;MAQUINARIA - BIENES DE USO;1
10681;282;1053;INMUEBLES - BIENES DE USO;INMUEBLES - BIENES DE USO;1
10682;282;5020;RODADOS - GASTOS DE MANTENIMIENTO;RODADOS - GASTOS DE MANTENIMIENTO;1
10683;282;5021;MUEBLES Y UTILES - GASTOS DE MANTENIMIENTO;MUEBLES Y UTILES - GASTOS DE MANTENIMIENTO;1
10684;282;5022;MAQUINARIA - GASTOS DE MANTENIMIENTO;MAQUINARIA - GASTOS DE MANTENIMIENTO;1
10685;282;5023;INMUEBLES - GASTOS DE MANTENIMIENTO;INMUEBLES - GASTOS DE MANTENIMIENTO;1
10686;282;5024;COMPRA DE BIENES USADOS A CF;COMPRA DE BIENES USADOS A CF;1
10687;282;1059;INSTALACIONES - BIENES DE USO;INSTALACIONES - BIENES DE USO;1
10688;282;5025;INSTALACIONES - GASTOS DE MANTENIMIENTO;INSTALACIONES - GASTOS DE MANTENIMIENTO;1
10689;282;9999;OTROS;OTROS;1
10690;282;5014;comisiones mercado libre;COMISIONES MERCADO LIBRE;1
10691;283;4000;VENTAS;VENTAS;1
10692;283;5000;COMPRAS;COMPRAS;1
10693;283;5001;COMISION TARJETAS DE CREDITO;COMISION TARJETAS DE CREDITO;1
10694;283;5002;COMBUSTIBLES Y LUBRICANTES;COMBUSTIBLES Y LUBRICANTES;1
10695;283;5003;FLETES Y CORREO;FLETES Y CORREO;1
10696;283;5005;LIBRERIA Y PAPELERIA;LIBRERIA Y PAPELERIA;1
10697;283;5006;HONORARIOS PROFESIONALES;HONORARIOS PROFESIONALES;1
10698;283;5007;ALQUILERES PAGADOS;ALQUILERES PAGADOS;1
10699;283;5008;SEGUROS PAGADOS;SEGUROS PAGADOS;1
10700;283;5010;GASTOS GENERALES;GASTOS GENERALES;1
10701;283;5011;SERVICISO INFORMATICOS;SERVICIOS INFORMATICOS;1
10702;283;5012;CANON;CANON;1
10703;283;5013;SERVICIOS JURIDICOS;SERVICIOS JURIDICOS;1
10704;283;5030;BANCO NACION - INTERES POR DESCUBIERTO;BANCO NACION - INTERES POR DESCUBIERTO;1
10705;283;5009;INTERESES BANCARIOS;INTERESES BANCARIOS;1
10706;283;5031;BANCO NACION - GASTOS DE MANTENIMIENTO DE CUENTA;BANCO NACION - GASTOS DE MANTENIMIENTO DE CUENTA;1
10707;283;5032;BANCO NACION - INTERESES POR PRESTAMOS;BANCO NACION - INTERESES POR PRESTAMOS;1
10708;283;5033;BANCO SANTANDER - INTERES POR DESCUBIERTO;BANCO SANTANDER - INTERES POR DESCUBIERTO;1
10709;283;5036;BANCO GALICIA - INTERES POR DESCUBIERTO;BANCO GALICIA - INTERES POR DESCUBIERTO;1
10710;283;5039;BBVA FRANCES - INTERES POR DESCUBIERTO;BBVA FRANCES - INTERES POR DESCUBIERTO;1
10711;283;5042;BANCO CREDICOOP - INTERES POR DESCUBIERTO;BANCO CREDICOOP - INTERES POR DESCUBIERTO;1
10712;283;5045;BANCO HSBC - INTERES POR DESCUBIERTO;BANCO HSBC - INTERES POR DESCUBIERTO;1
10713;283;5048;BANCO PATAGONIA - INTERES POR DESCUBIERTO;BANCO PATAGONIA - INTERES POR DESCUBIERTO;1
10714;283;5034;BANCO SANTANDER - GASTOS DE MANTENIMIENTO DE CUENTA;BANCO SANTANDER - GASTOS DE MANTENIMIENTO DE CUENTA;1
10715;283;5037;BANCO GALICIA - GASTOS DE MANTENIMIENTO DE CUENTA;BANCO GALICIA - GASTOS DE MANTENIMIENTO DE CUENTA;1
10716;283;5043;BANCO CREDICOOP - GASTOS DE MANTENIMIENTO DE CUENTA;BANCO CREDICOOP - GASTOS DE MANTENIMIENTO DE CUENTA;1
10717;283;5046;BANCO HSBC - GASTOS DE MANTENIMIENTO DE CUENTA;BANCO HSBC - GASTOS DE MANTENIMIENTO DE CUENTA;1
10718;283;5049;BANCO PATAGONIA - GASTOS DE MANTENIMIENTO DE CUENTA;BANCO PATAGONIA - GASTOS DE MANTENIMIENTO DE CUENTA;1
10719;283;5035;BANCO SANTANDER - INTERESES POR PRESTAMOS;BANCO SANTANDER - INTERESES POR PRESTAMOS;1
10720;283;5038;BANCO GALICIA - INTERESES POR PRESTAMOS;BANCO GALICIA - INTERESES POR PRESTAMOS;1
10721;283;5041;BBVA FRANCES - INTERESES POR PRESTAMOS;BBVA FRANCES - INTERESES POR PRESTAMOS;1
10722;283;5044;BANCO CREDICOOP- INTERESES POR PRESTAMOS;BANCO CREDICOOP- INTERESES POR PRESTAMOS;1
10723;283;5047;BANCO HSBC - INTERESES POR PRESTAMOS;BANCO HSBC - INTERESES POR PRESTAMOS;1
10724;283;5050;BANCO PATAGONIA- INTERESES POR PRESTAMOS;BANCO PATAGONIA- INTERESES POR PRESTAMOS;1
10725;283;1050;RODADOS - BIENES DE USO;RODADOS - BIENES DE USO;1
10726;283;1051;MUEBLES Y UTILES - BIENES DE USO;MUEBLES Y UTILES - BIENES DE USO;1
10727;283;1052;MAQUINARIA - BIENES DE USO;MAQUINARIA - BIENES DE USO;1
10728;283;1053;INMUEBLES - BIENES DE USO;INMUEBLES - BIENES DE USO;1
10729;283;5020;RODADOS - GASTOS DE MANTENIMIENTO;RODADOS - GASTOS DE MANTENIMIENTO;1
10730;283;5021;MUEBLES Y UTILES - GASTOS DE MANTENIMIENTO;MUEBLES Y UTILES - GASTOS DE MANTENIMIENTO;1
10731;283;5022;MAQUINARIA - GASTOS DE MANTENIMIENTO;MAQUINARIA - GASTOS DE MANTENIMIENTO;1
10732;283;5023;INMUEBLES - GASTOS DE MANTENIMIENTO;INMUEBLES - GASTOS DE MANTENIMIENTO;1
10733;283;5024;COMPRA DE BIENES USADOS A CF;COMPRA DE BIENES USADOS A CF;1
10734;283;1059;INSTALACIONES - BIENES DE USO;INSTALACIONES - BIENES DE USO;1
10735;283;5025;INSTALACIONES - GASTOS DE MANTENIMIENTO;INSTALACIONES - GASTOS DE MANTENIMIENTO;1
10736;283;5004;SERVICIOS Y TASAS;SERVICIOS Y TASAS;1
10737;283;5051;BANCO HIPOTECARIO - COMISIONES CUENTA;BANCO HIPOTECARIO - COMISIONES CUENTA;1
10738;283;5040;BBVA FRANCES - COMISIONES BANCARIAS;BBVA FRANCES - COMISIONES BANCARIAS;1
10739;283;5052;COMISIONES SGR;COMISIONES SGR;1
10740;283;5014;COMISIONES MERCADOLIBRE;COMISIONES MERCADO LIBRE;1
10741;24;5004;SERVICIOS Y TASAS;SERVICIOS Y TASAS;1
10742;286;4000;VENTAS;VENTAS;1
10743;286;5000;COMPRAS;COMPRAS;1
10744;286;5001;COMISION TARJETAS DE CREDITO;COMISION TARJETAS DE CREDITO;1
10745;286;5002;COMBUSTIBLES Y LUBRICANTES;COMBUSTIBLES Y LUBRICANTES;1
10746;286;5003;FLETES Y CORREO;FLETES Y CORREO;1
10747;286;5005;LIBRERIA Y PAPELERIA;LIBRERIA Y PAPELERIA;1
10748;286;5006;HONORARIOS PROFESIONALES;HONORARIOS PROFESIONALES;1
10749;286;5007;ALQUILERES PAGADOS;ALQUILERES PAGADOS;1
10750;286;5008;SEGUROS PAGADOS;SEGUROS PAGADOS;1
10751;286;5010;GASTOS GENERALES;GASTOS GENERALES;1
10752;286;5011;SERVICISO INFORMATICOS;SERVICIOS INFORMATICOS;1
10753;286;5012;CANON;CANON;1
10754;286;5013;SERVICIOS JURIDICOS;SERVICIOS JURIDICOS;1
10755;286;5030;BANCO NACION - INTERES POR DESCUBIERTO;BANCO NACION - INTERES POR DESCUBIERTO;1
10756;286;5009;INTERESES BANCARIOS;INTERESES BANCARIOS;1
10757;286;5031;BANCO NACION - GASTOS DE MANTENIMIENTO DE CUENTA;BANCO NACION - GASTOS DE MANTENIMIENTO DE CUENTA;1
10758;286;5032;BANCO NACION - INTERESES POR PRESTAMOS;BANCO NACION - INTERESES POR PRESTAMOS;1
10759;286;5033;BANCO SANTANDER - INTERES POR DESCUBIERTO;BANCO SANTANDER - INTERES POR DESCUBIERTO;1
10760;286;5036;BANCO GALICIA - INTERES POR DESCUBIERTO;BANCO GALICIA - INTERES POR DESCUBIERTO;1
10761;286;5039;BBVA FRANCES - INTERES POR DESCUBIERTO;BBVA FRANCES - INTERES POR DESCUBIERTO;1
10762;286;5042;BANCO CREDICOOP - INTERES POR DESCUBIERTO;BANCO CREDICOOP - INTERES POR DESCUBIERTO;1
10763;286;5045;BANCO HSBC - INTERES POR DESCUBIERTO;BANCO HSBC - INTERES POR DESCUBIERTO;1
10764;286;5048;BANCO PATAGONIA - INTERES POR DESCUBIERTO;BANCO PATAGONIA - INTERES POR DESCUBIERTO;1
10765;286;5034;BANCO SANTANDER - GASTOS DE MANTENIMIENTO DE CUENTA;BANCO SANTANDER - GASTOS DE MANTENIMIENTO DE CUENTA;1
10766;286;5037;BANCO GALICIA - GASTOS DE MANTENIMIENTO DE CUENTA;BANCO GALICIA - GASTOS DE MANTENIMIENTO DE CUENTA;1
10767;286;5043;BANCO CREDICOOP - GASTOS DE MANTENIMIENTO DE CUENTA;BANCO CREDICOOP - GASTOS DE MANTENIMIENTO DE CUENTA;1
10768;286;5046;BANCO HSBC - GASTOS DE MANTENIMIENTO DE CUENTA;BANCO HSBC - GASTOS DE MANTENIMIENTO DE CUENTA;1
10769;286;5049;BANCO PATAGONIA - GASTOS DE MANTENIMIENTO DE CUENTA;BANCO PATAGONIA - GASTOS DE MANTENIMIENTO DE CUENTA;1
10770;286;5035;BANCO SANTANDER - INTERESES POR PRESTAMOS;BANCO SANTANDER - INTERESES POR PRESTAMOS;1
10771;286;5038;BANCO GALICIA - INTERESES POR PRESTAMOS;BANCO GALICIA - INTERESES POR PRESTAMOS;1
10772;286;5041;BBVA FRANCES - INTERESES POR PRESTAMOS;BBVA FRANCES - INTERESES POR PRESTAMOS;1
10773;286;5044;BANCO CREDICOOP- INTERESES POR PRESTAMOS;BANCO CREDICOOP- INTERESES POR PRESTAMOS;1
10774;286;5047;BANCO HSBC - INTERESES POR PRESTAMOS;BANCO HSBC - INTERESES POR PRESTAMOS;1
10775;286;5050;BANCO PATAGONIA- INTERESES POR PRESTAMOS;BANCO PATAGONIA- INTERESES POR PRESTAMOS;1
10776;286;1050;RODADOS - BIENES DE USO;RODADOS - BIENES DE USO;1
10777;286;1051;MUEBLES Y UTILES - BIENES DE USO;MUEBLES Y UTILES - BIENES DE USO;1
10778;286;1052;MAQUINARIA - BIENES DE USO;MAQUINARIA - BIENES DE USO;1
10779;286;1053;INMUEBLES - BIENES DE USO;INMUEBLES - BIENES DE USO;1
10780;286;5020;RODADOS - GASTOS DE MANTENIMIENTO;RODADOS - GASTOS DE MANTENIMIENTO;1
10781;286;5021;MUEBLES Y UTILES - GASTOS DE MANTENIMIENTO;MUEBLES Y UTILES - GASTOS DE MANTENIMIENTO;1
10782;286;5022;MAQUINARIA - GASTOS DE MANTENIMIENTO;MAQUINARIA - GASTOS DE MANTENIMIENTO;1
10783;286;5023;INMUEBLES - GASTOS DE MANTENIMIENTO;INMUEBLES - GASTOS DE MANTENIMIENTO;1
10784;286;5024;COMPRA DE BIENES USADOS A CF;COMPRA DE BIENES USADOS A CF;1
10785;286;1059;INSTALACIONES - BIENES DE USO;INSTALACIONES - BIENES DE USO;1
10786;286;5025;INSTALACIONES - GASTOS DE MANTENIMIENTO;INSTALACIONES - GASTOS DE MANTENIMIENTO;1
10787;286;9999;OTROS;OTROS;1
10788;286;5014;comisiones mercado libre;COMISIONES MERCADO LIBRE;1
10789;286;5004;SERVICIOS Y TASAS;SERVICIOS Y TASAS;1
10790;286;5051;BANCO MACRO - INTERESES POR DESCUBIERTO;BANCO MACRO - INTERESES POR DESCUBIERTO;1
10791;286;5052;BANCO MACRO - GASTOS DE MANTENIMIENTO DE CUENTA;BANCO MACRO - GASTOS DE MANTENIMIENTO DE CUENTA;1
10792;286;5053;BANCO MACRO - INTERESES POR PRESTAMO;BANCO MACRO - INTERESES POR PRESTAMO;1
10793;277;5010;GASTOS GENERALES;GASTOS GENERALES;1
10794;277;5004;SERVICIOS Y TASAS;SERVICIOS Y TASAS;1
10795;275;5011;SERVICIOS INFORMATICOS - SOFTWARE;SERVICIOS INFORMATICOS;1
10796;59;5051;COMISIONES SGR;COMISIONES SGR;1
10797;76;5014;COMISIONES MERCADO LIBRE;COMISIONES MERCADO LIBRE;1
10798;287;4000;VENTAS;VENTAS;1
10799;287;5000;COMPRAS;COMPRAS;1
10800;287;5001;COMISION TARJETAS DE CREDITO;COMISION TARJETAS DE CREDITO;1
10801;287;5002;COMBUSTIBLES Y LUBRICANTES;COMBUSTIBLES Y LUBRICANTES;1
10802;287;5003;FLETES Y CORREO;FLETES Y CORREO;1
10803;287;5005;LIBRERIA Y PAPELERIA;LIBRERIA Y PAPELERIA;1
10804;287;5006;HONORARIOS PROFESIONALES;HONORARIOS PROFESIONALES;1
10805;287;5007;ALQUILERES PAGADOS;ALQUILERES PAGADOS;1
10806;287;5008;SEGUROS PAGADOS;SEGUROS PAGADOS;1
10807;287;5010;GASTOS GENERALES;GASTOS GENERALES;1
10808;287;5011;SERVICISO INFORMATICOS;SERVICIOS INFORMATICOS;1
10809;287;5012;CANON;CANON;1
10810;287;5013;SERVICIOS JURIDICOS;SERVICIOS JURIDICOS;1
10811;287;5030;BANCO NACION - INTERES POR DESCUBIERTO;BANCO NACION - INTERES POR DESCUBIERTO;1
10812;287;5009;INTERESES BANCARIOS;INTERESES BANCARIOS;1
10813;287;5031;BANCO NACION - GASTOS DE MANTENIMIENTO DE CUENTA;BANCO NACION - GASTOS DE MANTENIMIENTO DE CUENTA;1
10814;287;5032;BANCO NACION - INTERESES POR PRESTAMOS;BANCO NACION - INTERESES POR PRESTAMOS;1
10815;287;5033;BANCO SANTANDER - INTERES POR DESCUBIERTO;BANCO SANTANDER - INTERES POR DESCUBIERTO;1
10816;287;5036;BANCO GALICIA - INTERES POR DESCUBIERTO;BANCO GALICIA - INTERES POR DESCUBIERTO;1
10817;287;5039;BBVA FRANCES - INTERES POR DESCUBIERTO;BBVA FRANCES - INTERES POR DESCUBIERTO;1
10818;287;5042;BANCO CREDICOOP - INTERES POR DESCUBIERTO;BANCO CREDICOOP - INTERES POR DESCUBIERTO;1
10819;287;5045;BANCO HSBC - INTERES POR DESCUBIERTO;BANCO HSBC - INTERES POR DESCUBIERTO;1
10820;287;5048;BANCO PATAGONIA - INTERES POR DESCUBIERTO;BANCO PATAGONIA - INTERES POR DESCUBIERTO;1
10821;287;5034;BANCO SANTANDER - GASTOS DE MANTENIMIENTO DE CUENTA;BANCO SANTANDER - GASTOS DE MANTENIMIENTO DE CUENTA;1
10822;287;5037;BANCO GALICIA - GASTOS DE MANTENIMIENTO DE CUENTA;BANCO GALICIA - GASTOS DE MANTENIMIENTO DE CUENTA;1
10823;287;5043;BANCO CREDICOOP - GASTOS DE MANTENIMIENTO DE CUENTA;BANCO CREDICOOP - GASTOS DE MANTENIMIENTO DE CUENTA;1
10824;287;5046;BANCO HSBC - GASTOS DE MANTENIMIENTO DE CUENTA;BANCO HSBC - GASTOS DE MANTENIMIENTO DE CUENTA;1
10825;287;5049;BANCO PATAGONIA - GASTOS DE MANTENIMIENTO DE CUENTA;BANCO PATAGONIA - GASTOS DE MANTENIMIENTO DE CUENTA;1
10826;287;5035;BANCO SANTANDER - INTERESES POR PRESTAMOS;BANCO SANTANDER - INTERESES POR PRESTAMOS;1
10827;287;5038;BANCO GALICIA - INTERESES POR PRESTAMOS;BANCO GALICIA - INTERESES POR PRESTAMOS;1
10828;287;5041;BBVA FRANCES - INTERESES POR PRESTAMOS;BBVA FRANCES - INTERESES POR PRESTAMOS;1
10829;287;5044;BANCO CREDICOOP- INTERESES POR PRESTAMOS;BANCO CREDICOOP- INTERESES POR PRESTAMOS;1
10830;287;5047;BANCO HSBC - INTERESES POR PRESTAMOS;BANCO HSBC - INTERESES POR PRESTAMOS;1
10831;287;5050;BANCO PATAGONIA- INTERESES POR PRESTAMOS;BANCO PATAGONIA- INTERESES POR PRESTAMOS;1
10832;287;1050;RODADOS - BIENES DE USO;RODADOS - BIENES DE USO;1
10833;287;1051;MUEBLES Y UTILES - BIENES DE USO;MUEBLES Y UTILES - BIENES DE USO;1
10834;287;1052;MAQUINARIA - BIENES DE USO;MAQUINARIA - BIENES DE USO;1
10835;287;1053;INMUEBLES - BIENES DE USO;INMUEBLES - BIENES DE USO;1
10836;287;5020;RODADOS - GASTOS DE MANTENIMIENTO;RODADOS - GASTOS DE MANTENIMIENTO;1
10837;287;5021;MUEBLES Y UTILES - GASTOS DE MANTENIMIENTO;MUEBLES Y UTILES - GASTOS DE MANTENIMIENTO;1
10838;287;5022;MAQUINARIA - GASTOS DE MANTENIMIENTO;MAQUINARIA - GASTOS DE MANTENIMIENTO;1
10839;287;5023;INMUEBLES - GASTOS DE MANTENIMIENTO;INMUEBLES - GASTOS DE MANTENIMIENTO;1
10840;287;5024;COMPRA DE BIENES USADOS A CF;COMPRA DE BIENES USADOS A CF;1
10841;287;1059;INSTALACIONES - BIENES DE USO;INSTALACIONES - BIENES DE USO;1
10842;287;5025;INSTALACIONES - GASTOS DE MANTENIMIENTO;INSTALACIONES - GASTOS DE MANTENIMIENTO;1
10843;287;5004;SERVICIOS Y TASAS;SERVICIOS Y TASAS;1
10844;287;5051;BANCO HIPOTECARIO - COMISIONES CUENTA;BANCO HIPOTECARIO - COMISIONES CUENTA;1
10845;287;5040;BBVA FRANCES - COMISIONES BANCARIAS;BBVA FRANCES - COMISIONES BANCARIAS;1
10846;287;5052;COMISIONES SGR;COMISIONES SGR;1
10847;287;5014;COMISIONES MERCADOLIBRE;COMISIONES MERCADO LIBRE;1
10848;261;5014;COMISIONES MERCADOLIBRE;COMISIONES MERCADO LIBRE;1
10849;288;4000;VENTAS;VENTAS;1
10850;288;5000;COMPRAS;COMPRAS;1
10851;288;5001;COMISION TARJETAS DE CREDITO;COMISION TARJETAS DE CREDITO;1
10852;288;5002;COMBUSTIBLES Y LUBRICANTES;COMBUSTIBLES Y LUBRICANTES;1
10853;288;5003;FLETES Y CORREO;FLETES Y CORREO;1
10854;288;5005;LIBRERIA Y PAPELERIA;LIBRERIA Y PAPELERIA;1
10855;288;5006;HONORARIOS PROFESIONALES;HONORARIOS PROFESIONALES;1
10856;288;5007;ALQUILERES PAGADOS;ALQUILERES PAGADOS;1
10857;288;5008;SEGUROS PAGADOS;SEGUROS PAGADOS;1
10858;288;5010;GASTOS GENERALES;GASTOS GENERALES;1
10859;288;5011;SERVICISO INFORMATICOS;SERVICIOS INFORMATICOS;1
10860;288;5012;CANON;CANON;1
10861;288;5013;SERVICIOS JURIDICOS;SERVICIOS JURIDICOS;1
10862;288;5030;BANCO NACION - INTERES POR DESCUBIERTO;BANCO NACION - INTERES POR DESCUBIERTO;1
10863;288;5009;INTERESES BANCARIOS;INTERESES BANCARIOS;1
10864;288;5031;BANCO NACION - GASTOS DE MANTENIMIENTO DE CUENTA;BANCO NACION - GASTOS DE MANTENIMIENTO DE CUENTA;1
10865;288;5032;BANCO NACION - INTERESES POR PRESTAMOS;BANCO NACION - INTERESES POR PRESTAMOS;1
10866;288;5033;BANCO SANTANDER - INTERES POR DESCUBIERTO;BANCO SANTANDER - INTERES POR DESCUBIERTO;1
10867;288;5036;BANCO GALICIA - INTERES POR DESCUBIERTO;BANCO GALICIA - INTERES POR DESCUBIERTO;1
10868;288;5039;BBVA FRANCES - INTERES POR DESCUBIERTO;BBVA FRANCES - INTERES POR DESCUBIERTO;1
10869;288;5042;BANCO CREDICOOP - INTERES POR DESCUBIERTO;BANCO CREDICOOP - INTERES POR DESCUBIERTO;1
10870;288;5045;BANCO HSBC - INTERES POR DESCUBIERTO;BANCO HSBC - INTERES POR DESCUBIERTO;1
10871;288;5048;BANCO PATAGONIA - INTERES POR DESCUBIERTO;BANCO PATAGONIA - INTERES POR DESCUBIERTO;1
10872;288;5034;BANCO SANTANDER - GASTOS DE MANTENIMIENTO DE CUENTA;BANCO SANTANDER - GASTOS DE MANTENIMIENTO DE CUENTA;1
10873;288;5037;BANCO GALICIA - GASTOS DE MANTENIMIENTO DE CUENTA;BANCO GALICIA - GASTOS DE MANTENIMIENTO DE CUENTA;1
10874;288;5043;BANCO CREDICOOP - GASTOS DE MANTENIMIENTO DE CUENTA;BANCO CREDICOOP - GASTOS DE MANTENIMIENTO DE CUENTA;1
10875;288;5046;BANCO HSBC - GASTOS DE MANTENIMIENTO DE CUENTA;BANCO HSBC - GASTOS DE MANTENIMIENTO DE CUENTA;1
10876;288;5049;BANCO PATAGONIA - GASTOS DE MANTENIMIENTO DE CUENTA;BANCO PATAGONIA - GASTOS DE MANTENIMIENTO DE CUENTA;1
10877;288;5035;BANCO SANTANDER - INTERESES POR PRESTAMOS;BANCO SANTANDER - INTERESES POR PRESTAMOS;1
10878;288;5038;BANCO GALICIA - INTERESES POR PRESTAMOS;BANCO GALICIA - INTERESES POR PRESTAMOS;1
10879;288;5041;BBVA FRANCES - INTERESES POR PRESTAMOS;BBVA FRANCES - INTERESES POR PRESTAMOS;1
10880;288;5044;BANCO CREDICOOP- INTERESES POR PRESTAMOS;BANCO CREDICOOP- INTERESES POR PRESTAMOS;1
10881;288;5047;BANCO HSBC - INTERESES POR PRESTAMOS;BANCO HSBC - INTERESES POR PRESTAMOS;1
10882;288;5050;BANCO PATAGONIA- INTERESES POR PRESTAMOS;BANCO PATAGONIA- INTERESES POR PRESTAMOS;1
10883;288;1050;RODADOS - BIENES DE USO;RODADOS - BIENES DE USO;1
10884;288;1051;MUEBLES Y UTILES - BIENES DE USO;MUEBLES Y UTILES - BIENES DE USO;1
10885;288;1052;MAQUINARIA - BIENES DE USO;MAQUINARIA - BIENES DE USO;1
10886;288;1053;INMUEBLES - BIENES DE USO;INMUEBLES - BIENES DE USO;1
10887;288;5020;RODADOS - GASTOS DE MANTENIMIENTO;RODADOS - GASTOS DE MANTENIMIENTO;1
10888;288;5021;MUEBLES Y UTILES - GASTOS DE MANTENIMIENTO;MUEBLES Y UTILES - GASTOS DE MANTENIMIENTO;1
10889;288;5022;MAQUINARIA - GASTOS DE MANTENIMIENTO;MAQUINARIA - GASTOS DE MANTENIMIENTO;1
10890;288;5023;INMUEBLES - GASTOS DE MANTENIMIENTO;INMUEBLES - GASTOS DE MANTENIMIENTO;1
10891;288;5024;COMPRA DE BIENES USADOS A CF;COMPRA DE BIENES USADOS A CF;1
10892;288;1059;INSTALACIONES - BIENES DE USO;INSTALACIONES - BIENES DE USO;1
10893;288;5025;INSTALACIONES - GASTOS DE MANTENIMIENTO;INSTALACIONES - GASTOS DE MANTENIMIENTO;1
10894;288;5004;SERVICIOS Y TASAS;SERVICIOS Y TASAS;1
10895;288;5051;BANCO HIPOTECARIO - COMISIONES CUENTA;BANCO HIPOTECARIO - COMISIONES CUENTA;1
10896;288;5040;BBVA FRANCES - COMISIONES BANCARIAS;BBVA FRANCES - COMISIONES BANCARIAS;1
10897;288;5052;COMISIONES SGR;COMISIONES SGR;1
10898;288;5014;COMISIONES MERCADOLIBRE;COMISIONES MERCADO LIBRE;1
10899;25;5052;BANCO MACRO - INTERES POR DESCUBIERTO;BANCO MACRO - INTERES POR DESCUBIERTO;1
10900;25;5053;BANCO MACRO - GASTOS DE MANTENIMIENTO DE CUENTA;BANCO MACRO - GASTOS DE MANTENIMIENTO DE CUENTA;1
10901;25;5054;BANCO MACRO - INTERESES POR PRESTAMOS;BANCO MACRO - INTERESES POR PRESTAMOS;1
10902;32;5054;Banco Macro - Intereses por prestamos;BANCO MACRO - INTERESES POR PRESTAMOS;1
10903;293;4000;VENTAS;VENTAS;1
10904;293;5000;COMPRAS;COMPRAS;1
10905;293;5001;COMISION TARJETAS DE CREDITO;COMISION TARJETAS DE CREDITO;1
10906;293;5002;COMBUSTIBLES Y LUBRICANTES;COMBUSTIBLES Y LUBRICANTES;1
10907;293;5003;FLETES Y CORREO;FLETES Y CORREO;1
10908;293;5005;LIBRERIA Y PAPELERIA;LIBRERIA Y PAPELERIA;1
10909;293;5006;HONORARIOS PROFESIONALES;HONORARIOS PROFESIONALES;1
10910;293;5007;ALQUILERES PAGADOS;ALQUILERES PAGADOS;1
10911;293;5008;SEGUROS PAGADOS;SEGUROS PAGADOS;1
10912;293;5010;GASTOS GENERALES;GASTOS GENERALES;1
10913;293;5011;SERVICISO INFORMATICOS;SERVICIOS INFORMATICOS;1
10914;293;5012;CANON;CANON;1
10915;293;5013;SERVICIOS JURIDICOS;SERVICIOS JURIDICOS;1
10916;293;5030;BANCO NACION - INTERES POR DESCUBIERTO;BANCO NACION - INTERES POR DESCUBIERTO;1
10917;293;5009;INTERESES BANCARIOS;INTERESES BANCARIOS;1
10918;293;5031;BANCO NACION - GASTOS DE MANTENIMIENTO DE CUENTA;BANCO NACION - GASTOS DE MANTENIMIENTO DE CUENTA;1
10919;293;5032;BANCO NACION - INTERESES POR PRESTAMOS;BANCO NACION - INTERESES POR PRESTAMOS;1
10920;293;5033;BANCO SANTANDER - INTERES POR DESCUBIERTO;BANCO SANTANDER - INTERES POR DESCUBIERTO;1
10921;293;5036;BANCO GALICIA - INTERES POR DESCUBIERTO;BANCO GALICIA - INTERES POR DESCUBIERTO;1
10922;293;5039;BBVA FRANCES - INTERES POR DESCUBIERTO;BBVA FRANCES - INTERES POR DESCUBIERTO;1
10923;293;5042;BANCO CREDICOOP - INTERES POR DESCUBIERTO;BANCO CREDICOOP - INTERES POR DESCUBIERTO;1
10924;293;5045;BANCO HSBC - INTERES POR DESCUBIERTO;BANCO HSBC - INTERES POR DESCUBIERTO;1
10925;293;5048;BANCO PATAGONIA - INTERES POR DESCUBIERTO;BANCO PATAGONIA - INTERES POR DESCUBIERTO;1
10926;293;5034;BANCO SANTANDER - GASTOS DE MANTENIMIENTO DE CUENTA;BANCO SANTANDER - GASTOS DE MANTENIMIENTO DE CUENTA;1
10927;293;5037;BANCO GALICIA - GASTOS DE MANTENIMIENTO DE CUENTA;BANCO GALICIA - GASTOS DE MANTENIMIENTO DE CUENTA;1
10928;293;5043;BANCO CREDICOOP - GASTOS DE MANTENIMIENTO DE CUENTA;BANCO CREDICOOP - GASTOS DE MANTENIMIENTO DE CUENTA;1
10929;293;5046;BANCO HSBC - GASTOS DE MANTENIMIENTO DE CUENTA;BANCO HSBC - GASTOS DE MANTENIMIENTO DE CUENTA;1
10930;293;5049;BANCO PATAGONIA - GASTOS DE MANTENIMIENTO DE CUENTA;BANCO PATAGONIA - GASTOS DE MANTENIMIENTO DE CUENTA;1
10931;293;5035;BANCO SANTANDER - INTERESES POR PRESTAMOS;BANCO SANTANDER - INTERESES POR PRESTAMOS;1
10932;293;5038;BANCO GALICIA - INTERESES POR PRESTAMOS;BANCO GALICIA - INTERESES POR PRESTAMOS;1
10933;293;5041;BBVA FRANCES - INTERESES POR PRESTAMOS;BBVA FRANCES - INTERESES POR PRESTAMOS;1
10934;293;5044;BANCO CREDICOOP- INTERESES POR PRESTAMOS;BANCO CREDICOOP- INTERESES POR PRESTAMOS;1
10935;293;5047;BANCO HSBC - INTERESES POR PRESTAMOS;BANCO HSBC - INTERESES POR PRESTAMOS;1
10936;293;5050;BANCO PATAGONIA- INTERESES POR PRESTAMOS;BANCO PATAGONIA- INTERESES POR PRESTAMOS;1
10937;293;1050;RODADOS - BIENES DE USO;RODADOS - BIENES DE USO;1
10938;293;1051;MUEBLES Y UTILES - BIENES DE USO;MUEBLES Y UTILES - BIENES DE USO;1
10939;293;1052;MAQUINARIA - BIENES DE USO;MAQUINARIA - BIENES DE USO;1
10940;293;1053;INMUEBLES - BIENES DE USO;INMUEBLES - BIENES DE USO;1
10941;293;5020;RODADOS - GASTOS DE MANTENIMIENTO;RODADOS - GASTOS DE MANTENIMIENTO;1
10942;293;5021;MUEBLES Y UTILES - GASTOS DE MANTENIMIENTO;MUEBLES Y UTILES - GASTOS DE MANTENIMIENTO;1
10943;293;5022;MAQUINARIA - GASTOS DE MANTENIMIENTO;MAQUINARIA - GASTOS DE MANTENIMIENTO;1
10944;293;5023;INMUEBLES - GASTOS DE MANTENIMIENTO;INMUEBLES - GASTOS DE MANTENIMIENTO;1
10945;293;5024;COMPRA DE BIENES USADOS A CF;COMPRA DE BIENES USADOS A CF;1
10946;293;1059;INSTALACIONES - BIENES DE USO;INSTALACIONES - BIENES DE USO;1
10947;293;5025;INSTALACIONES - GASTOS DE MANTENIMIENTO;INSTALACIONES - GASTOS DE MANTENIMIENTO;1
10948;293;5004;SERVICIOS Y TASAS;SERVICIOS Y TASAS;1
10949;293;5051;BANCO HIPOTECARIO - COMISIONES CUENTA;BANCO HIPOTECARIO - COMISIONES CUENTA;1
10950;293;5040;BBVA FRANCES - COMISIONES BANCARIAS;BBVA FRANCES - COMISIONES BANCARIAS;1
10951;293;5052;Comisiones SGR;COMISIONES SGR;1
10952;294;4000;VENTAS;VENTAS;1
10953;294;5000;COMPRAS;COMPRAS;1
10954;294;5001;COMISION TARJETAS DE CREDITO;COMISION TARJETAS DE CREDITO;1
10955;294;5002;COMBUSTIBLES Y LUBRICANTES;COMBUSTIBLES Y LUBRICANTES;1
10956;294;5003;FLETES Y CORREO;FLETES Y CORREO;1
10957;294;5005;LIBRERIA Y PAPELERIA;LIBRERIA Y PAPELERIA;1
10958;294;5006;HONORARIOS PROFESIONALES;HONORARIOS PROFESIONALES;1
10959;294;5007;ALQUILERES PAGADOS;ALQUILERES PAGADOS;1
10960;294;5008;SEGUROS PAGADOS;SEGUROS PAGADOS;1
10961;294;5010;GASTOS GENERALES;GASTOS GENERALES;1
10962;294;5011;SERVICISO INFORMATICOS;SERVICIOS INFORMATICOS;1
10963;294;5012;CANON;CANON;1
10964;294;5013;SERVICIOS JURIDICOS;SERVICIOS JURIDICOS;1
10965;294;5030;BANCO NACION - INTERES POR DESCUBIERTO;BANCO NACION - INTERES POR DESCUBIERTO;1
10966;294;5009;INTERESES BANCARIOS;INTERESES BANCARIOS;1
10967;294;5031;BANCO NACION - GASTOS DE MANTENIMIENTO DE CUENTA;BANCO NACION - GASTOS DE MANTENIMIENTO DE CUENTA;1
10968;294;5032;BANCO NACION - INTERESES POR PRESTAMOS;BANCO NACION - INTERESES POR PRESTAMOS;1
10969;294;5033;BANCO SANTANDER - INTERES POR DESCUBIERTO;BANCO SANTANDER - INTERES POR DESCUBIERTO;1
10970;294;5036;BANCO GALICIA - INTERES POR DESCUBIERTO;BANCO GALICIA - INTERES POR DESCUBIERTO;1
10971;294;5039;BBVA FRANCES - INTERES POR DESCUBIERTO;BBVA FRANCES - INTERES POR DESCUBIERTO;1
10972;294;5042;BANCO CREDICOOP - INTERES POR DESCUBIERTO;BANCO CREDICOOP - INTERES POR DESCUBIERTO;1
10973;294;5045;BANCO HSBC - INTERES POR DESCUBIERTO;BANCO HSBC - INTERES POR DESCUBIERTO;1
10974;294;5048;BANCO PATAGONIA - INTERES POR DESCUBIERTO;BANCO PATAGONIA - INTERES POR DESCUBIERTO;1
10975;294;5034;BANCO SANTANDER - GASTOS DE MANTENIMIENTO DE CUENTA;BANCO SANTANDER - GASTOS DE MANTENIMIENTO DE CUENTA;1
10976;294;5037;BANCO GALICIA - GASTOS DE MANTENIMIENTO DE CUENTA;BANCO GALICIA - GASTOS DE MANTENIMIENTO DE CUENTA;1
10977;294;5043;BANCO CREDICOOP - GASTOS DE MANTENIMIENTO DE CUENTA;BANCO CREDICOOP - GASTOS DE MANTENIMIENTO DE CUENTA;1
10978;294;5046;BANCO HSBC - GASTOS DE MANTENIMIENTO DE CUENTA;BANCO HSBC - GASTOS DE MANTENIMIENTO DE CUENTA;1
10979;294;5049;BANCO PATAGONIA - GASTOS DE MANTENIMIENTO DE CUENTA;BANCO PATAGONIA - GASTOS DE MANTENIMIENTO DE CUENTA;1
10980;294;5035;BANCO SANTANDER - INTERESES POR PRESTAMOS;BANCO SANTANDER - INTERESES POR PRESTAMOS;1
10981;294;5038;BANCO GALICIA - INTERESES POR PRESTAMOS;BANCO GALICIA - INTERESES POR PRESTAMOS;1
10982;294;5041;BBVA FRANCES - INTERESES POR PRESTAMOS;BBVA FRANCES - INTERESES POR PRESTAMOS;1
10983;294;5044;BANCO CREDICOOP- INTERESES POR PRESTAMOS;BANCO CREDICOOP- INTERESES POR PRESTAMOS;1
10984;294;5047;BANCO HSBC - INTERESES POR PRESTAMOS;BANCO HSBC - INTERESES POR PRESTAMOS;1
10985;294;5050;BANCO PATAGONIA- INTERESES POR PRESTAMOS;BANCO PATAGONIA- INTERESES POR PRESTAMOS;1
10986;294;1050;RODADOS - BIENES DE USO;RODADOS - BIENES DE USO;1
10987;294;1051;MUEBLES Y UTILES - BIENES DE USO;MUEBLES Y UTILES - BIENES DE USO;1
10988;294;1052;MAQUINARIA - BIENES DE USO;MAQUINARIA - BIENES DE USO;1
10989;294;1053;INMUEBLES - BIENES DE USO;INMUEBLES - BIENES DE USO;1
10990;294;5020;RODADOS - GASTOS DE MANTENIMIENTO;RODADOS - GASTOS DE MANTENIMIENTO;1
10991;294;5021;MUEBLES Y UTILES - GASTOS DE MANTENIMIENTO;MUEBLES Y UTILES - GASTOS DE MANTENIMIENTO;1
10992;294;5022;MAQUINARIA - GASTOS DE MANTENIMIENTO;MAQUINARIA - GASTOS DE MANTENIMIENTO;1
10993;294;5023;INMUEBLES - GASTOS DE MANTENIMIENTO;INMUEBLES - GASTOS DE MANTENIMIENTO;1
10994;294;5024;COMPRA DE BIENES USADOS A CF;COMPRA DE BIENES USADOS A CF;1
10995;294;1059;INSTALACIONES - BIENES DE USO;INSTALACIONES - BIENES DE USO;1
10996;294;5025;INSTALACIONES - GASTOS DE MANTENIMIENTO;INSTALACIONES - GASTOS DE MANTENIMIENTO;1
10997;294;5004;SERVICIOS Y TASAS;SERVICIOS Y TASAS;1
10998;294;5051;BANCO HIPOTECARIO - COMISIONES CUENTA;BANCO HIPOTECARIO - COMISIONES CUENTA;1
10999;294;5040;BBVA FRANCES - COMISIONES BANCARIAS;BBVA FRANCES - COMISIONES BANCARIAS;1
11000;294;5052;COMISIONES SGR;COMISIONES SGR;1
11001;294;5014;COMISIONES MERCADOLIBRE;COMISIONES MERCADO LIBRE;1
11002;286;5054;BANCO MACRO - INTERESES POR PRESTAMOS;BANCO MACRO - INTERESES POR PRESTAMOS;1
11003;132;5014;COMISIONES MERCADO LIBRE;COMISIONES MERCADO LIBRE;1
11004;34;5053;BANCO MACRO - INTERESES PRESTAMOS;BANCO MACRO - INTERESES PRESTAMOS;1
11005;296;4000;VENTAS;VENTAS;1
11006;296;5000;COMPRAS;COMPRAS;1
11007;296;5001;COMISION TARJETAS DE CREDITO;COMISION TARJETAS DE CREDITO;1
11008;296;5002;COMBUSTIBLES Y LUBRICANTES;COMBUSTIBLES Y LUBRICANTES;1
11009;296;5003;FLETES Y CORREO;FLETES Y CORREO;1
11010;296;5005;LIBRERIA Y PAPELERIA;LIBRERIA Y PAPELERIA;1
11011;296;5006;HONORARIOS PROFESIONALES;HONORARIOS PROFESIONALES;1
11012;296;5007;ALQUILERES PAGADOS;ALQUILERES PAGADOS;1
11013;296;5008;SEGUROS PAGADOS;SEGUROS PAGADOS;1
11014;296;5010;GASTOS GENERALES;GASTOS GENERALES;1
11015;296;5011;SERVICISO INFORMATICOS;SERVICIOS INFORMATICOS;1
11016;296;5012;CANON;CANON;1
11017;296;5013;SERVICIOS JURIDICOS;SERVICIOS JURIDICOS;1
11018;296;5030;BANCO NACION - INTERES POR DESCUBIERTO;BANCO NACION - INTERES POR DESCUBIERTO;1
11019;296;5009;INTERESES BANCARIOS;INTERESES BANCARIOS;1
11020;296;5031;BANCO NACION - GASTOS DE MANTENIMIENTO DE CUENTA;BANCO NACION - GASTOS DE MANTENIMIENTO DE CUENTA;1
11021;296;5032;BANCO NACION - INTERESES POR PRESTAMOS;BANCO NACION - INTERESES POR PRESTAMOS;1
11022;296;5033;BANCO SANTANDER - INTERES POR DESCUBIERTO;BANCO SANTANDER - INTERES POR DESCUBIERTO;1
11023;296;5036;BANCO GALICIA - INTERES POR DESCUBIERTO;BANCO GALICIA - INTERES POR DESCUBIERTO;1
11024;296;5039;BBVA FRANCES - INTERES POR DESCUBIERTO;BBVA FRANCES - INTERES POR DESCUBIERTO;1
11025;296;5042;BANCO CREDICOOP - INTERES POR DESCUBIERTO;BANCO CREDICOOP - INTERES POR DESCUBIERTO;1
11026;296;5045;BANCO HSBC - INTERES POR DESCUBIERTO;BANCO HSBC - INTERES POR DESCUBIERTO;1
11027;296;5048;BANCO PATAGONIA - INTERES POR DESCUBIERTO;BANCO PATAGONIA - INTERES POR DESCUBIERTO;1
11028;296;5034;BANCO SANTANDER - GASTOS DE MANTENIMIENTO DE CUENTA;BANCO SANTANDER - GASTOS DE MANTENIMIENTO DE CUENTA;1
11029;296;5037;BANCO GALICIA - GASTOS DE MANTENIMIENTO DE CUENTA;BANCO GALICIA - GASTOS DE MANTENIMIENTO DE CUENTA;1
11030;296;5043;BANCO CREDICOOP - GASTOS DE MANTENIMIENTO DE CUENTA;BANCO CREDICOOP - GASTOS DE MANTENIMIENTO DE CUENTA;1
11031;296;5046;BANCO HSBC - GASTOS DE MANTENIMIENTO DE CUENTA;BANCO HSBC - GASTOS DE MANTENIMIENTO DE CUENTA;1
11032;296;5049;BANCO PATAGONIA - GASTOS DE MANTENIMIENTO DE CUENTA;BANCO PATAGONIA - GASTOS DE MANTENIMIENTO DE CUENTA;1
11033;296;5035;BANCO SANTANDER - INTERESES POR PRESTAMOS;BANCO SANTANDER - INTERESES POR PRESTAMOS;1
11034;296;5038;BANCO GALICIA - INTERESES POR PRESTAMOS;BANCO GALICIA - INTERESES POR PRESTAMOS;1
11035;296;5041;BBVA FRANCES - INTERESES POR PRESTAMOS;BBVA FRANCES - INTERESES POR PRESTAMOS;1
11036;296;5044;BANCO CREDICOOP- INTERESES POR PRESTAMOS;BANCO CREDICOOP- INTERESES POR PRESTAMOS;1
11037;296;5047;BANCO HSBC - INTERESES POR PRESTAMOS;BANCO HSBC - INTERESES POR PRESTAMOS;1
11038;296;5050;BANCO PATAGONIA- INTERESES POR PRESTAMOS;BANCO PATAGONIA- INTERESES POR PRESTAMOS;1
11039;296;1050;RODADOS - BIENES DE USO;RODADOS - BIENES DE USO;1
11040;296;1051;MUEBLES Y UTILES - BIENES DE USO;MUEBLES Y UTILES - BIENES DE USO;1
11041;296;1052;MAQUINARIA - BIENES DE USO;MAQUINARIA - BIENES DE USO;1
11042;296;1053;INMUEBLES - BIENES DE USO;INMUEBLES - BIENES DE USO;1
11043;296;5020;RODADOS - GASTOS DE MANTENIMIENTO;RODADOS - GASTOS DE MANTENIMIENTO;1
11044;296;5021;MUEBLES Y UTILES - GASTOS DE MANTENIMIENTO;MUEBLES Y UTILES - GASTOS DE MANTENIMIENTO;1
11045;296;5022;MAQUINARIA - GASTOS DE MANTENIMIENTO;MAQUINARIA - GASTOS DE MANTENIMIENTO;1
11046;296;5023;INMUEBLES - GASTOS DE MANTENIMIENTO;INMUEBLES - GASTOS DE MANTENIMIENTO;1
11047;296;5024;COMPRA DE BIENES USADOS A CF;COMPRA DE BIENES USADOS A CF;1
11048;296;1059;INSTALACIONES - BIENES DE USO;INSTALACIONES - BIENES DE USO;1
11049;296;5025;INSTALACIONES - GASTOS DE MANTENIMIENTO;INSTALACIONES - GASTOS DE MANTENIMIENTO;1
11050;296;9999;OTROS;OTROS;1
11051;296;5014;comisiones mercado libre;COMISIONES MERCADO LIBRE;1
11052;296;5004;SERVICIOS Y TASAS;SERVICIOS Y TASAS;1
11053;28;5051;BANCO MACRO - INTERESES POR DESCUBIERTO;BANCO MACRO - INTERESES POR DESCUBIERTO;1
11054;28;5052;BANCO MACRO - GASTOS DE MANTENIMIENTO DE CUENTA;BANCO MACRO - GASTOS DE MANTENIMIENTO DE CUENTA;1
11055;28;5053;BANCO MACRO - INTERESES POR PRESTAMOS;BANCO MACRO - INTERESES POR PRESTAMOS;1
11056;297;4000;VENTAS;VENTAS;1
11057;297;5000;COMPRAS;COMPRAS;1
11058;297;5001;COMISION TARJETAS DE CREDITO;COMISION TARJETAS DE CREDITO;1
11059;297;5002;COMBUSTIBLES Y LUBRICANTES;COMBUSTIBLES Y LUBRICANTES;1
11060;297;5003;FLETES Y CORREO;FLETES Y CORREO;1
11061;297;5005;LIBRERIA Y PAPELERIA;LIBRERIA Y PAPELERIA;1
11062;297;5006;HONORARIOS PROFESIONALES;HONORARIOS PROFESIONALES;1
11063;297;5007;ALQUILERES PAGADOS;ALQUILERES PAGADOS;1
11064;297;5008;SEGUROS PAGADOS;SEGUROS PAGADOS;1
11065;297;5010;GASTOS GENERALES;GASTOS GENERALES;1
11066;297;5011;SERVICISO INFORMATICOS;SERVICIOS INFORMATICOS;1
11067;297;5012;CANON;CANON;1
11068;297;5013;SERVICIOS JURIDICOS;SERVICIOS JURIDICOS;1
11069;297;5030;BANCO NACION - INTERES POR DESCUBIERTO;BANCO NACION - INTERES POR DESCUBIERTO;1
11070;297;5009;INTERESES BANCARIOS;INTERESES BANCARIOS;1
11071;297;5031;BANCO NACION - GASTOS DE MANTENIMIENTO DE CUENTA;BANCO NACION - GASTOS DE MANTENIMIENTO DE CUENTA;1
11072;297;5032;BANCO NACION - INTERESES POR PRESTAMOS;BANCO NACION - INTERESES POR PRESTAMOS;1
11073;297;5033;BANCO SANTANDER - INTERES POR DESCUBIERTO;BANCO SANTANDER - INTERES POR DESCUBIERTO;1
11074;297;5036;BANCO GALICIA - INTERES POR DESCUBIERTO;BANCO GALICIA - INTERES POR DESCUBIERTO;1
11075;297;5039;BBVA FRANCES - INTERES POR DESCUBIERTO;BBVA FRANCES - INTERES POR DESCUBIERTO;1
11076;297;5042;BANCO CREDICOOP - INTERES POR DESCUBIERTO;BANCO CREDICOOP - INTERES POR DESCUBIERTO;1
11077;297;5045;BANCO HSBC - INTERES POR DESCUBIERTO;BANCO HSBC - INTERES POR DESCUBIERTO;1
11078;297;5048;BANCO PATAGONIA - INTERES POR DESCUBIERTO;BANCO PATAGONIA - INTERES POR DESCUBIERTO;1
11079;297;5034;BANCO SANTANDER - GASTOS DE MANTENIMIENTO DE CUENTA;BANCO SANTANDER - GASTOS DE MANTENIMIENTO DE CUENTA;1
11080;297;5037;BANCO GALICIA - GASTOS DE MANTENIMIENTO DE CUENTA;BANCO GALICIA - GASTOS DE MANTENIMIENTO DE CUENTA;1
11081;297;5043;BANCO CREDICOOP - GASTOS DE MANTENIMIENTO DE CUENTA;BANCO CREDICOOP - GASTOS DE MANTENIMIENTO DE CUENTA;1
11082;297;5046;BANCO HSBC - GASTOS DE MANTENIMIENTO DE CUENTA;BANCO HSBC - GASTOS DE MANTENIMIENTO DE CUENTA;1
11083;297;5049;BANCO PATAGONIA - GASTOS DE MANTENIMIENTO DE CUENTA;BANCO PATAGONIA - GASTOS DE MANTENIMIENTO DE CUENTA;1
11084;297;5035;BANCO SANTANDER - INTERESES POR PRESTAMOS;BANCO SANTANDER - INTERESES POR PRESTAMOS;1
11085;297;5038;BANCO GALICIA - INTERESES POR PRESTAMOS;BANCO GALICIA - INTERESES POR PRESTAMOS;1
11086;297;5041;BBVA FRANCES - INTERESES POR PRESTAMOS;BBVA FRANCES - INTERESES POR PRESTAMOS;1
11087;297;5044;BANCO CREDICOOP- INTERESES POR PRESTAMOS;BANCO CREDICOOP- INTERESES POR PRESTAMOS;1
11088;297;5047;BANCO HSBC - INTERESES POR PRESTAMOS;BANCO HSBC - INTERESES POR PRESTAMOS;1
11089;297;5050;BANCO PATAGONIA- INTERESES POR PRESTAMOS;BANCO PATAGONIA- INTERESES POR PRESTAMOS;1
11090;297;1050;RODADOS - BIENES DE USO;RODADOS - BIENES DE USO;1
11091;297;1051;MUEBLES Y UTILES - BIENES DE USO;MUEBLES Y UTILES - BIENES DE USO;1
11092;297;1052;MAQUINARIA - BIENES DE USO;MAQUINARIA - BIENES DE USO;1
11093;297;1053;INMUEBLES - BIENES DE USO;INMUEBLES - BIENES DE USO;1
11094;297;5020;RODADOS - GASTOS DE MANTENIMIENTO;RODADOS - GASTOS DE MANTENIMIENTO;1
11095;297;5021;MUEBLES Y UTILES - GASTOS DE MANTENIMIENTO;MUEBLES Y UTILES - GASTOS DE MANTENIMIENTO;1
11096;297;5022;MAQUINARIA - GASTOS DE MANTENIMIENTO;MAQUINARIA - GASTOS DE MANTENIMIENTO;1
11097;297;5023;INMUEBLES - GASTOS DE MANTENIMIENTO;INMUEBLES - GASTOS DE MANTENIMIENTO;1
11098;297;5024;COMPRA DE BIENES USADOS A CF;COMPRA DE BIENES USADOS A CF;1
11099;297;1059;INSTALACIONES - BIENES DE USO;INSTALACIONES - BIENES DE USO;1
11100;297;5025;INSTALACIONES - GASTOS DE MANTENIMIENTO;INSTALACIONES - GASTOS DE MANTENIMIENTO;1
11101;297;5004;SERVICIOS Y TASAS;SERVICIOS Y TASAS;1
11102;297;5051;BANCO HIPOTECARIO - COMISIONES CUENTA;BANCO HIPOTECARIO - COMISIONES CUENTA;1
11103;297;5040;BBVA FRANCES - COMISIONES BANCARIAS;BBVA FRANCES - COMISIONES BANCARIAS;1
11104;297;5052;COMISIONES SGR;COMISIONES SGR;1
11105;297;5014;COMISIONES MERCADOLIBRE;COMISIONES MERCADO LIBRE;1
11106;229;5032;BANCO NACION - INTERESES POR PRESTAMOS;BANCO NACION - INTERESES POR PRESTAMOS;1
11107;34;5054;BANCO MACRO - INTERESES POR DESCUBIERTO;BANCO MACRO - INTERESES POR DESCUBIERTO;1
11108;300;4000;VENTAS;VENTAS;1
11109;300;5000;COMPRAS;COMPRAS;1
11110;300;5001;COMISION TARJETAS DE CREDITO;COMISION TARJETAS DE CREDITO;1
11111;300;5002;COMBUSTIBLES Y LUBRICANTES;COMBUSTIBLES Y LUBRICANTES;1
11112;300;5003;FLETES Y CORREO;FLETES Y CORREO;1
11113;300;5005;LIBRERIA Y PAPELERIA;LIBRERIA Y PAPELERIA;1
11114;300;5006;HONORARIOS PROFESIONALES;HONORARIOS PROFESIONALES;1
11115;300;5007;ALQUILERES PAGADOS;ALQUILERES PAGADOS;1
11116;300;5008;SEGUROS PAGADOS;SEGUROS PAGADOS;1
11117;300;5010;GASTOS GENERALES;GASTOS GENERALES;1
11118;300;5011;SERVICISO INFORMATICOS;SERVICIOS INFORMATICOS;1
11119;300;5012;CANON;CANON;1
11120;300;5013;SERVICIOS JURIDICOS;SERVICIOS JURIDICOS;1
11121;300;5030;BANCO NACION - INTERES POR DESCUBIERTO;BANCO NACION - INTERES POR DESCUBIERTO;1
11122;300;5009;INTERESES BANCARIOS;INTERESES BANCARIOS;1
11123;300;5031;BANCO NACION - GASTOS DE MANTENIMIENTO DE CUENTA;BANCO NACION - GASTOS DE MANTENIMIENTO DE CUENTA;1
11124;300;5032;BANCO NACION - INTERESES POR PRESTAMOS;BANCO NACION - INTERESES POR PRESTAMOS;1
11125;300;5033;BANCO SANTANDER - INTERES POR DESCUBIERTO;BANCO SANTANDER - INTERES POR DESCUBIERTO;1
11126;300;5036;BANCO GALICIA - INTERES POR DESCUBIERTO;BANCO GALICIA - INTERES POR DESCUBIERTO;1
11127;300;5039;BBVA FRANCES - INTERES POR DESCUBIERTO;BBVA FRANCES - INTERES POR DESCUBIERTO;1
11128;300;5042;BANCO CREDICOOP - INTERES POR DESCUBIERTO;BANCO CREDICOOP - INTERES POR DESCUBIERTO;1
11129;300;5045;BANCO HSBC - INTERES POR DESCUBIERTO;BANCO HSBC - INTERES POR DESCUBIERTO;1
11130;300;5048;BANCO PATAGONIA - INTERES POR DESCUBIERTO;BANCO PATAGONIA - INTERES POR DESCUBIERTO;1
11131;300;5034;BANCO SANTANDER - GASTOS DE MANTENIMIENTO DE CUENTA;BANCO SANTANDER - GASTOS DE MANTENIMIENTO DE CUENTA;1
11132;300;5037;BANCO GALICIA - GASTOS DE MANTENIMIENTO DE CUENTA;BANCO GALICIA - GASTOS DE MANTENIMIENTO DE CUENTA;1
11133;300;5043;BANCO CREDICOOP - GASTOS DE MANTENIMIENTO DE CUENTA;BANCO CREDICOOP - GASTOS DE MANTENIMIENTO DE CUENTA;1
11134;300;5046;BANCO HSBC - GASTOS DE MANTENIMIENTO DE CUENTA;BANCO HSBC - GASTOS DE MANTENIMIENTO DE CUENTA;1
11135;300;5049;BANCO PATAGONIA - GASTOS DE MANTENIMIENTO DE CUENTA;BANCO PATAGONIA - GASTOS DE MANTENIMIENTO DE CUENTA;1
11136;300;5035;BANCO SANTANDER - INTERESES POR PRESTAMOS;BANCO SANTANDER - INTERESES POR PRESTAMOS;1
11137;300;5038;BANCO GALICIA - INTERESES POR PRESTAMOS;BANCO GALICIA - INTERESES POR PRESTAMOS;1
11138;300;5041;BBVA FRANCES - INTERESES POR PRESTAMOS;BBVA FRANCES - INTERESES POR PRESTAMOS;1
11139;300;5044;BANCO CREDICOOP- INTERESES POR PRESTAMOS;BANCO CREDICOOP- INTERESES POR PRESTAMOS;1
11140;300;5047;BANCO HSBC - INTERESES POR PRESTAMOS;BANCO HSBC - INTERESES POR PRESTAMOS;1
11141;300;5050;BANCO PATAGONIA- INTERESES POR PRESTAMOS;BANCO PATAGONIA- INTERESES POR PRESTAMOS;1
11142;300;1050;RODADOS - BIENES DE USO;RODADOS - BIENES DE USO;1
11143;300;1051;MUEBLES Y UTILES - BIENES DE USO;MUEBLES Y UTILES - BIENES DE USO;1
11144;300;1052;MAQUINARIA - BIENES DE USO;MAQUINARIA - BIENES DE USO;1
11145;300;1053;INMUEBLES - BIENES DE USO;INMUEBLES - BIENES DE USO;1
11146;300;5020;RODADOS - GASTOS DE MANTENIMIENTO;RODADOS - GASTOS DE MANTENIMIENTO;1
11147;300;5021;MUEBLES Y UTILES - GASTOS DE MANTENIMIENTO;MUEBLES Y UTILES - GASTOS DE MANTENIMIENTO;1
11148;300;5022;MAQUINARIA - GASTOS DE MANTENIMIENTO;MAQUINARIA - GASTOS DE MANTENIMIENTO;1
11149;300;5023;INMUEBLES - GASTOS DE MANTENIMIENTO;INMUEBLES - GASTOS DE MANTENIMIENTO;1
11150;300;5024;COMPRA DE BIENES USADOS A CF;COMPRA DE BIENES USADOS A CF;1
11151;300;1059;INSTALACIONES - BIENES DE USO;INSTALACIONES - BIENES DE USO;1
11152;300;5025;INSTALACIONES - GASTOS DE MANTENIMIENTO;INSTALACIONES - GASTOS DE MANTENIMIENTO;1
11153;300;5004;SERVICIOS Y TASAS;SERVICIOS Y TASAS;1
11154;300;5051;BANCO HIPOTECARIO - COMISIONES CUENTA;BANCO HIPOTECARIO - COMISIONES CUENTA;1
11155;300;5040;BBVA FRANCES - COMISIONES BANCARIAS;BBVA FRANCES - COMISIONES BANCARIAS;1
11156;300;5052;COMISIONES SGR;COMISIONES SGR;1
11157;300;5014;COMISIONES MERCADOLIBRE;COMISIONES MERCADO LIBRE;1
11158;125;5014;COMISIONES MERCADO LIBRE;COMISIONES MERCADO LIBRE;1
11159;125;5020;RODADOS - GASTOS DE MANTENIMIENTO;RODADOS - GASTOS DE MANTENIMIENTO;1
11160;128;5014;COMISIONES MERCADO LIBRE;COMISIONES MERCADO LIBRE;1
11161;302;4000;VENTAS;VENTAS;1
11162;302;5000;COMPRAS;COMPRAS;1
11163;302;5001;COMISION TARJETAS DE CREDITO;COMISION TARJETAS DE CREDITO;1
11164;302;5002;COMBUSTIBLES Y LUBRICANTES;COMBUSTIBLES Y LUBRICANTES;1
11165;302;5003;FLETES Y CORREO;FLETES Y CORREO;1
11166;302;5005;LIBRERIA Y PAPELERIA;LIBRERIA Y PAPELERIA;1
11167;302;5006;HONORARIOS PROFESIONALES;HONORARIOS PROFESIONALES;1
11168;302;5007;ALQUILERES PAGADOS;ALQUILERES PAGADOS;1
11169;302;5008;SEGUROS PAGADOS;SEGUROS PAGADOS;1
11170;302;5010;GASTOS GENERALES;GASTOS GENERALES;1
11171;302;5011;SERVICISO INFORMATICOS;SERVICIOS INFORMATICOS;1
11172;302;5012;CANON;CANON;1
11173;302;5013;SERVICIOS JURIDICOS;SERVICIOS JURIDICOS;1
11174;302;5030;BANCO NACION - INTERES POR DESCUBIERTO;BANCO NACION - INTERES POR DESCUBIERTO;1
11175;302;5009;INTERESES BANCARIOS;INTERESES BANCARIOS;1
11176;302;5031;BANCO NACION - GASTOS DE MANTENIMIENTO DE CUENTA;BANCO NACION - GASTOS DE MANTENIMIENTO DE CUENTA;1
11177;302;5032;BANCO NACION - INTERESES POR PRESTAMOS;BANCO NACION - INTERESES POR PRESTAMOS;1
11178;302;5033;BANCO SANTANDER - INTERES POR DESCUBIERTO;BANCO SANTANDER - INTERES POR DESCUBIERTO;1
11179;302;5036;BANCO GALICIA - INTERES POR DESCUBIERTO;BANCO GALICIA - INTERES POR DESCUBIERTO;1
11180;302;5039;BBVA FRANCES - INTERES POR DESCUBIERTO;BBVA FRANCES - INTERES POR DESCUBIERTO;1
11181;302;5042;BANCO CREDICOOP - INTERES POR DESCUBIERTO;BANCO CREDICOOP - INTERES POR DESCUBIERTO;1
11182;302;5045;BANCO HSBC - INTERES POR DESCUBIERTO;BANCO HSBC - INTERES POR DESCUBIERTO;1
11183;302;5048;BANCO PATAGONIA - INTERES POR DESCUBIERTO;BANCO PATAGONIA - INTERES POR DESCUBIERTO;1
11184;302;5034;BANCO SANTANDER - GASTOS DE MANTENIMIENTO DE CUENTA;BANCO SANTANDER - GASTOS DE MANTENIMIENTO DE CUENTA;1
11185;302;5037;BANCO GALICIA - GASTOS DE MANTENIMIENTO DE CUENTA;BANCO GALICIA - GASTOS DE MANTENIMIENTO DE CUENTA;1
11186;302;5043;BANCO CREDICOOP - GASTOS DE MANTENIMIENTO DE CUENTA;BANCO CREDICOOP - GASTOS DE MANTENIMIENTO DE CUENTA;1
11187;302;5046;BANCO HSBC - GASTOS DE MANTENIMIENTO DE CUENTA;BANCO HSBC - GASTOS DE MANTENIMIENTO DE CUENTA;1
11188;302;5049;BANCO PATAGONIA - GASTOS DE MANTENIMIENTO DE CUENTA;BANCO PATAGONIA - GASTOS DE MANTENIMIENTO DE CUENTA;1
11189;302;5035;BANCO SANTANDER - INTERESES POR PRESTAMOS;BANCO SANTANDER - INTERESES POR PRESTAMOS;1
11190;302;5038;BANCO GALICIA - INTERESES POR PRESTAMOS;BANCO GALICIA - INTERESES POR PRESTAMOS;1
11191;302;5041;BBVA FRANCES - INTERESES POR PRESTAMOS;BBVA FRANCES - INTERESES POR PRESTAMOS;1
11192;302;5044;BANCO CREDICOOP- INTERESES POR PRESTAMOS;BANCO CREDICOOP- INTERESES POR PRESTAMOS;1
11193;302;5047;BANCO HSBC - INTERESES POR PRESTAMOS;BANCO HSBC - INTERESES POR PRESTAMOS;1
11194;302;5050;BANCO PATAGONIA- INTERESES POR PRESTAMOS;BANCO PATAGONIA- INTERESES POR PRESTAMOS;1
11195;302;1050;RODADOS - BIENES DE USO;RODADOS - BIENES DE USO;1
11196;302;1051;MUEBLES Y UTILES - BIENES DE USO;MUEBLES Y UTILES - BIENES DE USO;1
11197;302;1052;MAQUINARIA - BIENES DE USO;MAQUINARIA - BIENES DE USO;1
11198;302;1053;INMUEBLES - BIENES DE USO;INMUEBLES - BIENES DE USO;1
11199;302;5020;RODADOS - GASTOS DE MANTENIMIENTO;RODADOS - GASTOS DE MANTENIMIENTO;1
11200;302;5021;MUEBLES Y UTILES - GASTOS DE MANTENIMIENTO;MUEBLES Y UTILES - GASTOS DE MANTENIMIENTO;1
11201;302;5022;MAQUINARIA - GASTOS DE MANTENIMIENTO;MAQUINARIA - GASTOS DE MANTENIMIENTO;1
11202;302;5023;INMUEBLES - GASTOS DE MANTENIMIENTO;INMUEBLES - GASTOS DE MANTENIMIENTO;1
11203;302;5024;COMPRA DE BIENES USADOS A CF;COMPRA DE BIENES USADOS A CF;1
11204;302;1059;INSTALACIONES - BIENES DE USO;INSTALACIONES - BIENES DE USO;1
11205;302;5025;INSTALACIONES - GASTOS DE MANTENIMIENTO;INSTALACIONES - GASTOS DE MANTENIMIENTO;1
11206;302;9999;OTROS;OTROS;1
11207;302;5014;comisiones mercado libre;COMISIONES MERCADO LIBRE;1
11208;302;5004;SERVICIOS Y TASAS;SERVICIOS Y TASAS;1
11209;303;4000;VENTAS;VENTAS;1
11210;303;5000;COMPRAS;COMPRAS;1
11211;303;5001;COMISION TARJETAS DE CREDITO;COMISION TARJETAS DE CREDITO;1
11212;303;5002;COMBUSTIBLES Y LUBRICANTES;COMBUSTIBLES Y LUBRICANTES;1
11213;303;5003;FLETES Y CORREO;FLETES Y CORREO;1
11214;303;5005;LIBRERIA Y PAPELERIA;LIBRERIA Y PAPELERIA;1
11215;303;5006;HONORARIOS PROFESIONALES;HONORARIOS PROFESIONALES;1
11216;303;5007;ALQUILERES PAGADOS;ALQUILERES PAGADOS;1
11217;303;5008;SEGUROS PAGADOS;SEGUROS PAGADOS;1
11218;303;5010;GASTOS GENERALES;GASTOS GENERALES;1
11219;303;5011;SERVICISO INFORMATICOS;SERVICIOS INFORMATICOS;1
11220;303;5012;CANON;CANON;1
11221;303;5013;SERVICIOS JURIDICOS;SERVICIOS JURIDICOS;1
11222;303;5030;BANCO NACION - INTERES POR DESCUBIERTO;BANCO NACION - INTERES POR DESCUBIERTO;1
11223;303;5009;INTERESES BANCARIOS;INTERESES BANCARIOS;1
11224;303;5031;BANCO NACION - GASTOS DE MANTENIMIENTO DE CUENTA;BANCO NACION - GASTOS DE MANTENIMIENTO DE CUENTA;1
11225;303;5032;BANCO NACION - INTERESES POR PRESTAMOS;BANCO NACION - INTERESES POR PRESTAMOS;1
11226;303;5033;BANCO SANTANDER - INTERES POR DESCUBIERTO;BANCO SANTANDER - INTERES POR DESCUBIERTO;1
11227;303;5036;BANCO GALICIA - INTERES POR DESCUBIERTO;BANCO GALICIA - INTERES POR DESCUBIERTO;1
11228;303;5039;BBVA FRANCES - INTERES POR DESCUBIERTO;BBVA FRANCES - INTERES POR DESCUBIERTO;1
11229;303;5042;BANCO CREDICOOP - INTERES POR DESCUBIERTO;BANCO CREDICOOP - INTERES POR DESCUBIERTO;1
11230;303;5045;BANCO HSBC - INTERES POR DESCUBIERTO;BANCO HSBC - INTERES POR DESCUBIERTO;1
11231;303;5048;BANCO PATAGONIA - INTERES POR DESCUBIERTO;BANCO PATAGONIA - INTERES POR DESCUBIERTO;1
11232;303;5034;BANCO SANTANDER - GASTOS DE MANTENIMIENTO DE CUENTA;BANCO SANTANDER - GASTOS DE MANTENIMIENTO DE CUENTA;1
11233;303;5037;BANCO GALICIA - GASTOS DE MANTENIMIENTO DE CUENTA;BANCO GALICIA - GASTOS DE MANTENIMIENTO DE CUENTA;1
11234;303;5043;BANCO CREDICOOP - GASTOS DE MANTENIMIENTO DE CUENTA;BANCO CREDICOOP - GASTOS DE MANTENIMIENTO DE CUENTA;1
11235;303;5046;BANCO HSBC - GASTOS DE MANTENIMIENTO DE CUENTA;BANCO HSBC - GASTOS DE MANTENIMIENTO DE CUENTA;1
11236;303;5049;BANCO PATAGONIA - GASTOS DE MANTENIMIENTO DE CUENTA;BANCO PATAGONIA - GASTOS DE MANTENIMIENTO DE CUENTA;1
11237;303;5035;BANCO SANTANDER - INTERESES POR PRESTAMOS;BANCO SANTANDER - INTERESES POR PRESTAMOS;1
11238;303;5038;BANCO GALICIA - INTERESES POR PRESTAMOS;BANCO GALICIA - INTERESES POR PRESTAMOS;1
11239;303;5041;BBVA FRANCES - INTERESES POR PRESTAMOS;BBVA FRANCES - INTERESES POR PRESTAMOS;1
11240;303;5044;BANCO CREDICOOP- INTERESES POR PRESTAMOS;BANCO CREDICOOP- INTERESES POR PRESTAMOS;1
11241;303;5047;BANCO HSBC - INTERESES POR PRESTAMOS;BANCO HSBC - INTERESES POR PRESTAMOS;1
11242;303;5050;BANCO PATAGONIA- INTERESES POR PRESTAMOS;BANCO PATAGONIA- INTERESES POR PRESTAMOS;1
11243;303;1050;RODADOS - BIENES DE USO;RODADOS - BIENES DE USO;1
11244;303;1051;MUEBLES Y UTILES - BIENES DE USO;MUEBLES Y UTILES - BIENES DE USO;1
11245;303;1052;MAQUINARIA - BIENES DE USO;MAQUINARIA - BIENES DE USO;1
11246;303;1053;INMUEBLES - BIENES DE USO;INMUEBLES - BIENES DE USO;1
11247;303;5020;RODADOS - GASTOS DE MANTENIMIENTO;RODADOS - GASTOS DE MANTENIMIENTO;1
11248;303;5021;MUEBLES Y UTILES - GASTOS DE MANTENIMIENTO;MUEBLES Y UTILES - GASTOS DE MANTENIMIENTO;1
11249;303;5022;MAQUINARIA - GASTOS DE MANTENIMIENTO;MAQUINARIA - GASTOS DE MANTENIMIENTO;1
11250;303;5023;INMUEBLES - GASTOS DE MANTENIMIENTO;INMUEBLES - GASTOS DE MANTENIMIENTO;1
11251;303;5024;COMPRA DE BIENES USADOS A CF;COMPRA DE BIENES USADOS A CF;1
11252;303;1059;INSTALACIONES - BIENES DE USO;INSTALACIONES - BIENES DE USO;1
11253;303;5025;INSTALACIONES - GASTOS DE MANTENIMIENTO;INSTALACIONES - GASTOS DE MANTENIMIENTO;1
11254;303;5004;SERVICIOS Y TASAS;SERVICIOS Y TASAS;1
11255;303;5051;BANCO HIPOTECARIO - COMISIONES CUENTA;BANCO HIPOTECARIO - COMISIONES CUENTA;1
11256;303;5040;BBVA FRANCES - COMISIONES BANCARIAS;BBVA FRANCES - COMISIONES BANCARIAS;1
11257;303;5052;COMISIONES SGR;COMISIONES SGR;1
11258;303;5014;COMISIONES MERCADOLIBRE;COMISIONES MERCADO LIBRE;1
11259;127;5052;COMISIONES SGR;COMISIONES SGR;1
11260;243;5052;BANCO MACRO - INTERESES POR PORESTAMOS;BANCO MACRO - INTERESES POR PORESTAMOS;1
11261;305;4000;VENTAS;VENTAS;1
11262;305;5000;COMPRAS;COMPRAS;1
11263;305;5001;COMISION TARJETAS DE CREDITO;COMISION TARJETAS DE CREDITO;1
11264;305;5002;COMBUSTIBLES Y LUBRICANTES;COMBUSTIBLES Y LUBRICANTES;1
11265;305;5003;FLETES Y CORREO;FLETES Y CORREO;1
11266;305;5005;LIBRERIA Y PAPELERIA;LIBRERIA Y PAPELERIA;1
11267;305;5006;HONORARIOS PROFESIONALES;HONORARIOS PROFESIONALES;1
11268;305;5007;ALQUILERES PAGADOS;ALQUILERES PAGADOS;1
11269;305;5008;SEGUROS PAGADOS;SEGUROS PAGADOS;1
11270;305;5010;GASTOS GENERALES;GASTOS GENERALES;1
11271;305;5011;SERVICISO INFORMATICOS;SERVICIOS INFORMATICOS;1
11272;305;5012;CANON;CANON;1
11273;305;5013;SERVICIOS JURIDICOS;SERVICIOS JURIDICOS;1
11274;305;5030;BANCO NACION - INTERES POR DESCUBIERTO;BANCO NACION - INTERES POR DESCUBIERTO;1
11275;305;5009;INTERESES BANCARIOS;INTERESES BANCARIOS;1
11276;305;5031;BANCO NACION - GASTOS DE MANTENIMIENTO DE CUENTA;BANCO NACION - GASTOS DE MANTENIMIENTO DE CUENTA;1
11277;305;5032;BANCO NACION - INTERESES POR PRESTAMOS;BANCO NACION - INTERESES POR PRESTAMOS;1
11278;305;5033;BANCO SANTANDER - INTERES POR DESCUBIERTO;BANCO SANTANDER - INTERES POR DESCUBIERTO;1
11279;305;5036;BANCO GALICIA - INTERES POR DESCUBIERTO;BANCO GALICIA - INTERES POR DESCUBIERTO;1
11280;305;5039;BBVA FRANCES - INTERES POR DESCUBIERTO;BBVA FRANCES - INTERES POR DESCUBIERTO;1
11281;305;5042;BANCO CREDICOOP - INTERES POR DESCUBIERTO;BANCO CREDICOOP - INTERES POR DESCUBIERTO;1
11282;305;5045;BANCO HSBC - INTERES POR DESCUBIERTO;BANCO HSBC - INTERES POR DESCUBIERTO;1
11283;305;5048;BANCO PATAGONIA - INTERES POR DESCUBIERTO;BANCO PATAGONIA - INTERES POR DESCUBIERTO;1
11284;305;5034;BANCO SANTANDER - GASTOS DE MANTENIMIENTO DE CUENTA;BANCO SANTANDER - GASTOS DE MANTENIMIENTO DE CUENTA;1
11285;305;5037;BANCO GALICIA - GASTOS DE MANTENIMIENTO DE CUENTA;BANCO GALICIA - GASTOS DE MANTENIMIENTO DE CUENTA;1
11286;305;5043;BANCO CREDICOOP - GASTOS DE MANTENIMIENTO DE CUENTA;BANCO CREDICOOP - GASTOS DE MANTENIMIENTO DE CUENTA;1
11287;305;5046;BANCO HSBC - GASTOS DE MANTENIMIENTO DE CUENTA;BANCO HSBC - GASTOS DE MANTENIMIENTO DE CUENTA;1
11288;305;5049;BANCO PATAGONIA - GASTOS DE MANTENIMIENTO DE CUENTA;BANCO PATAGONIA - GASTOS DE MANTENIMIENTO DE CUENTA;1
11289;305;5035;BANCO SANTANDER - INTERESES POR PRESTAMOS;BANCO SANTANDER - INTERESES POR PRESTAMOS;1
11290;305;5038;BANCO GALICIA - INTERESES POR PRESTAMOS;BANCO GALICIA - INTERESES POR PRESTAMOS;1
11291;305;5041;BBVA FRANCES - INTERESES POR PRESTAMOS;BBVA FRANCES - INTERESES POR PRESTAMOS;1
11292;305;5044;BANCO CREDICOOP- INTERESES POR PRESTAMOS;BANCO CREDICOOP- INTERESES POR PRESTAMOS;1
11293;305;5047;BANCO HSBC - INTERESES POR PRESTAMOS;BANCO HSBC - INTERESES POR PRESTAMOS;1
11294;305;5050;BANCO PATAGONIA- INTERESES POR PRESTAMOS;BANCO PATAGONIA- INTERESES POR PRESTAMOS;1
11295;305;1050;RODADOS - BIENES DE USO;RODADOS - BIENES DE USO;1
11296;305;1051;MUEBLES Y UTILES - BIENES DE USO;MUEBLES Y UTILES - BIENES DE USO;1
11297;305;1052;MAQUINARIA - BIENES DE USO;MAQUINARIA - BIENES DE USO;1
11298;305;1053;INMUEBLES - BIENES DE USO;INMUEBLES - BIENES DE USO;1
11299;305;5020;RODADOS - GASTOS DE MANTENIMIENTO;RODADOS - GASTOS DE MANTENIMIENTO;1
11300;305;5021;MUEBLES Y UTILES - GASTOS DE MANTENIMIENTO;MUEBLES Y UTILES - GASTOS DE MANTENIMIENTO;1
11301;305;5022;MAQUINARIA - GASTOS DE MANTENIMIENTO;MAQUINARIA - GASTOS DE MANTENIMIENTO;1
11302;305;5023;INMUEBLES - GASTOS DE MANTENIMIENTO;INMUEBLES - GASTOS DE MANTENIMIENTO;1
11303;305;5024;COMPRA DE BIENES USADOS A CF;COMPRA DE BIENES USADOS A CF;1
11304;305;1059;INSTALACIONES - BIENES DE USO;INSTALACIONES - BIENES DE USO;1
11305;305;5025;INSTALACIONES - GASTOS DE MANTENIMIENTO;INSTALACIONES - GASTOS DE MANTENIMIENTO;1
11306;298;4000;VENTAS;VENTAS;1
11307;298;5000;COMPRAS;COMPRAS;1
11308;298;5001;COMISION TARJETAS DE CREDITO;COMISION TARJETAS DE CREDITO;1
11309;298;5002;COMBUSTIBLES Y LUBRICANTES;COMBUSTIBLES Y LUBRICANTES;1
11310;298;5003;FLETES Y CORREO;FLETES Y CORREO;1
11311;298;5005;LIBRERIA Y PAPELERIA;LIBRERIA Y PAPELERIA;1
11312;298;5006;HONORARIOS PROFESIONALES;HONORARIOS PROFESIONALES;1
11313;298;5007;ALQUILERES PAGADOS;ALQUILERES PAGADOS;1
11314;298;5008;SEGUROS PAGADOS;SEGUROS PAGADOS;1
11315;298;5010;GASTOS GENERALES;GASTOS GENERALES;1
11316;298;5011;SERVICISO INFORMATICOS;SERVICIOS INFORMATICOS;1
11317;298;5012;CANON;CANON;1
11318;298;5013;SERVICIOS JURIDICOS;SERVICIOS JURIDICOS;1
11319;298;5030;BANCO NACION - INTERES POR DESCUBIERTO;BANCO NACION - INTERES POR DESCUBIERTO;1
11320;298;5009;INTERESES BANCARIOS;INTERESES BANCARIOS;1
11321;298;5031;BANCO NACION - GASTOS DE MANTENIMIENTO DE CUENTA;BANCO NACION - GASTOS DE MANTENIMIENTO DE CUENTA;1
11322;298;5032;BANCO NACION - INTERESES POR PRESTAMOS;BANCO NACION - INTERESES POR PRESTAMOS;1
11323;298;5033;BANCO SANTANDER - INTERES POR DESCUBIERTO;BANCO SANTANDER - INTERES POR DESCUBIERTO;1
11324;298;5036;BANCO GALICIA - INTERES POR DESCUBIERTO;BANCO GALICIA - INTERES POR DESCUBIERTO;1
11325;298;5039;BBVA FRANCES - INTERES POR DESCUBIERTO;BBVA FRANCES - INTERES POR DESCUBIERTO;1
11326;298;5042;BANCO CREDICOOP - INTERES POR DESCUBIERTO;BANCO CREDICOOP - INTERES POR DESCUBIERTO;1
11327;298;5045;BANCO HSBC - INTERES POR DESCUBIERTO;BANCO HSBC - INTERES POR DESCUBIERTO;1
11328;298;5048;BANCO PATAGONIA - INTERES POR DESCUBIERTO;BANCO PATAGONIA - INTERES POR DESCUBIERTO;1
11329;298;5034;BANCO SANTANDER - GASTOS DE MANTENIMIENTO DE CUENTA;BANCO SANTANDER - GASTOS DE MANTENIMIENTO DE CUENTA;1
11330;298;5037;BANCO GALICIA - GASTOS DE MANTENIMIENTO DE CUENTA;BANCO GALICIA - GASTOS DE MANTENIMIENTO DE CUENTA;1
11331;298;5043;BANCO CREDICOOP - GASTOS DE MANTENIMIENTO DE CUENTA;BANCO CREDICOOP - GASTOS DE MANTENIMIENTO DE CUENTA;1
11332;298;5046;BANCO HSBC - GASTOS DE MANTENIMIENTO DE CUENTA;BANCO HSBC - GASTOS DE MANTENIMIENTO DE CUENTA;1
11333;298;5049;BANCO PATAGONIA - GASTOS DE MANTENIMIENTO DE CUENTA;BANCO PATAGONIA - GASTOS DE MANTENIMIENTO DE CUENTA;1
11334;298;5035;BANCO SANTANDER - INTERESES POR PRESTAMOS;BANCO SANTANDER - INTERESES POR PRESTAMOS;1
11335;298;5038;BANCO GALICIA - INTERESES POR PRESTAMOS;BANCO GALICIA - INTERESES POR PRESTAMOS;1
11336;298;5041;BBVA FRANCES - INTERESES POR PRESTAMOS;BBVA FRANCES - INTERESES POR PRESTAMOS;1
11337;298;5044;BANCO CREDICOOP- INTERESES POR PRESTAMOS;BANCO CREDICOOP- INTERESES POR PRESTAMOS;1
11338;298;5047;BANCO HSBC - INTERESES POR PRESTAMOS;BANCO HSBC - INTERESES POR PRESTAMOS;1
11339;298;5050;BANCO PATAGONIA- INTERESES POR PRESTAMOS;BANCO PATAGONIA- INTERESES POR PRESTAMOS;1
11340;298;1050;RODADOS - BIENES DE USO;RODADOS - BIENES DE USO;1
11341;298;1051;MUEBLES Y UTILES - BIENES DE USO;MUEBLES Y UTILES - BIENES DE USO;1
11342;298;1052;MAQUINARIA - BIENES DE USO;MAQUINARIA - BIENES DE USO;1
11343;298;1053;INMUEBLES - BIENES DE USO;INMUEBLES - BIENES DE USO;1
11344;298;5020;RODADOS - GASTOS DE MANTENIMIENTO;RODADOS - GASTOS DE MANTENIMIENTO;1
11345;298;5021;MUEBLES Y UTILES - GASTOS DE MANTENIMIENTO;MUEBLES Y UTILES - GASTOS DE MANTENIMIENTO;1
11346;298;5022;MAQUINARIA - GASTOS DE MANTENIMIENTO;MAQUINARIA - GASTOS DE MANTENIMIENTO;1
11347;298;5023;INMUEBLES - GASTOS DE MANTENIMIENTO;INMUEBLES - GASTOS DE MANTENIMIENTO;1
11348;298;5024;COMPRA DE BIENES USADOS A CF;COMPRA DE BIENES USADOS A CF;1
11349;298;1059;INSTALACIONES - BIENES DE USO;INSTALACIONES - BIENES DE USO;1
11350;298;5025;INSTALACIONES - GASTOS DE MANTENIMIENTO;INSTALACIONES - GASTOS DE MANTENIMIENTO;1
11351;298;9999;OTROS;OTROS;1
11352;298;5014;comisiones mercado libre;COMISIONES MERCADO LIBRE;1
11353;298;5004;SERVICIOS Y TASAS;SERVICIOS Y TASAS;1
11354;159;4000;VENTAS;VENTAS;1
11355;159;5000;COMPRAS;COMPRAS;1
11356;159;5001;COMISION TARJETAS DE CREDITO;COMISION TARJETAS DE CREDITO;1
11357;159;5002;COMBUSTIBLES Y LUBRICANTES;COMBUSTIBLES Y LUBRICANTES;1
11358;159;5003;FLETES Y CORREO;FLETES Y CORREO;1
11359;159;5005;LIBRERIA Y PAPELERIA;LIBRERIA Y PAPELERIA;1
11360;159;5006;HONORARIOS PROFESIONALES;HONORARIOS PROFESIONALES;1
11361;159;5007;ALQUILERES PAGADOS;ALQUILERES PAGADOS;1
11362;159;5008;SEGUROS PAGADOS;SEGUROS PAGADOS;1
11363;159;5010;GASTOS GENERALES;GASTOS GENERALES;1
11364;159;5011;SERVICISO INFORMATICOS;SERVICIOS INFORMATICOS;1
11365;159;5012;CANON;CANON;1
11366;159;5013;SERVICIOS JURIDICOS;SERVICIOS JURIDICOS;1
11367;159;5030;BANCO NACION - INTERES POR DESCUBIERTO;BANCO NACION - INTERES POR DESCUBIERTO;1
11368;159;5009;INTERESES BANCARIOS;INTERESES BANCARIOS;1
11369;159;5031;BANCO NACION - GASTOS DE MANTENIMIENTO DE CUENTA;BANCO NACION - GASTOS DE MANTENIMIENTO DE CUENTA;1
11370;159;5032;BANCO NACION - INTERESES POR PRESTAMOS;BANCO NACION - INTERESES POR PRESTAMOS;1
11371;159;5033;BANCO SANTANDER - INTERES POR DESCUBIERTO;BANCO SANTANDER - INTERES POR DESCUBIERTO;1
11372;159;5036;BANCO GALICIA - INTERES POR DESCUBIERTO;BANCO GALICIA - INTERES POR DESCUBIERTO;1
11373;159;5039;BBVA FRANCES - INTERES POR DESCUBIERTO;BBVA FRANCES - INTERES POR DESCUBIERTO;1
11374;159;5042;BANCO CREDICOOP - INTERES POR DESCUBIERTO;BANCO CREDICOOP - INTERES POR DESCUBIERTO;1
11375;159;5045;BANCO HSBC - INTERES POR DESCUBIERTO;BANCO HSBC - INTERES POR DESCUBIERTO;1
11376;159;5048;BANCO PATAGONIA - INTERES POR DESCUBIERTO;BANCO PATAGONIA - INTERES POR DESCUBIERTO;1
11377;159;5034;BANCO SANTANDER - GASTOS DE MANTENIMIENTO DE CUENTA;BANCO SANTANDER - GASTOS DE MANTENIMIENTO DE CUENTA;1
11378;159;5037;BANCO GALICIA - GASTOS DE MANTENIMIENTO DE CUENTA;BANCO GALICIA - GASTOS DE MANTENIMIENTO DE CUENTA;1
11379;159;5043;BANCO CREDICOOP - GASTOS DE MANTENIMIENTO DE CUENTA;BANCO CREDICOOP - GASTOS DE MANTENIMIENTO DE CUENTA;1
11380;159;5046;BANCO HSBC - GASTOS DE MANTENIMIENTO DE CUENTA;BANCO HSBC - GASTOS DE MANTENIMIENTO DE CUENTA;1
11381;159;5049;BANCO PATAGONIA - GASTOS DE MANTENIMIENTO DE CUENTA;BANCO PATAGONIA - GASTOS DE MANTENIMIENTO DE CUENTA;1
11382;159;5035;BANCO SANTANDER - INTERESES POR PRESTAMOS;BANCO SANTANDER - INTERESES POR PRESTAMOS;1
11383;159;5038;BANCO GALICIA - INTERESES POR PRESTAMOS;BANCO GALICIA - INTERESES POR PRESTAMOS;1
11384;159;5041;BBVA FRANCES - INTERESES POR PRESTAMOS;BBVA FRANCES - INTERESES POR PRESTAMOS;1
11385;159;5044;BANCO CREDICOOP- INTERESES POR PRESTAMOS;BANCO CREDICOOP- INTERESES POR PRESTAMOS;1
11386;159;5047;BANCO HSBC - INTERESES POR PRESTAMOS;BANCO HSBC - INTERESES POR PRESTAMOS;1
11387;159;5050;BANCO PATAGONIA- INTERESES POR PRESTAMOS;BANCO PATAGONIA- INTERESES POR PRESTAMOS;1
11388;159;1050;RODADOS - BIENES DE USO;RODADOS - BIENES DE USO;1
11389;159;1051;MUEBLES Y UTILES - BIENES DE USO;MUEBLES Y UTILES - BIENES DE USO;1
11390;159;1052;MAQUINARIA - BIENES DE USO;MAQUINARIA - BIENES DE USO;1
11391;159;1053;INMUEBLES - BIENES DE USO;INMUEBLES - BIENES DE USO;1
11392;159;5020;RODADOS - GASTOS DE MANTENIMIENTO;RODADOS - GASTOS DE MANTENIMIENTO;1
11393;159;5021;MUEBLES Y UTILES - GASTOS DE MANTENIMIENTO;MUEBLES Y UTILES - GASTOS DE MANTENIMIENTO;1
11394;159;5022;MAQUINARIA - GASTOS DE MANTENIMIENTO;MAQUINARIA - GASTOS DE MANTENIMIENTO;1
11395;159;5023;INMUEBLES - GASTOS DE MANTENIMIENTO;INMUEBLES - GASTOS DE MANTENIMIENTO;1
11396;159;5024;COMPRA DE BIENES USADOS A CF;COMPRA DE BIENES USADOS A CF;1
11397;159;1059;INSTALACIONES - BIENES DE USO;INSTALACIONES - BIENES DE USO;1
11398;159;5025;INSTALACIONES - GASTOS DE MANTENIMIENTO;INSTALACIONES - GASTOS DE MANTENIMIENTO;1
11399;159;5004;SERVICIOS Y TASAS;SERVICIOS Y TASAS;1
11400;159;5051;BANCO HIPOTECARIO - COMISIONES CUENTA;BANCO HIPOTECARIO - COMISIONES CUENTA;1
11401;159;5040;BBVA FRANCES - COMISIONES BANCARIAS;BBVA FRANCES - COMISIONES BANCARIAS;1
11402;159;5052;COMISIONES SGR;COMISIONES SGR;1
11403;159;5014;COMISIONES MERCADOLIBRE;COMISIONES MERCADO LIBRE;1
11404;264;4000;VENTAS;VENTAS;1
11405;264;5000;COMPRAS;COMPRAS;1
11406;264;5001;COMISION TARJETAS DE CREDITO;COMISION TARJETAS DE CREDITO;1
11407;264;5002;COMBUSTIBLES Y LUBRICANTES;COMBUSTIBLES Y LUBRICANTES;1
11408;264;5003;FLETES Y CORREO;FLETES Y CORREO;1
11409;264;5005;LIBRERIA Y PAPELERIA;LIBRERIA Y PAPELERIA;1
11410;264;5006;HONORARIOS PROFESIONALES;HONORARIOS PROFESIONALES;1
11411;264;5007;ALQUILERES PAGADOS;ALQUILERES PAGADOS;1
11412;264;5008;SEGUROS PAGADOS;SEGUROS PAGADOS;1
11413;264;5010;GASTOS GENERALES;GASTOS GENERALES;1
11414;264;5011;SERVICISO INFORMATICOS;SERVICIOS INFORMATICOS;1
11415;264;5012;CANON;CANON;1
11416;264;5013;SERVICIOS JURIDICOS;SERVICIOS JURIDICOS;1
11417;264;5030;BANCO NACION - INTERES POR DESCUBIERTO;BANCO NACION - INTERES POR DESCUBIERTO;1
11418;264;5009;INTERESES BANCARIOS;INTERESES BANCARIOS;1
11419;264;5031;BANCO NACION - GASTOS DE MANTENIMIENTO DE CUENTA;BANCO NACION - GASTOS DE MANTENIMIENTO DE CUENTA;1
11420;264;5032;BANCO NACION - INTERESES POR PRESTAMOS;BANCO NACION - INTERESES POR PRESTAMOS;1
11421;264;5033;BANCO SANTANDER - INTERES POR DESCUBIERTO;BANCO SANTANDER - INTERES POR DESCUBIERTO;1
11422;264;5036;BANCO GALICIA - INTERES POR DESCUBIERTO;BANCO GALICIA - INTERES POR DESCUBIERTO;1
11423;264;5039;BBVA FRANCES - INTERES POR DESCUBIERTO;BBVA FRANCES - INTERES POR DESCUBIERTO;1
11424;264;5042;BANCO CREDICOOP - INTERES POR DESCUBIERTO;BANCO CREDICOOP - INTERES POR DESCUBIERTO;1
11425;264;5045;BANCO HSBC - INTERES POR DESCUBIERTO;BANCO HSBC - INTERES POR DESCUBIERTO;1
11426;264;5048;BANCO PATAGONIA - INTERES POR DESCUBIERTO;BANCO PATAGONIA - INTERES POR DESCUBIERTO;1
11427;264;5034;BANCO SANTANDER - GASTOS DE MANTENIMIENTO DE CUENTA;BANCO SANTANDER - GASTOS DE MANTENIMIENTO DE CUENTA;1
11428;264;5037;BANCO GALICIA - GASTOS DE MANTENIMIENTO DE CUENTA;BANCO GALICIA - GASTOS DE MANTENIMIENTO DE CUENTA;1
11429;264;5043;BANCO CREDICOOP - GASTOS DE MANTENIMIENTO DE CUENTA;BANCO CREDICOOP - GASTOS DE MANTENIMIENTO DE CUENTA;1
11430;264;5046;BANCO HSBC - GASTOS DE MANTENIMIENTO DE CUENTA;BANCO HSBC - GASTOS DE MANTENIMIENTO DE CUENTA;1
11431;264;5049;BANCO PATAGONIA - GASTOS DE MANTENIMIENTO DE CUENTA;BANCO PATAGONIA - GASTOS DE MANTENIMIENTO DE CUENTA;1
11432;264;5035;BANCO SANTANDER - INTERESES POR PRESTAMOS;BANCO SANTANDER - INTERESES POR PRESTAMOS;1
11433;264;5038;BANCO GALICIA - INTERESES POR PRESTAMOS;BANCO GALICIA - INTERESES POR PRESTAMOS;1
11434;264;5041;BBVA FRANCES - INTERESES POR PRESTAMOS;BBVA FRANCES - INTERESES POR PRESTAMOS;1
11435;264;5044;BANCO CREDICOOP- INTERESES POR PRESTAMOS;BANCO CREDICOOP- INTERESES POR PRESTAMOS;1
11436;264;5047;BANCO HSBC - INTERESES POR PRESTAMOS;BANCO HSBC - INTERESES POR PRESTAMOS;1
11437;264;5050;BANCO PATAGONIA- INTERESES POR PRESTAMOS;BANCO PATAGONIA- INTERESES POR PRESTAMOS;1
11438;264;1050;RODADOS - BIENES DE USO;RODADOS - BIENES DE USO;1
11439;264;1051;MUEBLES Y UTILES - BIENES DE USO;MUEBLES Y UTILES - BIENES DE USO;1
11440;264;1052;MAQUINARIA - BIENES DE USO;MAQUINARIA - BIENES DE USO;1
11441;264;1053;INMUEBLES - BIENES DE USO;INMUEBLES - BIENES DE USO;1
11442;264;5020;RODADOS - GASTOS DE MANTENIMIENTO;RODADOS - GASTOS DE MANTENIMIENTO;1
11443;264;5021;MUEBLES Y UTILES - GASTOS DE MANTENIMIENTO;MUEBLES Y UTILES - GASTOS DE MANTENIMIENTO;1
11444;264;5022;MAQUINARIA - GASTOS DE MANTENIMIENTO;MAQUINARIA - GASTOS DE MANTENIMIENTO;1
11445;264;5023;INMUEBLES - GASTOS DE MANTENIMIENTO;INMUEBLES - GASTOS DE MANTENIMIENTO;1
11446;264;5024;COMPRA DE BIENES USADOS A CF;COMPRA DE BIENES USADOS A CF;1
11447;264;1059;INSTALACIONES - BIENES DE USO;INSTALACIONES - BIENES DE USO;1
11448;264;5025;INSTALACIONES - GASTOS DE MANTENIMIENTO;INSTALACIONES - GASTOS DE MANTENIMIENTO;1
11449;264;9999;OTROS;OTROS;1
11450;264;5014;comisiones mercado libre;COMISIONES MERCADO LIBRE;1
11451;264;5004;SERVICIOS Y TASAS;SERVICIOS Y TASAS;1
11452;75;5014;COMISIONES MERCADO LIBRE;COMISIONES MERCADO LIBRE;1
11453;62;5040;BBVA FRANCES - GASTOS CUENTA;BBVA FRANCES - GASTOS CUENTA;1
11454;28;5040;BBVA FRANCES - GASTOS DE MANTENIMIENTO DE CUENTA;BBVA FRANCES - GASTOS DE MANTENIMIENTO DE CUENTA;1
11455;146;5014;COMISIONES MERCADOLIBRE;COMISIONES MERCADO LIBRE;1
11456;110;5055;BANCO MACRO - INTERES DESCUBIERTO;BANCO MACRO - INTERES DESCUBIERTO;1
11457;257;5055;COMISIONES GANADAS DELFIN;COMISIONES GANADAS DELFIN;1
11458;257;5056;TRANSFERENCIA PERCEPCIONES DELFIN;TRANSFERENCIA PERCEPCIONES DELFIN;1
11459;257;5057;COMPRAS MAYORISTAS COMBUSTIBLE;COMPRAS MAYORISTAS COMBUSTIBLE;1
11460;56;5051;Banco Macro - INTERESES POR PRESTAMO;BANCO MACRO - INTERESES POR PRESTAMO;1
11461;316;4000;VENTAS;VENTAS;1
11462;316;5000;COMPRAS;COMPRAS;1
11463;316;5001;COMISION TARJETAS DE CREDITO;COMISION TARJETAS DE CREDITO;1
11464;316;5002;COMBUSTIBLES Y LUBRICANTES;COMBUSTIBLES Y LUBRICANTES;1
11465;316;5003;FLETES Y CORREO;FLETES Y CORREO;1
11466;316;5005;LIBRERIA Y PAPELERIA;LIBRERIA Y PAPELERIA;1
11467;316;5006;HONORARIOS PROFESIONALES;HONORARIOS PROFESIONALES;1
11468;316;5007;ALQUILERES PAGADOS;ALQUILERES PAGADOS;1
11469;316;5008;SEGUROS PAGADOS;SEGUROS PAGADOS;1
11470;316;5010;GASTOS GENERALES;GASTOS GENERALES;1
11471;316;5011;SERVICISO INFORMATICOS;SERVICIOS INFORMATICOS;1
11472;316;5012;CANON;CANON;1
11473;316;5013;SERVICIOS JURIDICOS;SERVICIOS JURIDICOS;1
11474;316;5030;BANCO NACION - INTERES POR DESCUBIERTO;BANCO NACION - INTERES POR DESCUBIERTO;1
11475;316;5009;INTERESES BANCARIOS;INTERESES BANCARIOS;1
11476;316;5031;BANCO NACION - GASTOS DE MANTENIMIENTO DE CUENTA;BANCO NACION - GASTOS DE MANTENIMIENTO DE CUENTA;1
11477;316;5032;BANCO NACION - INTERESES POR PRESTAMOS;BANCO NACION - INTERESES POR PRESTAMOS;1
11478;316;5033;BANCO SANTANDER - INTERES POR DESCUBIERTO;BANCO SANTANDER - INTERES POR DESCUBIERTO;1
11479;316;5036;BANCO GALICIA - INTERES POR DESCUBIERTO;BANCO GALICIA - INTERES POR DESCUBIERTO;1
11480;316;5039;BBVA FRANCES - INTERES POR DESCUBIERTO;BBVA FRANCES - INTERES POR DESCUBIERTO;1
11481;316;5042;BANCO CREDICOOP - INTERES POR DESCUBIERTO;BANCO CREDICOOP - INTERES POR DESCUBIERTO;1
11482;316;5045;BANCO HSBC - INTERES POR DESCUBIERTO;BANCO HSBC - INTERES POR DESCUBIERTO;1
11483;316;5048;BANCO PATAGONIA - INTERES POR DESCUBIERTO;BANCO PATAGONIA - INTERES POR DESCUBIERTO;1
11484;316;5034;BANCO SANTANDER - GASTOS DE MANTENIMIENTO DE CUENTA;BANCO SANTANDER - GASTOS DE MANTENIMIENTO DE CUENTA;1
11485;316;5037;BANCO GALICIA - GASTOS DE MANTENIMIENTO DE CUENTA;BANCO GALICIA - GASTOS DE MANTENIMIENTO DE CUENTA;1
11486;316;5043;BANCO CREDICOOP - GASTOS DE MANTENIMIENTO DE CUENTA;BANCO CREDICOOP - GASTOS DE MANTENIMIENTO DE CUENTA;1
11487;316;5046;BANCO HSBC - GASTOS DE MANTENIMIENTO DE CUENTA;BANCO HSBC - GASTOS DE MANTENIMIENTO DE CUENTA;1
11488;316;5049;BANCO PATAGONIA - GASTOS DE MANTENIMIENTO DE CUENTA;BANCO PATAGONIA - GASTOS DE MANTENIMIENTO DE CUENTA;1
11489;316;5035;BANCO SANTANDER - INTERESES POR PRESTAMOS;BANCO SANTANDER - INTERESES POR PRESTAMOS;1
11490;316;5038;BANCO GALICIA - INTERESES POR PRESTAMOS;BANCO GALICIA - INTERESES POR PRESTAMOS;1
11491;316;5041;BBVA FRANCES - INTERESES POR PRESTAMOS;BBVA FRANCES - INTERESES POR PRESTAMOS;1
11492;316;5044;BANCO CREDICOOP- INTERESES POR PRESTAMOS;BANCO CREDICOOP- INTERESES POR PRESTAMOS;1
11493;316;5047;BANCO HSBC - INTERESES POR PRESTAMOS;BANCO HSBC - INTERESES POR PRESTAMOS;1
11494;316;5050;BANCO PATAGONIA- INTERESES POR PRESTAMOS;BANCO PATAGONIA- INTERESES POR PRESTAMOS;1
11495;316;1050;RODADOS - BIENES DE USO;RODADOS - BIENES DE USO;1
11496;316;1051;MUEBLES Y UTILES - BIENES DE USO;MUEBLES Y UTILES - BIENES DE USO;1
11497;316;1052;MAQUINARIA - BIENES DE USO;MAQUINARIA - BIENES DE USO;1
11498;316;1053;INMUEBLES - BIENES DE USO;INMUEBLES - BIENES DE USO;1
11499;316;5020;RODADOS - GASTOS DE MANTENIMIENTO;RODADOS - GASTOS DE MANTENIMIENTO;1
11500;316;5021;MUEBLES Y UTILES - GASTOS DE MANTENIMIENTO;MUEBLES Y UTILES - GASTOS DE MANTENIMIENTO;1
11501;316;5022;MAQUINARIA - GASTOS DE MANTENIMIENTO;MAQUINARIA - GASTOS DE MANTENIMIENTO;1
11502;316;5023;INMUEBLES - GASTOS DE MANTENIMIENTO;INMUEBLES - GASTOS DE MANTENIMIENTO;1
11503;316;5024;COMPRA DE BIENES USADOS A CF;COMPRA DE BIENES USADOS A CF;1
11504;316;1059;INSTALACIONES - BIENES DE USO;INSTALACIONES - BIENES DE USO;1
11505;316;5025;INSTALACIONES - GASTOS DE MANTENIMIENTO;INSTALACIONES - GASTOS DE MANTENIMIENTO;1
11506;316;5004;SERVICIOS Y TASAS;SERVICIOS Y TASAS;1
11507;316;5051;BANCO HIPOTECARIO - COMISIONES CUENTA;BANCO HIPOTECARIO - COMISIONES CUENTA;1
11508;316;5040;BBVA FRANCES - COMISIONES BANCARIAS;BBVA FRANCES - COMISIONES BANCARIAS;1
11509;316;5052;COMISIONES SGR;COMISIONES SGR;1
11510;316;5014;COMISIONES MERCADOLIBRE;COMISIONES MERCADO LIBRE;1
11511;58;5014;COMISIONES MERCADOLIBRE;COMISIONES MERCADO LIBRE;1
11512;283;5053;BANCO SANTIAGO DEL ESTERO - INTERES POR DESCUBIERTO;BANCO SANTIAGO DEL ESTERO - INTERES POR DESCUBIERTO;1
11513;283;5054;BANCO SANTIAGO DEL ESTERO - GASTOS DE MANTENIMIENTO DE CUENTA;BANCO SANTIAGO DEL ESTERO - GASTOS DE MANTENIMIENTO DE CUENTA;1
11514;283;5055;BANCO SANTIAGO DEL ESTERO - INTERESES POR PRESTAMOS;BANCO SANTIAGO DEL ESTERO - INTERESES POR PRESTAMOS;1
11515;77;5055;BANCO HIPOTECARIO - GASTOS MANTENIMIENTO;BANCO HIPOTECARIO - GASTOS MANTENIMIENTO;1
11516;42;5051;BANCO MACRO - GASTO DE MANTENIMIENTO DE CUENTA;BANCO MACRO - GASTO DE MANTENIMIENTO DE CUENTA;1
11517;162;4000;VENTAS;VENTAS;1
11518;162;5000;COMPRAS;COMPRAS;1
11519;162;5001;COMISION TARJETAS DE CREDITO;COMISION TARJETAS DE CREDITO;1
11520;162;5002;COMBUSTIBLES Y LUBRICANTES;COMBUSTIBLES Y LUBRICANTES;1
11521;162;5003;FLETES Y CORREO;FLETES Y CORREO;1
11522;162;5005;LIBRERIA Y PAPELERIA;LIBRERIA Y PAPELERIA;1
11523;162;5006;HONORARIOS PROFESIONALES;HONORARIOS PROFESIONALES;1
11524;162;5007;ALQUILERES PAGADOS;ALQUILERES PAGADOS;1
11525;162;5008;SEGUROS PAGADOS;SEGUROS PAGADOS;1
11526;162;5010;GASTOS GENERALES;GASTOS GENERALES;1
11527;162;5011;SERVICISO INFORMATICOS;SERVICIOS INFORMATICOS;1
11528;162;5012;CANON;CANON;1
11529;162;5013;SERVICIOS JURIDICOS;SERVICIOS JURIDICOS;1
11530;162;5030;BANCO NACION - INTERES POR DESCUBIERTO;BANCO NACION - INTERES POR DESCUBIERTO;1
11531;162;5009;INTERESES BANCARIOS;INTERESES BANCARIOS;1
11532;162;5031;BANCO NACION - GASTOS DE MANTENIMIENTO DE CUENTA;BANCO NACION - GASTOS DE MANTENIMIENTO DE CUENTA;1
11533;162;5032;BANCO NACION - INTERESES POR PRESTAMOS;BANCO NACION - INTERESES POR PRESTAMOS;1
11534;162;5033;BANCO SANTANDER - INTERES POR DESCUBIERTO;BANCO SANTANDER - INTERES POR DESCUBIERTO;1
11535;162;5036;BANCO GALICIA - INTERES POR DESCUBIERTO;BANCO GALICIA - INTERES POR DESCUBIERTO;1
11536;162;5039;BBVA FRANCES - INTERES POR DESCUBIERTO;BBVA FRANCES - INTERES POR DESCUBIERTO;1
11537;162;5042;BANCO CREDICOOP - INTERES POR DESCUBIERTO;BANCO CREDICOOP - INTERES POR DESCUBIERTO;1
11538;162;5045;BANCO HSBC - INTERES POR DESCUBIERTO;BANCO HSBC - INTERES POR DESCUBIERTO;1
11539;162;5048;BANCO PATAGONIA - INTERES POR DESCUBIERTO;BANCO PATAGONIA - INTERES POR DESCUBIERTO;1
11540;162;5034;BANCO SANTANDER - GASTOS DE MANTENIMIENTO DE CUENTA;BANCO SANTANDER - GASTOS DE MANTENIMIENTO DE CUENTA;1
11541;162;5037;BANCO GALICIA - GASTOS DE MANTENIMIENTO DE CUENTA;BANCO GALICIA - GASTOS DE MANTENIMIENTO DE CUENTA;1
11542;162;5043;BANCO CREDICOOP - GASTOS DE MANTENIMIENTO DE CUENTA;BANCO CREDICOOP - GASTOS DE MANTENIMIENTO DE CUENTA;1
11543;162;5046;BANCO HSBC - GASTOS DE MANTENIMIENTO DE CUENTA;BANCO HSBC - GASTOS DE MANTENIMIENTO DE CUENTA;1
11544;162;5049;BANCO PATAGONIA - GASTOS DE MANTENIMIENTO DE CUENTA;BANCO PATAGONIA - GASTOS DE MANTENIMIENTO DE CUENTA;1
11545;162;5035;BANCO SANTANDER - INTERESES POR PRESTAMOS;BANCO SANTANDER - INTERESES POR PRESTAMOS;1
11546;162;5038;BANCO GALICIA - INTERESES POR PRESTAMOS;BANCO GALICIA - INTERESES POR PRESTAMOS;1
11547;162;5041;BBVA FRANCES - INTERESES POR PRESTAMOS;BBVA FRANCES - INTERESES POR PRESTAMOS;1
11548;162;5044;BANCO CREDICOOP- INTERESES POR PRESTAMOS;BANCO CREDICOOP- INTERESES POR PRESTAMOS;1
11549;162;5047;BANCO HSBC - INTERESES POR PRESTAMOS;BANCO HSBC - INTERESES POR PRESTAMOS;1
11550;162;5050;BANCO PATAGONIA- INTERESES POR PRESTAMOS;BANCO PATAGONIA- INTERESES POR PRESTAMOS;1
11551;162;1050;RODADOS - BIENES DE USO;RODADOS - BIENES DE USO;1
11552;162;1051;MUEBLES Y UTILES - BIENES DE USO;MUEBLES Y UTILES - BIENES DE USO;1
11553;162;1052;MAQUINARIA - BIENES DE USO;MAQUINARIA - BIENES DE USO;1
11554;162;1053;INMUEBLES - BIENES DE USO;INMUEBLES - BIENES DE USO;1
11555;162;5020;RODADOS - GASTOS DE MANTENIMIENTO;RODADOS - GASTOS DE MANTENIMIENTO;1
11556;162;5021;MUEBLES Y UTILES - GASTOS DE MANTENIMIENTO;MUEBLES Y UTILES - GASTOS DE MANTENIMIENTO;1
11557;162;5022;MAQUINARIA - GASTOS DE MANTENIMIENTO;MAQUINARIA - GASTOS DE MANTENIMIENTO;1
11558;162;5023;INMUEBLES - GASTOS DE MANTENIMIENTO;INMUEBLES - GASTOS DE MANTENIMIENTO;1
11559;162;5024;COMPRA DE BIENES USADOS A CF;COMPRA DE BIENES USADOS A CF;1
11560;162;1059;INSTALACIONES - BIENES DE USO;INSTALACIONES - BIENES DE USO;1
11561;162;5025;INSTALACIONES - GASTOS DE MANTENIMIENTO;INSTALACIONES - GASTOS DE MANTENIMIENTO;1
11562;162;9999;OTROS;OTROS;1
11563;162;5014;comisiones mercado libre;COMISIONES MERCADO LIBRE;1
11564;162;5004;SERVICIOS Y TASAS;SERVICIOS Y TASAS;1
11565;306;4000;VENTAS;VENTAS;1
11566;306;5000;COMPRAS;COMPRAS;1
11567;306;5001;COMISION TARJETAS DE CREDITO;COMISION TARJETAS DE CREDITO;1
11568;306;5002;COMBUSTIBLES Y LUBRICANTES;COMBUSTIBLES Y LUBRICANTES;1
11569;306;5003;FLETES Y CORREO;FLETES Y CORREO;1
11570;306;5005;LIBRERIA Y PAPELERIA;LIBRERIA Y PAPELERIA;1
11571;306;5006;HONORARIOS PROFESIONALES;HONORARIOS PROFESIONALES;1
11572;306;5007;ALQUILERES PAGADOS;ALQUILERES PAGADOS;1
11573;306;5008;SEGUROS PAGADOS;SEGUROS PAGADOS;1
11574;306;5010;GASTOS GENERALES;GASTOS GENERALES;1
11575;306;5011;SERVICISO INFORMATICOS;SERVICIOS INFORMATICOS;1
11576;306;5012;CANON;CANON;1
11577;306;5013;SERVICIOS JURIDICOS;SERVICIOS JURIDICOS;1
11578;306;5030;BANCO NACION - INTERES POR DESCUBIERTO;BANCO NACION - INTERES POR DESCUBIERTO;1
11579;306;5009;INTERESES BANCARIOS;INTERESES BANCARIOS;1
11580;306;5031;BANCO NACION - GASTOS DE MANTENIMIENTO DE CUENTA;BANCO NACION - GASTOS DE MANTENIMIENTO DE CUENTA;1
11581;306;5032;BANCO NACION - INTERESES POR PRESTAMOS;BANCO NACION - INTERESES POR PRESTAMOS;1
11582;306;5033;BANCO SANTANDER - INTERES POR DESCUBIERTO;BANCO SANTANDER - INTERES POR DESCUBIERTO;1
11583;306;5036;BANCO GALICIA - INTERES POR DESCUBIERTO;BANCO GALICIA - INTERES POR DESCUBIERTO;1
11584;306;5039;BBVA FRANCES - INTERES POR DESCUBIERTO;BBVA FRANCES - INTERES POR DESCUBIERTO;1
11585;306;5042;BANCO CREDICOOP - INTERES POR DESCUBIERTO;BANCO CREDICOOP - INTERES POR DESCUBIERTO;1
11586;306;5045;BANCO HSBC - INTERES POR DESCUBIERTO;BANCO HSBC - INTERES POR DESCUBIERTO;1
11587;306;5048;BANCO PATAGONIA - INTERES POR DESCUBIERTO;BANCO PATAGONIA - INTERES POR DESCUBIERTO;1
11588;306;5034;BANCO SANTANDER - GASTOS DE MANTENIMIENTO DE CUENTA;BANCO SANTANDER - GASTOS DE MANTENIMIENTO DE CUENTA;1
11589;306;5037;BANCO GALICIA - GASTOS DE MANTENIMIENTO DE CUENTA;BANCO GALICIA - GASTOS DE MANTENIMIENTO DE CUENTA;1
11590;306;5043;BANCO CREDICOOP - GASTOS DE MANTENIMIENTO DE CUENTA;BANCO CREDICOOP - GASTOS DE MANTENIMIENTO DE CUENTA;1
11591;306;5046;BANCO HSBC - GASTOS DE MANTENIMIENTO DE CUENTA;BANCO HSBC - GASTOS DE MANTENIMIENTO DE CUENTA;1
11592;306;5049;BANCO PATAGONIA - GASTOS DE MANTENIMIENTO DE CUENTA;BANCO PATAGONIA - GASTOS DE MANTENIMIENTO DE CUENTA;1
11593;306;5035;BANCO SANTANDER - INTERESES POR PRESTAMOS;BANCO SANTANDER - INTERESES POR PRESTAMOS;1
11594;306;5038;BANCO GALICIA - INTERESES POR PRESTAMOS;BANCO GALICIA - INTERESES POR PRESTAMOS;1
11595;306;5041;BBVA FRANCES - INTERESES POR PRESTAMOS;BBVA FRANCES - INTERESES POR PRESTAMOS;1
11596;306;5044;BANCO CREDICOOP- INTERESES POR PRESTAMOS;BANCO CREDICOOP- INTERESES POR PRESTAMOS;1
11597;306;5047;BANCO HSBC - INTERESES POR PRESTAMOS;BANCO HSBC - INTERESES POR PRESTAMOS;1
11598;306;5050;BANCO PATAGONIA- INTERESES POR PRESTAMOS;BANCO PATAGONIA- INTERESES POR PRESTAMOS;1
11599;306;1050;RODADOS - BIENES DE USO;RODADOS - BIENES DE USO;1
11600;306;1051;MUEBLES Y UTILES - BIENES DE USO;MUEBLES Y UTILES - BIENES DE USO;1
11601;306;1052;MAQUINARIA - BIENES DE USO;MAQUINARIA - BIENES DE USO;1
11602;306;1053;INMUEBLES - BIENES DE USO;INMUEBLES - BIENES DE USO;1
11603;306;5020;RODADOS - GASTOS DE MANTENIMIENTO;RODADOS - GASTOS DE MANTENIMIENTO;1
11604;306;5021;MUEBLES Y UTILES - GASTOS DE MANTENIMIENTO;MUEBLES Y UTILES - GASTOS DE MANTENIMIENTO;1
11605;306;5022;MAQUINARIA - GASTOS DE MANTENIMIENTO;MAQUINARIA - GASTOS DE MANTENIMIENTO;1
11606;306;5023;INMUEBLES - GASTOS DE MANTENIMIENTO;INMUEBLES - GASTOS DE MANTENIMIENTO;1
11607;306;5024;COMPRA DE BIENES USADOS A CF;COMPRA DE BIENES USADOS A CF;1
11608;306;1059;INSTALACIONES - BIENES DE USO;INSTALACIONES - BIENES DE USO;1
11609;306;5025;INSTALACIONES - GASTOS DE MANTENIMIENTO;INSTALACIONES - GASTOS DE MANTENIMIENTO;1
11610;306;9999;OTROS;OTROS;1
11611;306;5014;comisiones mercado libre;COMISIONES MERCADO LIBRE;1
11612;306;5004;SERVICIOS Y TASAS;SERVICIOS Y TASAS;1
11613;317;4000;VENTAS;VENTAS;1
11614;317;5000;COMPRAS;COMPRAS;1
11615;317;5001;COMISION TARJETAS DE CREDITO;COMISION TARJETAS DE CREDITO;1
11616;317;5002;COMBUSTIBLES Y LUBRICANTES;COMBUSTIBLES Y LUBRICANTES;1
11617;317;5003;FLETES Y CORREO;FLETES Y CORREO;1
11618;317;5005;LIBRERIA Y PAPELERIA;LIBRERIA Y PAPELERIA;1
11619;317;5006;HONORARIOS PROFESIONALES;HONORARIOS PROFESIONALES;1
11620;317;5007;ALQUILERES PAGADOS;ALQUILERES PAGADOS;1
11621;317;5008;SEGUROS PAGADOS;SEGUROS PAGADOS;1
11622;317;5010;GASTOS GENERALES;GASTOS GENERALES;1
11623;317;5011;SERVICISO INFORMATICOS;SERVICIOS INFORMATICOS;1
11624;317;5012;CANON;CANON;1
11625;317;5013;SERVICIOS JURIDICOS;SERVICIOS JURIDICOS;1
11626;317;5030;BANCO NACION - INTERES POR DESCUBIERTO;BANCO NACION - INTERES POR DESCUBIERTO;1
11627;317;5009;INTERESES BANCARIOS;INTERESES BANCARIOS;1
11628;317;5031;BANCO NACION - GASTOS DE MANTENIMIENTO DE CUENTA;BANCO NACION - GASTOS DE MANTENIMIENTO DE CUENTA;1
11629;317;5032;BANCO NACION - INTERESES POR PRESTAMOS;BANCO NACION - INTERESES POR PRESTAMOS;1
11630;317;5033;BANCO SANTANDER - INTERES POR DESCUBIERTO;BANCO SANTANDER - INTERES POR DESCUBIERTO;1
11631;317;5036;BANCO GALICIA - INTERES POR DESCUBIERTO;BANCO GALICIA - INTERES POR DESCUBIERTO;1
11632;317;5039;BBVA FRANCES - INTERES POR DESCUBIERTO;BBVA FRANCES - INTERES POR DESCUBIERTO;1
11633;317;5042;BANCO CREDICOOP - INTERES POR DESCUBIERTO;BANCO CREDICOOP - INTERES POR DESCUBIERTO;1
11634;317;5045;BANCO HSBC - INTERES POR DESCUBIERTO;BANCO HSBC - INTERES POR DESCUBIERTO;1
11635;317;5048;BANCO PATAGONIA - INTERES POR DESCUBIERTO;BANCO PATAGONIA - INTERES POR DESCUBIERTO;1
11636;317;5034;BANCO SANTANDER - GASTOS DE MANTENIMIENTO DE CUENTA;BANCO SANTANDER - GASTOS DE MANTENIMIENTO DE CUENTA;1
11637;317;5037;BANCO GALICIA - GASTOS DE MANTENIMIENTO DE CUENTA;BANCO GALICIA - GASTOS DE MANTENIMIENTO DE CUENTA;1
11638;317;5043;BANCO CREDICOOP - GASTOS DE MANTENIMIENTO DE CUENTA;BANCO CREDICOOP - GASTOS DE MANTENIMIENTO DE CUENTA;1
11639;317;5046;BANCO HSBC - GASTOS DE MANTENIMIENTO DE CUENTA;BANCO HSBC - GASTOS DE MANTENIMIENTO DE CUENTA;1
11640;317;5049;BANCO PATAGONIA - GASTOS DE MANTENIMIENTO DE CUENTA;BANCO PATAGONIA - GASTOS DE MANTENIMIENTO DE CUENTA;1
11641;317;5035;BANCO SANTANDER - INTERESES POR PRESTAMOS;BANCO SANTANDER - INTERESES POR PRESTAMOS;1
11642;317;5038;BANCO GALICIA - INTERESES POR PRESTAMOS;BANCO GALICIA - INTERESES POR PRESTAMOS;1
11643;317;5041;BBVA FRANCES - INTERESES POR PRESTAMOS;BBVA FRANCES - INTERESES POR PRESTAMOS;1
11644;317;5044;BANCO CREDICOOP- INTERESES POR PRESTAMOS;BANCO CREDICOOP- INTERESES POR PRESTAMOS;1
11645;317;5047;BANCO HSBC - INTERESES POR PRESTAMOS;BANCO HSBC - INTERESES POR PRESTAMOS;1
11646;317;5050;BANCO PATAGONIA- INTERESES POR PRESTAMOS;BANCO PATAGONIA- INTERESES POR PRESTAMOS;1
11647;317;1050;RODADOS - BIENES DE USO;RODADOS - BIENES DE USO;1
11648;317;1051;MUEBLES Y UTILES - BIENES DE USO;MUEBLES Y UTILES - BIENES DE USO;1
11649;317;1052;MAQUINARIA - BIENES DE USO;MAQUINARIA - BIENES DE USO;1
11650;317;1053;INMUEBLES - BIENES DE USO;INMUEBLES - BIENES DE USO;1
11651;317;5020;RODADOS - GASTOS DE MANTENIMIENTO;RODADOS - GASTOS DE MANTENIMIENTO;1
11652;317;5021;MUEBLES Y UTILES - GASTOS DE MANTENIMIENTO;MUEBLES Y UTILES - GASTOS DE MANTENIMIENTO;1
11653;317;5022;MAQUINARIA - GASTOS DE MANTENIMIENTO;MAQUINARIA - GASTOS DE MANTENIMIENTO;1
11654;317;5023;INMUEBLES - GASTOS DE MANTENIMIENTO;INMUEBLES - GASTOS DE MANTENIMIENTO;1
11655;317;5024;COMPRA DE BIENES USADOS A CF;COMPRA DE BIENES USADOS A CF;1
11656;317;1059;INSTALACIONES - BIENES DE USO;INSTALACIONES - BIENES DE USO;1
11657;317;5025;INSTALACIONES - GASTOS DE MANTENIMIENTO;INSTALACIONES - GASTOS DE MANTENIMIENTO;1
11658;317;5004;SERVICIOS Y TASAS;SERVICIOS Y TASAS;1
11659;317;5051;BANCO HIPOTECARIO - COMISIONES CUENTA;BANCO HIPOTECARIO - COMISIONES CUENTA;1
11660;317;5040;BBVA FRANCES - COMISIONES BANCARIAS;BBVA FRANCES - COMISIONES BANCARIAS;1
11661;317;5052;COMISIONES SGR;COMISIONES SGR;1
11662;317;5014;COMISIONES MERCADOLIBRE;COMISIONES MERCADO LIBRE;1
11663;286;5055;COMISION SGR;COMISIONES SGR;1
11664;318;4000;VENTAS;VENTAS;1
11665;318;5000;COMPRAS;COMPRAS;1
11666;318;5001;COMISION TARJETAS DE CREDITO;COMISION TARJETAS DE CREDITO;1
11667;318;5002;COMBUSTIBLES Y LUBRICANTES;COMBUSTIBLES Y LUBRICANTES;1
11668;318;5003;FLETES Y CORREO;FLETES Y CORREO;1
11669;318;5005;LIBRERIA Y PAPELERIA;LIBRERIA Y PAPELERIA;1
11670;318;5006;HONORARIOS PROFESIONALES;HONORARIOS PROFESIONALES;1
11671;318;5007;ALQUILERES PAGADOS;ALQUILERES PAGADOS;1
11672;318;5008;SEGUROS PAGADOS;SEGUROS PAGADOS;1
11673;318;5010;GASTOS GENERALES;GASTOS GENERALES;1
11674;318;5011;SERVICISO INFORMATICOS;SERVICIOS INFORMATICOS;1
11675;318;5012;CANON;CANON;1
11676;318;5013;SERVICIOS JURIDICOS;SERVICIOS JURIDICOS;1
11677;318;5030;BANCO NACION - INTERES POR DESCUBIERTO;BANCO NACION - INTERES POR DESCUBIERTO;1
11678;318;5009;INTERESES BANCARIOS;INTERESES BANCARIOS;1
11679;318;5031;BANCO NACION - GASTOS DE MANTENIMIENTO DE CUENTA;BANCO NACION - GASTOS DE MANTENIMIENTO DE CUENTA;1
11680;318;5032;BANCO NACION - INTERESES POR PRESTAMOS;BANCO NACION - INTERESES POR PRESTAMOS;1
11681;318;5033;BANCO SANTANDER - INTERES POR DESCUBIERTO;BANCO SANTANDER - INTERES POR DESCUBIERTO;1
11682;318;5036;BANCO GALICIA - INTERES POR DESCUBIERTO;BANCO GALICIA - INTERES POR DESCUBIERTO;1
11683;318;5039;BBVA FRANCES - INTERES POR DESCUBIERTO;BBVA FRANCES - INTERES POR DESCUBIERTO;1
11684;318;5042;BANCO CREDICOOP - INTERES POR DESCUBIERTO;BANCO CREDICOOP - INTERES POR DESCUBIERTO;1
11685;318;5045;BANCO HSBC - INTERES POR DESCUBIERTO;BANCO HSBC - INTERES POR DESCUBIERTO;1
11686;318;5048;BANCO PATAGONIA - INTERES POR DESCUBIERTO;BANCO PATAGONIA - INTERES POR DESCUBIERTO;1
11687;318;5034;BANCO SANTANDER - GASTOS DE MANTENIMIENTO DE CUENTA;BANCO SANTANDER - GASTOS DE MANTENIMIENTO DE CUENTA;1
11688;318;5037;BANCO GALICIA - GASTOS DE MANTENIMIENTO DE CUENTA;BANCO GALICIA - GASTOS DE MANTENIMIENTO DE CUENTA;1
11689;318;5043;BANCO CREDICOOP - GASTOS DE MANTENIMIENTO DE CUENTA;BANCO CREDICOOP - GASTOS DE MANTENIMIENTO DE CUENTA;1
11690;318;5046;BANCO HSBC - GASTOS DE MANTENIMIENTO DE CUENTA;BANCO HSBC - GASTOS DE MANTENIMIENTO DE CUENTA;1
11691;318;5049;BANCO PATAGONIA - GASTOS DE MANTENIMIENTO DE CUENTA;BANCO PATAGONIA - GASTOS DE MANTENIMIENTO DE CUENTA;1
11692;318;5035;BANCO SANTANDER - INTERESES POR PRESTAMOS;BANCO SANTANDER - INTERESES POR PRESTAMOS;1
11693;318;5038;BANCO GALICIA - INTERESES POR PRESTAMOS;BANCO GALICIA - INTERESES POR PRESTAMOS;1
11694;318;5041;BBVA FRANCES - INTERESES POR PRESTAMOS;BBVA FRANCES - INTERESES POR PRESTAMOS;1
11695;318;5044;BANCO CREDICOOP- INTERESES POR PRESTAMOS;BANCO CREDICOOP- INTERESES POR PRESTAMOS;1
11696;318;5047;BANCO HSBC - INTERESES POR PRESTAMOS;BANCO HSBC - INTERESES POR PRESTAMOS;1
11697;318;5050;BANCO PATAGONIA- INTERESES POR PRESTAMOS;BANCO PATAGONIA- INTERESES POR PRESTAMOS;1
11698;318;1050;RODADOS - BIENES DE USO;RODADOS - BIENES DE USO;1
11699;318;1051;MUEBLES Y UTILES - BIENES DE USO;MUEBLES Y UTILES - BIENES DE USO;1
11700;318;1052;MAQUINARIA - BIENES DE USO;MAQUINARIA - BIENES DE USO;1
11701;318;1053;INMUEBLES - BIENES DE USO;INMUEBLES - BIENES DE USO;1
11702;318;5020;RODADOS - GASTOS DE MANTENIMIENTO;RODADOS - GASTOS DE MANTENIMIENTO;1
11703;318;5021;MUEBLES Y UTILES - GASTOS DE MANTENIMIENTO;MUEBLES Y UTILES - GASTOS DE MANTENIMIENTO;1
11704;318;5022;MAQUINARIA - GASTOS DE MANTENIMIENTO;MAQUINARIA - GASTOS DE MANTENIMIENTO;1
11705;318;5023;INMUEBLES - GASTOS DE MANTENIMIENTO;INMUEBLES - GASTOS DE MANTENIMIENTO;1
11706;318;5024;COMPRA DE BIENES USADOS A CF;COMPRA DE BIENES USADOS A CF;1
11707;318;1059;INSTALACIONES - BIENES DE USO;INSTALACIONES - BIENES DE USO;1
11708;318;5025;INSTALACIONES - GASTOS DE MANTENIMIENTO;INSTALACIONES - GASTOS DE MANTENIMIENTO;1
11709;318;5004;SERVICIOS Y TASAS;SERVICIOS Y TASAS;1
11710;318;5051;BANCO HIPOTECARIO - COMISIONES CUENTA;BANCO HIPOTECARIO - COMISIONES CUENTA;1
11711;318;5040;BBVA FRANCES - COMISIONES BANCARIAS;BBVA FRANCES - COMISIONES BANCARIAS;1
11712;318;5052;COMISIONES SGR;COMISIONES SGR;1
11713;318;5014;COMISIONES MERCADOLIBRE;COMISIONES MERCADO LIBRE;1
11714;309;4000;VENTAS;VENTAS;1
11715;309;5000;COMPRAS;COMPRAS;1
11716;309;5001;COMISION TARJETAS DE CREDITO;COMISION TARJETAS DE CREDITO;1
11717;309;5002;COMBUSTIBLES Y LUBRICANTES;COMBUSTIBLES Y LUBRICANTES;1
11718;309;5003;FLETES Y CORREO;FLETES Y CORREO;1
11719;309;5005;LIBRERIA Y PAPELERIA;LIBRERIA Y PAPELERIA;1
11720;309;5006;HONORARIOS PROFESIONALES;HONORARIOS PROFESIONALES;1
11721;309;5007;ALQUILERES PAGADOS;ALQUILERES PAGADOS;1
11722;309;5008;SEGUROS PAGADOS;SEGUROS PAGADOS;1
11723;309;5010;GASTOS GENERALES;GASTOS GENERALES;1
11724;309;5011;SERVICISO INFORMATICOS;SERVICIOS INFORMATICOS;1
11725;309;5012;CANON;CANON;1
11726;309;5013;SERVICIOS JURIDICOS;SERVICIOS JURIDICOS;1
11727;309;5030;BANCO NACION - INTERES POR DESCUBIERTO;BANCO NACION - INTERES POR DESCUBIERTO;1
11728;309;5009;INTERESES BANCARIOS;INTERESES BANCARIOS;1
11729;309;5031;BANCO NACION - GASTOS DE MANTENIMIENTO DE CUENTA;BANCO NACION - GASTOS DE MANTENIMIENTO DE CUENTA;1
11730;309;5032;BANCO NACION - INTERESES POR PRESTAMOS;BANCO NACION - INTERESES POR PRESTAMOS;1
11731;309;5033;BANCO SANTANDER - INTERES POR DESCUBIERTO;BANCO SANTANDER - INTERES POR DESCUBIERTO;1
11732;309;5036;BANCO GALICIA - INTERES POR DESCUBIERTO;BANCO GALICIA - INTERES POR DESCUBIERTO;1
11733;309;5039;BBVA FRANCES - INTERES POR DESCUBIERTO;BBVA FRANCES - INTERES POR DESCUBIERTO;1
11734;309;5042;BANCO CREDICOOP - INTERES POR DESCUBIERTO;BANCO CREDICOOP - INTERES POR DESCUBIERTO;1
11735;309;5045;BANCO HSBC - INTERES POR DESCUBIERTO;BANCO HSBC - INTERES POR DESCUBIERTO;1
11736;309;5048;BANCO PATAGONIA - INTERES POR DESCUBIERTO;BANCO PATAGONIA - INTERES POR DESCUBIERTO;1
11737;309;5034;BANCO SANTANDER - GASTOS DE MANTENIMIENTO DE CUENTA;BANCO SANTANDER - GASTOS DE MANTENIMIENTO DE CUENTA;1
11738;309;5037;BANCO GALICIA - GASTOS DE MANTENIMIENTO DE CUENTA;BANCO GALICIA - GASTOS DE MANTENIMIENTO DE CUENTA;1
11739;309;5043;BANCO CREDICOOP - GASTOS DE MANTENIMIENTO DE CUENTA;BANCO CREDICOOP - GASTOS DE MANTENIMIENTO DE CUENTA;1
11740;309;5046;BANCO HSBC - GASTOS DE MANTENIMIENTO DE CUENTA;BANCO HSBC - GASTOS DE MANTENIMIENTO DE CUENTA;1
11741;309;5049;BANCO PATAGONIA - GASTOS DE MANTENIMIENTO DE CUENTA;BANCO PATAGONIA - GASTOS DE MANTENIMIENTO DE CUENTA;1
11742;309;5035;BANCO SANTANDER - INTERESES POR PRESTAMOS;BANCO SANTANDER - INTERESES POR PRESTAMOS;1
11743;309;5038;BANCO GALICIA - INTERESES POR PRESTAMOS;BANCO GALICIA - INTERESES POR PRESTAMOS;1
11744;309;5041;BBVA FRANCES - INTERESES POR PRESTAMOS;BBVA FRANCES - INTERESES POR PRESTAMOS;1
11745;309;5044;BANCO CREDICOOP- INTERESES POR PRESTAMOS;BANCO CREDICOOP- INTERESES POR PRESTAMOS;1
11746;309;5047;BANCO HSBC - INTERESES POR PRESTAMOS;BANCO HSBC - INTERESES POR PRESTAMOS;1
11747;309;5050;BANCO PATAGONIA- INTERESES POR PRESTAMOS;BANCO PATAGONIA- INTERESES POR PRESTAMOS;1
11748;309;1050;RODADOS - BIENES DE USO;RODADOS - BIENES DE USO;1
11749;309;1051;MUEBLES Y UTILES - BIENES DE USO;MUEBLES Y UTILES - BIENES DE USO;1
11750;309;1052;MAQUINARIA - BIENES DE USO;MAQUINARIA - BIENES DE USO;1
11751;309;1053;INMUEBLES - BIENES DE USO;INMUEBLES - BIENES DE USO;1
11752;309;5020;RODADOS - GASTOS DE MANTENIMIENTO;RODADOS - GASTOS DE MANTENIMIENTO;1
11753;309;5021;MUEBLES Y UTILES - GASTOS DE MANTENIMIENTO;MUEBLES Y UTILES - GASTOS DE MANTENIMIENTO;1
11754;309;5022;MAQUINARIA - GASTOS DE MANTENIMIENTO;MAQUINARIA - GASTOS DE MANTENIMIENTO;1
11755;309;5023;INMUEBLES - GASTOS DE MANTENIMIENTO;INMUEBLES - GASTOS DE MANTENIMIENTO;1
11756;309;5024;COMPRA DE BIENES USADOS A CF;COMPRA DE BIENES USADOS A CF;1
11757;309;1059;INSTALACIONES - BIENES DE USO;INSTALACIONES - BIENES DE USO;1
11758;309;5025;INSTALACIONES - GASTOS DE MANTENIMIENTO;INSTALACIONES - GASTOS DE MANTENIMIENTO;1
11759;309;9999;OTROS;OTROS;1
11760;309;5014;comisiones mercado libre;COMISIONES MERCADO LIBRE;1
11761;309;5004;SERVICIOS Y TASAS;SERVICIOS Y TASAS;1
11762;324;4000;VENTAS;VENTAS;1
11763;324;5000;COMPRAS;COMPRAS;1
11764;324;5001;COMISION TARJETAS DE CREDITO;COMISION TARJETAS DE CREDITO;1
11765;324;5002;COMBUSTIBLES Y LUBRICANTES;COMBUSTIBLES Y LUBRICANTES;1
11766;324;5003;FLETES Y CORREO;FLETES Y CORREO;1
11767;324;5005;LIBRERIA Y PAPELERIA;LIBRERIA Y PAPELERIA;1
11768;324;5006;HONORARIOS PROFESIONALES;HONORARIOS PROFESIONALES;1
11769;324;5007;ALQUILERES PAGADOS;ALQUILERES PAGADOS;1
11770;324;5008;SEGUROS PAGADOS;SEGUROS PAGADOS;1
11771;324;5010;GASTOS GENERALES;GASTOS GENERALES;1
11772;324;5011;SERVICISO INFORMATICOS;SERVICIOS INFORMATICOS;1
11773;324;5012;CANON;CANON;1
11774;324;5013;SERVICIOS JURIDICOS;SERVICIOS JURIDICOS;1
11775;324;5030;BANCO NACION - INTERES POR DESCUBIERTO;BANCO NACION - INTERES POR DESCUBIERTO;1
11776;324;5009;INTERESES BANCARIOS;INTERESES BANCARIOS;1
11777;324;5031;BANCO NACION - GASTOS DE MANTENIMIENTO DE CUENTA;BANCO NACION - GASTOS DE MANTENIMIENTO DE CUENTA;1
11778;324;5032;BANCO NACION - INTERESES POR PRESTAMOS;BANCO NACION - INTERESES POR PRESTAMOS;1
11779;324;5033;BANCO SANTANDER - INTERES POR DESCUBIERTO;BANCO SANTANDER - INTERES POR DESCUBIERTO;1
11780;324;5036;BANCO GALICIA - INTERES POR DESCUBIERTO;BANCO GALICIA - INTERES POR DESCUBIERTO;1
11781;324;5039;BBVA FRANCES - INTERES POR DESCUBIERTO;BBVA FRANCES - INTERES POR DESCUBIERTO;1
11782;324;5042;BANCO CREDICOOP - INTERES POR DESCUBIERTO;BANCO CREDICOOP - INTERES POR DESCUBIERTO;1
11783;324;5045;BANCO HSBC - INTERES POR DESCUBIERTO;BANCO HSBC - INTERES POR DESCUBIERTO;1
11784;324;5048;BANCO PATAGONIA - INTERES POR DESCUBIERTO;BANCO PATAGONIA - INTERES POR DESCUBIERTO;1
11785;324;5034;BANCO SANTANDER - GASTOS DE MANTENIMIENTO DE CUENTA;BANCO SANTANDER - GASTOS DE MANTENIMIENTO DE CUENTA;1
11786;324;5037;BANCO GALICIA - GASTOS DE MANTENIMIENTO DE CUENTA;BANCO GALICIA - GASTOS DE MANTENIMIENTO DE CUENTA;1
11787;324;5043;BANCO CREDICOOP - GASTOS DE MANTENIMIENTO DE CUENTA;BANCO CREDICOOP - GASTOS DE MANTENIMIENTO DE CUENTA;1
11788;324;5046;BANCO HSBC - GASTOS DE MANTENIMIENTO DE CUENTA;BANCO HSBC - GASTOS DE MANTENIMIENTO DE CUENTA;1
11789;324;5049;BANCO PATAGONIA - GASTOS DE MANTENIMIENTO DE CUENTA;BANCO PATAGONIA - GASTOS DE MANTENIMIENTO DE CUENTA;1
11790;324;5035;BANCO SANTANDER - INTERESES POR PRESTAMOS;BANCO SANTANDER - INTERESES POR PRESTAMOS;1
11791;324;5038;BANCO GALICIA - INTERESES POR PRESTAMOS;BANCO GALICIA - INTERESES POR PRESTAMOS;1
11792;324;5041;BBVA FRANCES - INTERESES POR PRESTAMOS;BBVA FRANCES - INTERESES POR PRESTAMOS;1
11793;324;5044;BANCO CREDICOOP- INTERESES POR PRESTAMOS;BANCO CREDICOOP- INTERESES POR PRESTAMOS;1
11794;324;5047;BANCO HSBC - INTERESES POR PRESTAMOS;BANCO HSBC - INTERESES POR PRESTAMOS;1
11795;324;5050;BANCO PATAGONIA- INTERESES POR PRESTAMOS;BANCO PATAGONIA- INTERESES POR PRESTAMOS;1
11796;324;1050;RODADOS - BIENES DE USO;RODADOS - BIENES DE USO;1
11797;324;1051;MUEBLES Y UTILES - BIENES DE USO;MUEBLES Y UTILES - BIENES DE USO;1
11798;324;1052;MAQUINARIA - BIENES DE USO;MAQUINARIA - BIENES DE USO;1
11799;324;1053;INMUEBLES - BIENES DE USO;INMUEBLES - BIENES DE USO;1
11800;324;5020;RODADOS - GASTOS DE MANTENIMIENTO;RODADOS - GASTOS DE MANTENIMIENTO;1
11801;324;5021;MUEBLES Y UTILES - GASTOS DE MANTENIMIENTO;MUEBLES Y UTILES - GASTOS DE MANTENIMIENTO;1
11802;324;5022;MAQUINARIA - GASTOS DE MANTENIMIENTO;MAQUINARIA - GASTOS DE MANTENIMIENTO;1
11803;324;5023;INMUEBLES - GASTOS DE MANTENIMIENTO;INMUEBLES - GASTOS DE MANTENIMIENTO;1
11804;324;5024;COMPRA DE BIENES USADOS A CF;COMPRA DE BIENES USADOS A CF;1
11805;324;1059;INSTALACIONES - BIENES DE USO;INSTALACIONES - BIENES DE USO;1
11806;324;5025;INSTALACIONES - GASTOS DE MANTENIMIENTO;INSTALACIONES - GASTOS DE MANTENIMIENTO;1
11807;324;5004;SERVICIOS Y TASAS;SERVICIOS Y TASAS;1
11808;324;5051;BANCO HIPOTECARIO - COMISIONES CUENTA;BANCO HIPOTECARIO - COMISIONES CUENTA;1
11809;324;5040;BBVA FRANCES - COMISIONES BANCARIAS;BBVA FRANCES - COMISIONES BANCARIAS;1
11810;324;5052;COMISIONES SGR;COMISIONES SGR;1
11811;324;5014;COMISIONES MERCADOLIBRE;COMISIONES MERCADO LIBRE;1
11812;42;5014;COMISIONES SGR;COMISIONES SGR;1
11813;28;5054;COMISIONES SGR;COMISIONES SGR;1
11814;77;5053;Tarjeta PYMEnacion;TARJETA PYMENACION;1
11815;106;5055;PymeNacion;PYMENACION;1
11816;83;5040;BBVA FRANCES - GASTOS DE MANTENIMIENTO DE CUENTA;BBVA FRANCES - GASTOS DE MANTENIMIENTO DE CUENTA;1
11817;228;5051;BANCO MACRO - GASTOS DE MANTENIMIENTO DE CUENTA;BANCO MACRO - GASTOS DE MANTENIMIENTO DE CUENTA;1
11818;195;4000;VENTAS;VENTAS;1
11819;195;5000;COMPRAS;COMPRAS;1
11820;195;5001;COMISION TARJETAS DE CREDITO;COMISION TARJETAS DE CREDITO;1
11821;195;5002;COMBUSTIBLES Y LUBRICANTES;COMBUSTIBLES Y LUBRICANTES;1
11822;195;5003;FLETES Y CORREO;FLETES Y CORREO;1
11823;195;5005;LIBRERIA Y PAPELERIA;LIBRERIA Y PAPELERIA;1
11824;195;5006;HONORARIOS PROFESIONALES;HONORARIOS PROFESIONALES;1
11825;195;5007;ALQUILERES PAGADOS;ALQUILERES PAGADOS;1
11826;195;5008;SEGUROS PAGADOS;SEGUROS PAGADOS;1
11827;195;5010;GASTOS GENERALES;GASTOS GENERALES;1
11828;195;5011;SERVICISO INFORMATICOS;SERVICIOS INFORMATICOS;1
11829;195;5012;CANON;CANON;1
11830;195;5013;SERVICIOS JURIDICOS;SERVICIOS JURIDICOS;1
11831;195;5030;BANCO NACION - INTERES POR DESCUBIERTO;BANCO NACION - INTERES POR DESCUBIERTO;1
11832;195;5009;INTERESES BANCARIOS;INTERESES BANCARIOS;1
11833;195;5031;BANCO NACION - GASTOS DE MANTENIMIENTO DE CUENTA;BANCO NACION - GASTOS DE MANTENIMIENTO DE CUENTA;1
11834;195;5032;BANCO NACION - INTERESES POR PRESTAMOS;BANCO NACION - INTERESES POR PRESTAMOS;1
11835;195;5033;BANCO SANTANDER - INTERES POR DESCUBIERTO;BANCO SANTANDER - INTERES POR DESCUBIERTO;1
11836;195;5036;BANCO GALICIA - INTERES POR DESCUBIERTO;BANCO GALICIA - INTERES POR DESCUBIERTO;1
11837;195;5039;BBVA FRANCES - INTERES POR DESCUBIERTO;BBVA FRANCES - INTERES POR DESCUBIERTO;1
11838;195;5042;BANCO CREDICOOP - INTERES POR DESCUBIERTO;BANCO CREDICOOP - INTERES POR DESCUBIERTO;1
11839;195;5045;BANCO HSBC - INTERES POR DESCUBIERTO;BANCO HSBC - INTERES POR DESCUBIERTO;1
11840;195;5048;BANCO PATAGONIA - INTERES POR DESCUBIERTO;BANCO PATAGONIA - INTERES POR DESCUBIERTO;1
11841;195;5034;BANCO SANTANDER - GASTOS DE MANTENIMIENTO DE CUENTA;BANCO SANTANDER - GASTOS DE MANTENIMIENTO DE CUENTA;1
11842;195;5037;BANCO GALICIA - GASTOS DE MANTENIMIENTO DE CUENTA;BANCO GALICIA - GASTOS DE MANTENIMIENTO DE CUENTA;1
11843;195;5043;BANCO CREDICOOP - GASTOS DE MANTENIMIENTO DE CUENTA;BANCO CREDICOOP - GASTOS DE MANTENIMIENTO DE CUENTA;1
11844;195;5046;BANCO HSBC - GASTOS DE MANTENIMIENTO DE CUENTA;BANCO HSBC - GASTOS DE MANTENIMIENTO DE CUENTA;1
11845;195;5049;BANCO PATAGONIA - GASTOS DE MANTENIMIENTO DE CUENTA;BANCO PATAGONIA - GASTOS DE MANTENIMIENTO DE CUENTA;1
11846;195;5035;BANCO SANTANDER - INTERESES POR PRESTAMOS;BANCO SANTANDER - INTERESES POR PRESTAMOS;1
11847;195;5038;BANCO GALICIA - INTERESES POR PRESTAMOS;BANCO GALICIA - INTERESES POR PRESTAMOS;1
11848;195;5041;BBVA FRANCES - INTERESES POR PRESTAMOS;BBVA FRANCES - INTERESES POR PRESTAMOS;1
11849;195;5044;BANCO CREDICOOP- INTERESES POR PRESTAMOS;BANCO CREDICOOP- INTERESES POR PRESTAMOS;1
11850;195;5047;BANCO HSBC - INTERESES POR PRESTAMOS;BANCO HSBC - INTERESES POR PRESTAMOS;1
11851;195;5050;BANCO PATAGONIA- INTERESES POR PRESTAMOS;BANCO PATAGONIA- INTERESES POR PRESTAMOS;1
11852;195;1050;RODADOS - BIENES DE USO;RODADOS - BIENES DE USO;1
11853;195;1051;MUEBLES Y UTILES - BIENES DE USO;MUEBLES Y UTILES - BIENES DE USO;1
11854;195;1052;MAQUINARIA - BIENES DE USO;MAQUINARIA - BIENES DE USO;1
11855;195;1053;INMUEBLES - BIENES DE USO;INMUEBLES - BIENES DE USO;1
11856;195;5020;RODADOS - GASTOS DE MANTENIMIENTO;RODADOS - GASTOS DE MANTENIMIENTO;1
11857;195;5021;MUEBLES Y UTILES - GASTOS DE MANTENIMIENTO;MUEBLES Y UTILES - GASTOS DE MANTENIMIENTO;1
11858;195;5022;MAQUINARIA - GASTOS DE MANTENIMIENTO;MAQUINARIA - GASTOS DE MANTENIMIENTO;1
11859;195;5023;INMUEBLES - GASTOS DE MANTENIMIENTO;INMUEBLES - GASTOS DE MANTENIMIENTO;1
11860;195;5024;COMPRA DE BIENES USADOS A CF;COMPRA DE BIENES USADOS A CF;1
11861;195;1059;INSTALACIONES - BIENES DE USO;INSTALACIONES - BIENES DE USO;1
11862;195;5025;INSTALACIONES - GASTOS DE MANTENIMIENTO;INSTALACIONES - GASTOS DE MANTENIMIENTO;1
11863;195;5004;SERVICIOS Y TASAS;SERVICIOS Y TASAS;1
11864;195;5051;BANCO HIPOTECARIO - COMISIONES CUENTA;BANCO HIPOTECARIO - COMISIONES CUENTA;1
11865;195;5040;BBVA FRANCES - COMISIONES BANCARIAS;BBVA FRANCES - COMISIONES BANCARIAS;1
11866;195;5052;COMISIONES SGR;COMISIONES SGR;1
11867;195;5014;COMISIONES MERCADOLIBRE;COMISIONES MERCADO LIBRE;1
11868;276;5020;Rodados - Gastos de mantenimiento;RODADOS - GASTOS DE MANTENIMIENTO;1
11869;243;5053;BANCO MACRO - COMISIONES BANCARIAS;BANCO MACRO - COMISIONES BANCARIAS;1
11870;326;5000;COMPRAS;COMPRAS;1
11871;29;5052;BANCO MACRO - GASTOS DE MANTENIMIENTO DE CUENTA;BANCO MACRO - GASTOS DE MANTENIMIENTO DE CUENTA;1
11872;227;5054;BANCO MACRO - INTERES DESCUBIERTO;BANCO MACRO - INTERES DESCUBIERTO;1
11873;125;5053;BANCO MACRO - GASTOS DE MANTENIMIENTO DE CUENTA;BANCO MACRO - GASTOS DE MANTENIMIENTO DE CUENTA;1
11874;319;4000;VENTAS;VENTAS;1
11875;319;5000;COMPRAS;COMPRAS;1
11876;319;5001;COMISION TARJETAS DE CREDITO;COMISION TARJETAS DE CREDITO;1
11877;319;5002;COMBUSTIBLES Y LUBRICANTES;COMBUSTIBLES Y LUBRICANTES;1
11878;319;5003;FLETES Y CORREO;FLETES Y CORREO;1
11879;319;5005;LIBRERIA Y PAPELERIA;LIBRERIA Y PAPELERIA;1
11880;319;5006;HONORARIOS PROFESIONALES;HONORARIOS PROFESIONALES;1
11881;319;5007;ALQUILERES PAGADOS;ALQUILERES PAGADOS;1
11882;319;5008;SEGUROS PAGADOS;SEGUROS PAGADOS;1
11883;319;5010;GASTOS GENERALES;GASTOS GENERALES;1
11884;319;5011;SERVICISO INFORMATICOS;SERVICIOS INFORMATICOS;1
11885;319;5012;CANON;CANON;1
11886;319;5013;SERVICIOS JURIDICOS;SERVICIOS JURIDICOS;1
11887;319;5030;BANCO NACION - INTERES POR DESCUBIERTO;BANCO NACION - INTERES POR DESCUBIERTO;1
11888;319;5009;INTERESES BANCARIOS;INTERESES BANCARIOS;1
11889;319;5031;BANCO NACION - GASTOS DE MANTENIMIENTO DE CUENTA;BANCO NACION - GASTOS DE MANTENIMIENTO DE CUENTA;1
11890;319;5032;BANCO NACION - INTERESES POR PRESTAMOS;BANCO NACION - INTERESES POR PRESTAMOS;1
11891;319;5033;BANCO SANTANDER - INTERES POR DESCUBIERTO;BANCO SANTANDER - INTERES POR DESCUBIERTO;1
11892;319;5036;BANCO GALICIA - INTERES POR DESCUBIERTO;BANCO GALICIA - INTERES POR DESCUBIERTO;1
11893;319;5039;BBVA FRANCES - INTERES POR DESCUBIERTO;BBVA FRANCES - INTERES POR DESCUBIERTO;1
11894;319;5042;BANCO CREDICOOP - INTERES POR DESCUBIERTO;BANCO CREDICOOP - INTERES POR DESCUBIERTO;1
11895;319;5045;BANCO HSBC - INTERES POR DESCUBIERTO;BANCO HSBC - INTERES POR DESCUBIERTO;1
11896;319;5048;BANCO PATAGONIA - INTERES POR DESCUBIERTO;BANCO PATAGONIA - INTERES POR DESCUBIERTO;1
11897;319;5034;BANCO SANTANDER - GASTOS DE MANTENIMIENTO DE CUENTA;BANCO SANTANDER - GASTOS DE MANTENIMIENTO DE CUENTA;1
11898;319;5037;BANCO GALICIA - GASTOS DE MANTENIMIENTO DE CUENTA;BANCO GALICIA - GASTOS DE MANTENIMIENTO DE CUENTA;1
11899;319;5043;BANCO CREDICOOP - GASTOS DE MANTENIMIENTO DE CUENTA;BANCO CREDICOOP - GASTOS DE MANTENIMIENTO DE CUENTA;1
11900;319;5046;BANCO HSBC - GASTOS DE MANTENIMIENTO DE CUENTA;BANCO HSBC - GASTOS DE MANTENIMIENTO DE CUENTA;1
11901;319;5049;BANCO PATAGONIA - GASTOS DE MANTENIMIENTO DE CUENTA;BANCO PATAGONIA - GASTOS DE MANTENIMIENTO DE CUENTA;1
11902;319;5035;BANCO SANTANDER - INTERESES POR PRESTAMOS;BANCO SANTANDER - INTERESES POR PRESTAMOS;1
11903;319;5038;BANCO GALICIA - INTERESES POR PRESTAMOS;BANCO GALICIA - INTERESES POR PRESTAMOS;1
11904;319;5041;BBVA FRANCES - INTERESES POR PRESTAMOS;BBVA FRANCES - INTERESES POR PRESTAMOS;1
11905;319;5044;BANCO CREDICOOP- INTERESES POR PRESTAMOS;BANCO CREDICOOP- INTERESES POR PRESTAMOS;1
11906;319;5047;BANCO HSBC - INTERESES POR PRESTAMOS;BANCO HSBC - INTERESES POR PRESTAMOS;1
11907;319;5050;BANCO PATAGONIA- INTERESES POR PRESTAMOS;BANCO PATAGONIA- INTERESES POR PRESTAMOS;1
11908;319;1050;RODADOS - BIENES DE USO;RODADOS - BIENES DE USO;1
11909;319;1051;MUEBLES Y UTILES - BIENES DE USO;MUEBLES Y UTILES - BIENES DE USO;1
11910;319;1052;MAQUINARIA - BIENES DE USO;MAQUINARIA - BIENES DE USO;1
11911;319;1053;INMUEBLES - BIENES DE USO;INMUEBLES - BIENES DE USO;1
11912;319;5020;RODADOS - GASTOS DE MANTENIMIENTO;RODADOS - GASTOS DE MANTENIMIENTO;1
11913;319;5021;MUEBLES Y UTILES - GASTOS DE MANTENIMIENTO;MUEBLES Y UTILES - GASTOS DE MANTENIMIENTO;1
11914;319;5022;MAQUINARIA - GASTOS DE MANTENIMIENTO;MAQUINARIA - GASTOS DE MANTENIMIENTO;1
11915;319;5023;INMUEBLES - GASTOS DE MANTENIMIENTO;INMUEBLES - GASTOS DE MANTENIMIENTO;1
11916;319;5024;COMPRA DE BIENES USADOS A CF;COMPRA DE BIENES USADOS A CF;1
11917;319;1059;INSTALACIONES - BIENES DE USO;INSTALACIONES - BIENES DE USO;1
11918;319;5025;INSTALACIONES - GASTOS DE MANTENIMIENTO;INSTALACIONES - GASTOS DE MANTENIMIENTO;1
11919;319;9999;OTROS;OTROS;1
11920;319;5014;comisiones mercado libre;COMISIONES MERCADO LIBRE;1
11921;319;5004;SERVICIOS Y TASAS;SERVICIOS Y TASAS;1
11922;257;5060;COMPRA LIQUIDO PRODUCTO YPF;COMPRA LIQUIDO PRODUCTO YPF;1
11923;20;5014;COMISION MERCADO LIBRE;COMISIONES MERCADO LIBRE;1
11924;254;4000;VENTAS;VENTAS;1
11925;254;5000;COMPRAS;COMPRAS;1
11926;254;5001;COMISION TARJETAS DE CREDITO;COMISION TARJETAS DE CREDITO;1
11927;254;5002;COMBUSTIBLES Y LUBRICANTES;COMBUSTIBLES Y LUBRICANTES;1
11928;254;5003;FLETES Y CORREO;FLETES Y CORREO;1
11929;254;5005;LIBRERIA Y PAPELERIA;LIBRERIA Y PAPELERIA;1
11930;254;5006;HONORARIOS PROFESIONALES;HONORARIOS PROFESIONALES;1
11931;254;5007;ALQUILERES PAGADOS;ALQUILERES PAGADOS;1
11932;254;5008;SEGUROS PAGADOS;SEGUROS PAGADOS;1
11933;254;5010;GASTOS GENERALES;GASTOS GENERALES;1
11934;254;5011;SERVICISO INFORMATICOS;SERVICIOS INFORMATICOS;1
11935;254;5012;CANON;CANON;1
11936;254;5013;SERVICIOS JURIDICOS;SERVICIOS JURIDICOS;1
11937;254;5030;BANCO NACION - INTERES POR DESCUBIERTO;BANCO NACION - INTERES POR DESCUBIERTO;1
11938;254;5009;INTERESES BANCARIOS;INTERESES BANCARIOS;1
11939;254;5031;BANCO NACION - GASTOS DE MANTENIMIENTO DE CUENTA;BANCO NACION - GASTOS DE MANTENIMIENTO DE CUENTA;1
11940;254;5032;BANCO NACION - INTERESES POR PRESTAMOS;BANCO NACION - INTERESES POR PRESTAMOS;1
11941;254;5033;BANCO SANTANDER - INTERES POR DESCUBIERTO;BANCO SANTANDER - INTERES POR DESCUBIERTO;1
11942;254;5036;BANCO GALICIA - INTERES POR DESCUBIERTO;BANCO GALICIA - INTERES POR DESCUBIERTO;1
11943;254;5039;BBVA FRANCES - INTERES POR DESCUBIERTO;BBVA FRANCES - INTERES POR DESCUBIERTO;1
11944;254;5042;BANCO CREDICOOP - INTERES POR DESCUBIERTO;BANCO CREDICOOP - INTERES POR DESCUBIERTO;1
11945;254;5045;BANCO HSBC - INTERES POR DESCUBIERTO;BANCO HSBC - INTERES POR DESCUBIERTO;1
11946;254;5048;BANCO PATAGONIA - INTERES POR DESCUBIERTO;BANCO PATAGONIA - INTERES POR DESCUBIERTO;1
11947;254;5034;BANCO SANTANDER - GASTOS DE MANTENIMIENTO DE CUENTA;BANCO SANTANDER - GASTOS DE MANTENIMIENTO DE CUENTA;1
11948;254;5037;BANCO GALICIA - GASTOS DE MANTENIMIENTO DE CUENTA;BANCO GALICIA - GASTOS DE MANTENIMIENTO DE CUENTA;1
11949;254;5043;BANCO CREDICOOP - GASTOS DE MANTENIMIENTO DE CUENTA;BANCO CREDICOOP - GASTOS DE MANTENIMIENTO DE CUENTA;1
11950;254;5046;BANCO HSBC - GASTOS DE MANTENIMIENTO DE CUENTA;BANCO HSBC - GASTOS DE MANTENIMIENTO DE CUENTA;1
11951;254;5049;BANCO PATAGONIA - GASTOS DE MANTENIMIENTO DE CUENTA;BANCO PATAGONIA - GASTOS DE MANTENIMIENTO DE CUENTA;1
11952;254;5035;BANCO SANTANDER - INTERESES POR PRESTAMOS;BANCO SANTANDER - INTERESES POR PRESTAMOS;1
11953;254;5038;BANCO GALICIA - INTERESES POR PRESTAMOS;BANCO GALICIA - INTERESES POR PRESTAMOS;1
11954;254;5041;BBVA FRANCES - INTERESES POR PRESTAMOS;BBVA FRANCES - INTERESES POR PRESTAMOS;1
11955;254;5044;BANCO CREDICOOP- INTERESES POR PRESTAMOS;BANCO CREDICOOP- INTERESES POR PRESTAMOS;1
11956;254;5047;BANCO HSBC - INTERESES POR PRESTAMOS;BANCO HSBC - INTERESES POR PRESTAMOS;1
11957;254;5050;BANCO PATAGONIA- INTERESES POR PRESTAMOS;BANCO PATAGONIA- INTERESES POR PRESTAMOS;1
11958;254;1050;RODADOS - BIENES DE USO;RODADOS - BIENES DE USO;1
11959;254;1051;MUEBLES Y UTILES - BIENES DE USO;MUEBLES Y UTILES - BIENES DE USO;1
11960;254;1052;MAQUINARIA - BIENES DE USO;MAQUINARIA - BIENES DE USO;1
11961;254;1053;INMUEBLES - BIENES DE USO;INMUEBLES - BIENES DE USO;1
11962;254;5020;RODADOS - GASTOS DE MANTENIMIENTO;RODADOS - GASTOS DE MANTENIMIENTO;1
11963;254;5021;MUEBLES Y UTILES - GASTOS DE MANTENIMIENTO;MUEBLES Y UTILES - GASTOS DE MANTENIMIENTO;1
11964;254;5022;MAQUINARIA - GASTOS DE MANTENIMIENTO;MAQUINARIA - GASTOS DE MANTENIMIENTO;1
11965;254;5023;INMUEBLES - GASTOS DE MANTENIMIENTO;INMUEBLES - GASTOS DE MANTENIMIENTO;1
11966;254;5024;COMPRA DE BIENES USADOS A CF;COMPRA DE BIENES USADOS A CF;1
11967;254;1059;INSTALACIONES - BIENES DE USO;INSTALACIONES - BIENES DE USO;1
11968;254;5025;INSTALACIONES - GASTOS DE MANTENIMIENTO;INSTALACIONES - GASTOS DE MANTENIMIENTO;1
11969;254;9999;OTROS;OTROS;1
11970;254;5014;comisiones mercado libre;COMISIONES MERCADO LIBRE;1
11971;254;5004;SERVICIOS Y TASAS;SERVICIOS Y TASAS;1
11972;327;4000;VENTAS;VENTAS;1
11973;327;5000;COMPRAS;COMPRAS;1
11974;327;5001;COMISION TARJETAS DE CREDITO;COMISION TARJETAS DE CREDITO;1
11975;327;5002;COMBUSTIBLES Y LUBRICANTES;COMBUSTIBLES Y LUBRICANTES;1
11976;327;5003;FLETES Y CORREO;FLETES Y CORREO;1
11977;327;5005;LIBRERIA Y PAPELERIA;LIBRERIA Y PAPELERIA;1
11978;327;5006;HONORARIOS PROFESIONALES;HONORARIOS PROFESIONALES;1
11979;327;5007;ALQUILERES PAGADOS;ALQUILERES PAGADOS;1
11980;327;5008;SEGUROS PAGADOS;SEGUROS PAGADOS;1
11981;327;5010;GASTOS GENERALES;GASTOS GENERALES;1
11982;327;5011;SERVICISO INFORMATICOS;SERVICIOS INFORMATICOS;1
11983;327;5012;CANON;CANON;1
11984;327;5013;SERVICIOS JURIDICOS;SERVICIOS JURIDICOS;1
11985;327;5030;BANCO NACION - INTERES POR DESCUBIERTO;BANCO NACION - INTERES POR DESCUBIERTO;1
11986;327;5009;INTERESES BANCARIOS;INTERESES BANCARIOS;1
11987;327;5031;BANCO NACION - GASTOS DE MANTENIMIENTO DE CUENTA;BANCO NACION - GASTOS DE MANTENIMIENTO DE CUENTA;1
11988;327;5032;BANCO NACION - INTERESES POR PRESTAMOS;BANCO NACION - INTERESES POR PRESTAMOS;1
11989;327;5033;BANCO SANTANDER - INTERES POR DESCUBIERTO;BANCO SANTANDER - INTERES POR DESCUBIERTO;1
11990;327;5036;BANCO GALICIA - INTERES POR DESCUBIERTO;BANCO GALICIA - INTERES POR DESCUBIERTO;1
11991;327;5039;BBVA FRANCES - INTERES POR DESCUBIERTO;BBVA FRANCES - INTERES POR DESCUBIERTO;1
11992;327;5042;BANCO CREDICOOP - INTERES POR DESCUBIERTO;BANCO CREDICOOP - INTERES POR DESCUBIERTO;1
11993;327;5045;BANCO HSBC - INTERES POR DESCUBIERTO;BANCO HSBC - INTERES POR DESCUBIERTO;1
11994;327;5048;BANCO PATAGONIA - INTERES POR DESCUBIERTO;BANCO PATAGONIA - INTERES POR DESCUBIERTO;1
11995;327;5034;BANCO SANTANDER - GASTOS DE MANTENIMIENTO DE CUENTA;BANCO SANTANDER - GASTOS DE MANTENIMIENTO DE CUENTA;1
11996;327;5037;BANCO GALICIA - GASTOS DE MANTENIMIENTO DE CUENTA;BANCO GALICIA - GASTOS DE MANTENIMIENTO DE CUENTA;1
11997;327;5043;BANCO CREDICOOP - GASTOS DE MANTENIMIENTO DE CUENTA;BANCO CREDICOOP - GASTOS DE MANTENIMIENTO DE CUENTA;1
11998;327;5046;BANCO HSBC - GASTOS DE MANTENIMIENTO DE CUENTA;BANCO HSBC - GASTOS DE MANTENIMIENTO DE CUENTA;1
11999;327;5049;BANCO PATAGONIA - GASTOS DE MANTENIMIENTO DE CUENTA;BANCO PATAGONIA - GASTOS DE MANTENIMIENTO DE CUENTA;1
12000;327;5035;BANCO SANTANDER - INTERESES POR PRESTAMOS;BANCO SANTANDER - INTERESES POR PRESTAMOS;1
12001;327;5038;BANCO GALICIA - INTERESES POR PRESTAMOS;BANCO GALICIA - INTERESES POR PRESTAMOS;1
12002;327;5041;BBVA FRANCES - INTERESES POR PRESTAMOS;BBVA FRANCES - INTERESES POR PRESTAMOS;1
12003;327;5044;BANCO CREDICOOP- INTERESES POR PRESTAMOS;BANCO CREDICOOP- INTERESES POR PRESTAMOS;1
12004;327;5047;BANCO HSBC - INTERESES POR PRESTAMOS;BANCO HSBC - INTERESES POR PRESTAMOS;1
12005;327;5050;BANCO PATAGONIA- INTERESES POR PRESTAMOS;BANCO PATAGONIA- INTERESES POR PRESTAMOS;1
12006;327;1050;RODADOS - BIENES DE USO;RODADOS - BIENES DE USO;1
12007;327;1051;MUEBLES Y UTILES - BIENES DE USO;MUEBLES Y UTILES - BIENES DE USO;1
12008;327;1052;MAQUINARIA - BIENES DE USO;MAQUINARIA - BIENES DE USO;1
12009;327;1053;INMUEBLES - BIENES DE USO;INMUEBLES - BIENES DE USO;1
12010;327;5020;RODADOS - GASTOS DE MANTENIMIENTO;RODADOS - GASTOS DE MANTENIMIENTO;1
12011;327;5021;MUEBLES Y UTILES - GASTOS DE MANTENIMIENTO;MUEBLES Y UTILES - GASTOS DE MANTENIMIENTO;1
12012;327;5022;MAQUINARIA - GASTOS DE MANTENIMIENTO;MAQUINARIA - GASTOS DE MANTENIMIENTO;1
12013;327;5023;INMUEBLES - GASTOS DE MANTENIMIENTO;INMUEBLES - GASTOS DE MANTENIMIENTO;1
12014;327;5024;COMPRA DE BIENES USADOS A CF;COMPRA DE BIENES USADOS A CF;1
12015;327;1059;INSTALACIONES - BIENES DE USO;INSTALACIONES - BIENES DE USO;1
12016;327;5025;INSTALACIONES - GASTOS DE MANTENIMIENTO;INSTALACIONES - GASTOS DE MANTENIMIENTO;1
12017;327;9999;OTROS;OTROS;1
12018;327;5014;comisiones mercado libre;COMISIONES MERCADO LIBRE;1
12019;327;5004;SERVICIOS Y TASAS;SERVICIOS Y TASAS;1
12020;97;5052;BANCO MACRO - GASTOS DE MANTENIMIENTO DE CUENTA;BANCO MACRO - GASTOS DE MANTENIMIENTO DE CUENTA;1
12021;77;5056;BANCO HIPOTECARIO - INTERESES POR PRESTAMOS;BANCO HIPOTECARIO - INTERESES POR PRESTAMOS;1
12022;223;5055;BANCO MACRO - GASTOS DE MANTENIMIENTO DE CUENTA;BANCO MACRO - GASTOS DE MANTENIMIENTO DE CUENTA;1
12023;313;4000;VENTAS;VENTAS;1
12024;313;5000;COMPRAS;COMPRAS;1
12025;313;5001;COMISION TARJETAS DE CREDITO;COMISION TARJETAS DE CREDITO;1
12026;313;5002;COMBUSTIBLES Y LUBRICANTES;COMBUSTIBLES Y LUBRICANTES;1
12027;313;5003;FLETES Y CORREO;FLETES Y CORREO;1
12028;313;5005;LIBRERIA Y PAPELERIA;LIBRERIA Y PAPELERIA;1
12029;313;5006;HONORARIOS PROFESIONALES;HONORARIOS PROFESIONALES;1
12030;313;5007;ALQUILERES PAGADOS;ALQUILERES PAGADOS;1
12031;313;5008;SEGUROS PAGADOS;SEGUROS PAGADOS;1
12032;313;5010;GASTOS GENERALES;GASTOS GENERALES;1
12033;313;5011;SERVICISO INFORMATICOS;SERVICIOS INFORMATICOS;1
12034;313;5012;CANON;CANON;1
12035;313;5013;SERVICIOS JURIDICOS;SERVICIOS JURIDICOS;1
12036;313;5030;BANCO NACION - INTERES POR DESCUBIERTO;BANCO NACION - INTERES POR DESCUBIERTO;1
12037;313;5009;INTERESES BANCARIOS;INTERESES BANCARIOS;1
12038;313;5031;BANCO NACION - GASTOS DE MANTENIMIENTO DE CUENTA;BANCO NACION - GASTOS DE MANTENIMIENTO DE CUENTA;1
12039;313;5032;BANCO NACION - INTERESES POR PRESTAMOS;BANCO NACION - INTERESES POR PRESTAMOS;1
12040;313;5033;BANCO SANTANDER - INTERES POR DESCUBIERTO;BANCO SANTANDER - INTERES POR DESCUBIERTO;1
12041;313;5036;BANCO GALICIA - INTERES POR DESCUBIERTO;BANCO GALICIA - INTERES POR DESCUBIERTO;1
12042;313;5039;BBVA FRANCES - INTERES POR DESCUBIERTO;BBVA FRANCES - INTERES POR DESCUBIERTO;1
12043;313;5042;BANCO CREDICOOP - INTERES POR DESCUBIERTO;BANCO CREDICOOP - INTERES POR DESCUBIERTO;1
12044;313;5045;BANCO HSBC - INTERES POR DESCUBIERTO;BANCO HSBC - INTERES POR DESCUBIERTO;1
12045;313;5048;BANCO PATAGONIA - INTERES POR DESCUBIERTO;BANCO PATAGONIA - INTERES POR DESCUBIERTO;1
12046;313;5034;BANCO SANTANDER - GASTOS DE MANTENIMIENTO DE CUENTA;BANCO SANTANDER - GASTOS DE MANTENIMIENTO DE CUENTA;1
12047;313;5037;BANCO GALICIA - GASTOS DE MANTENIMIENTO DE CUENTA;BANCO GALICIA - GASTOS DE MANTENIMIENTO DE CUENTA;1
12048;313;5043;BANCO CREDICOOP - GASTOS DE MANTENIMIENTO DE CUENTA;BANCO CREDICOOP - GASTOS DE MANTENIMIENTO DE CUENTA;1
12049;313;5046;BANCO HSBC - GASTOS DE MANTENIMIENTO DE CUENTA;BANCO HSBC - GASTOS DE MANTENIMIENTO DE CUENTA;1
12050;313;5049;BANCO PATAGONIA - GASTOS DE MANTENIMIENTO DE CUENTA;BANCO PATAGONIA - GASTOS DE MANTENIMIENTO DE CUENTA;1
12051;313;5035;BANCO SANTANDER - INTERESES POR PRESTAMOS;BANCO SANTANDER - INTERESES POR PRESTAMOS;1
12052;313;5038;BANCO GALICIA - INTERESES POR PRESTAMOS;BANCO GALICIA - INTERESES POR PRESTAMOS;1
12053;313;5041;BBVA FRANCES - INTERESES POR PRESTAMOS;BBVA FRANCES - INTERESES POR PRESTAMOS;1
12054;313;5044;BANCO CREDICOOP- INTERESES POR PRESTAMOS;BANCO CREDICOOP- INTERESES POR PRESTAMOS;1
12055;313;5047;BANCO HSBC - INTERESES POR PRESTAMOS;BANCO HSBC - INTERESES POR PRESTAMOS;1
12056;313;5050;BANCO PATAGONIA- INTERESES POR PRESTAMOS;BANCO PATAGONIA- INTERESES POR PRESTAMOS;1
12057;313;1050;RODADOS - BIENES DE USO;RODADOS - BIENES DE USO;1
12058;313;1051;MUEBLES Y UTILES - BIENES DE USO;MUEBLES Y UTILES - BIENES DE USO;1
12059;313;1052;MAQUINARIA - BIENES DE USO;MAQUINARIA - BIENES DE USO;1
12060;313;1053;INMUEBLES - BIENES DE USO;INMUEBLES - BIENES DE USO;1
12061;313;5020;RODADOS - GASTOS DE MANTENIMIENTO;RODADOS - GASTOS DE MANTENIMIENTO;1
12062;313;5021;MUEBLES Y UTILES - GASTOS DE MANTENIMIENTO;MUEBLES Y UTILES - GASTOS DE MANTENIMIENTO;1
12063;313;5022;MAQUINARIA - GASTOS DE MANTENIMIENTO;MAQUINARIA - GASTOS DE MANTENIMIENTO;1
12064;313;5023;INMUEBLES - GASTOS DE MANTENIMIENTO;INMUEBLES - GASTOS DE MANTENIMIENTO;1
12065;313;5024;COMPRA DE BIENES USADOS A CF;COMPRA DE BIENES USADOS A CF;1
12066;313;1059;INSTALACIONES - BIENES DE USO;INSTALACIONES - BIENES DE USO;1
12067;313;5025;INSTALACIONES - GASTOS DE MANTENIMIENTO;INSTALACIONES - GASTOS DE MANTENIMIENTO;1
12068;313;9999;OTROS;OTROS;1
12069;313;5014;comisiones mercado libre;COMISIONES MERCADO LIBRE;1
12070;313;5004;SERVICIOS Y TASAS;SERVICIOS Y TASAS;1
12071;34;5055;PYME NACION;PYME NACION;1
12072;330;4000;VENTAS;VENTAS;1
12073;330;5000;COMPRAS;COMPRAS;1
12074;330;5001;COMISION TARJETAS DE CREDITO;COMISION TARJETAS DE CREDITO;1
12075;330;5002;COMBUSTIBLES Y LUBRICANTES;COMBUSTIBLES Y LUBRICANTES;1
12076;330;5003;FLETES Y CORREO;FLETES Y CORREO;1
12077;330;5005;LIBRERIA Y PAPELERIA;LIBRERIA Y PAPELERIA;1
12078;330;5006;HONORARIOS PROFESIONALES;HONORARIOS PROFESIONALES;1
12079;330;5007;ALQUILERES PAGADOS;ALQUILERES PAGADOS;1
12080;330;5008;SEGUROS PAGADOS;SEGUROS PAGADOS;1
12081;330;5010;GASTOS GENERALES;GASTOS GENERALES;1
12082;330;5011;SERVICISO INFORMATICOS;SERVICIOS INFORMATICOS;1
12083;330;5012;CANON;CANON;1
12084;330;5013;SERVICIOS JURIDICOS;SERVICIOS JURIDICOS;1
12085;330;5030;BANCO NACION - INTERES POR DESCUBIERTO;BANCO NACION - INTERES POR DESCUBIERTO;1
12086;330;5009;INTERESES BANCARIOS;INTERESES BANCARIOS;1
12087;330;5031;BANCO NACION - GASTOS DE MANTENIMIENTO DE CUENTA;BANCO NACION - GASTOS DE MANTENIMIENTO DE CUENTA;1
12088;330;5032;BANCO NACION - INTERESES POR PRESTAMOS;BANCO NACION - INTERESES POR PRESTAMOS;1
12089;330;5033;BANCO SANTANDER - INTERES POR DESCUBIERTO;BANCO SANTANDER - INTERES POR DESCUBIERTO;1
12090;330;5036;BANCO GALICIA - INTERES POR DESCUBIERTO;BANCO GALICIA - INTERES POR DESCUBIERTO;1
12091;330;5039;BBVA FRANCES - INTERES POR DESCUBIERTO;BBVA FRANCES - INTERES POR DESCUBIERTO;1
12092;330;5042;BANCO CREDICOOP - INTERES POR DESCUBIERTO;BANCO CREDICOOP - INTERES POR DESCUBIERTO;1
12093;330;5045;BANCO HSBC - INTERES POR DESCUBIERTO;BANCO HSBC - INTERES POR DESCUBIERTO;1
12094;330;5048;BANCO PATAGONIA - INTERES POR DESCUBIERTO;BANCO PATAGONIA - INTERES POR DESCUBIERTO;1
12095;330;5034;BANCO SANTANDER - GASTOS DE MANTENIMIENTO DE CUENTA;BANCO SANTANDER - GASTOS DE MANTENIMIENTO DE CUENTA;1
12096;330;5037;BANCO GALICIA - GASTOS DE MANTENIMIENTO DE CUENTA;BANCO GALICIA - GASTOS DE MANTENIMIENTO DE CUENTA;1
12097;330;5043;BANCO CREDICOOP - GASTOS DE MANTENIMIENTO DE CUENTA;BANCO CREDICOOP - GASTOS DE MANTENIMIENTO DE CUENTA;1
12098;330;5046;BANCO HSBC - GASTOS DE MANTENIMIENTO DE CUENTA;BANCO HSBC - GASTOS DE MANTENIMIENTO DE CUENTA;1
12099;330;5049;BANCO PATAGONIA - GASTOS DE MANTENIMIENTO DE CUENTA;BANCO PATAGONIA - GASTOS DE MANTENIMIENTO DE CUENTA;1
12100;330;5035;BANCO SANTANDER - INTERESES POR PRESTAMOS;BANCO SANTANDER - INTERESES POR PRESTAMOS;1
12101;330;5038;BANCO GALICIA - INTERESES POR PRESTAMOS;BANCO GALICIA - INTERESES POR PRESTAMOS;1
12102;330;5041;BBVA FRANCES - INTERESES POR PRESTAMOS;BBVA FRANCES - INTERESES POR PRESTAMOS;1
12103;330;5044;BANCO CREDICOOP- INTERESES POR PRESTAMOS;BANCO CREDICOOP- INTERESES POR PRESTAMOS;1
12104;330;5047;BANCO HSBC - INTERESES POR PRESTAMOS;BANCO HSBC - INTERESES POR PRESTAMOS;1
12105;330;5050;BANCO PATAGONIA- INTERESES POR PRESTAMOS;BANCO PATAGONIA- INTERESES POR PRESTAMOS;1
12106;330;1050;RODADOS - BIENES DE USO;RODADOS - BIENES DE USO;1
12107;330;1051;MUEBLES Y UTILES - BIENES DE USO;MUEBLES Y UTILES - BIENES DE USO;1
12108;330;1052;MAQUINARIA - BIENES DE USO;MAQUINARIA - BIENES DE USO;1
12109;330;1053;INMUEBLES - BIENES DE USO;INMUEBLES - BIENES DE USO;1
12110;330;5020;RODADOS - GASTOS DE MANTENIMIENTO;RODADOS - GASTOS DE MANTENIMIENTO;1
12111;330;5021;MUEBLES Y UTILES - GASTOS DE MANTENIMIENTO;MUEBLES Y UTILES - GASTOS DE MANTENIMIENTO;1
12112;330;5022;MAQUINARIA - GASTOS DE MANTENIMIENTO;MAQUINARIA - GASTOS DE MANTENIMIENTO;1
12113;330;5023;INMUEBLES - GASTOS DE MANTENIMIENTO;INMUEBLES - GASTOS DE MANTENIMIENTO;1
12114;330;5024;COMPRA DE BIENES USADOS A CF;COMPRA DE BIENES USADOS A CF;1
12115;330;1059;INSTALACIONES - BIENES DE USO;INSTALACIONES - BIENES DE USO;1
12116;330;5025;INSTALACIONES - GASTOS DE MANTENIMIENTO;INSTALACIONES - GASTOS DE MANTENIMIENTO;1
12117;330;5004;SERVICIOS Y TASAS;SERVICIOS Y TASAS;1
12118;330;5051;BANCO HIPOTECARIO - COMISIONES CUENTA;BANCO HIPOTECARIO - COMISIONES CUENTA;1
12119;330;5040;BBVA FRANCES - COMISIONES BANCARIAS;BBVA FRANCES - COMISIONES BANCARIAS;1
12120;330;5052;COMISIONES SGR;COMISIONES SGR;1
12121;330;5014;COMISIONES MERCADOLIBRE;COMISIONES MERCADO LIBRE;1
12122;330;5060;Servicios Adquiridos al Exterior;SERVICIOS ADQUIRIDOS AL EXTERIOR;1
12123;335;4000;VENTAS;VENTAS;1
12124;335;5000;COMPRAS;COMPRAS;1
12125;335;5001;COMISION TARJETAS DE CREDITO;COMISION TARJETAS DE CREDITO;1
12126;335;5002;COMBUSTIBLES Y LUBRICANTES;COMBUSTIBLES Y LUBRICANTES;1
12127;335;5003;FLETES Y CORREO;FLETES Y CORREO;1
12128;335;5005;LIBRERIA Y PAPELERIA;LIBRERIA Y PAPELERIA;1
12129;335;5006;HONORARIOS PROFESIONALES;HONORARIOS PROFESIONALES;1
12130;335;5007;ALQUILERES PAGADOS;ALQUILERES PAGADOS;1
12131;335;5008;SEGUROS PAGADOS;SEGUROS PAGADOS;1
12132;335;5010;GASTOS GENERALES;GASTOS GENERALES;1
12133;335;5011;SERVICISO INFORMATICOS;SERVICIOS INFORMATICOS;1
12134;335;5012;CANON;CANON;1
12135;335;5013;SERVICIOS JURIDICOS;SERVICIOS JURIDICOS;1
12136;335;5030;BANCO NACION - INTERES POR DESCUBIERTO;BANCO NACION - INTERES POR DESCUBIERTO;1
12137;335;5009;INTERESES BANCARIOS;INTERESES BANCARIOS;1
12138;335;5031;BANCO NACION - GASTOS DE MANTENIMIENTO DE CUENTA;BANCO NACION - GASTOS DE MANTENIMIENTO DE CUENTA;1
12139;335;5032;BANCO NACION - INTERESES POR PRESTAMOS;BANCO NACION - INTERESES POR PRESTAMOS;1
12140;335;5033;BANCO SANTANDER - INTERES POR DESCUBIERTO;BANCO SANTANDER - INTERES POR DESCUBIERTO;1
12141;335;5036;BANCO GALICIA - INTERES POR DESCUBIERTO;BANCO GALICIA - INTERES POR DESCUBIERTO;1
12142;335;5039;BBVA FRANCES - INTERES POR DESCUBIERTO;BBVA FRANCES - INTERES POR DESCUBIERTO;1
12143;335;5042;BANCO CREDICOOP - INTERES POR DESCUBIERTO;BANCO CREDICOOP - INTERES POR DESCUBIERTO;1
12144;335;5045;BANCO HSBC - INTERES POR DESCUBIERTO;BANCO HSBC - INTERES POR DESCUBIERTO;1
12145;335;5048;BANCO PATAGONIA - INTERES POR DESCUBIERTO;BANCO PATAGONIA - INTERES POR DESCUBIERTO;1
12146;335;5034;BANCO SANTANDER - GASTOS DE MANTENIMIENTO DE CUENTA;BANCO SANTANDER - GASTOS DE MANTENIMIENTO DE CUENTA;1
12147;335;5037;BANCO GALICIA - GASTOS DE MANTENIMIENTO DE CUENTA;BANCO GALICIA - GASTOS DE MANTENIMIENTO DE CUENTA;1
12148;335;5043;BANCO CREDICOOP - GASTOS DE MANTENIMIENTO DE CUENTA;BANCO CREDICOOP - GASTOS DE MANTENIMIENTO DE CUENTA;1
12149;335;5046;BANCO HSBC - GASTOS DE MANTENIMIENTO DE CUENTA;BANCO HSBC - GASTOS DE MANTENIMIENTO DE CUENTA;1
12150;335;5049;BANCO PATAGONIA - GASTOS DE MANTENIMIENTO DE CUENTA;BANCO PATAGONIA - GASTOS DE MANTENIMIENTO DE CUENTA;1
12151;335;5035;BANCO SANTANDER - INTERESES POR PRESTAMOS;BANCO SANTANDER - INTERESES POR PRESTAMOS;1
12152;335;5038;BANCO GALICIA - INTERESES POR PRESTAMOS;BANCO GALICIA - INTERESES POR PRESTAMOS;1
12153;335;5041;BBVA FRANCES - INTERESES POR PRESTAMOS;BBVA FRANCES - INTERESES POR PRESTAMOS;1
12154;335;5044;BANCO CREDICOOP- INTERESES POR PRESTAMOS;BANCO CREDICOOP- INTERESES POR PRESTAMOS;1
12155;335;5047;BANCO HSBC - INTERESES POR PRESTAMOS;BANCO HSBC - INTERESES POR PRESTAMOS;1
12156;335;5050;BANCO PATAGONIA- INTERESES POR PRESTAMOS;BANCO PATAGONIA- INTERESES POR PRESTAMOS;1
12157;335;1050;RODADOS - BIENES DE USO;RODADOS - BIENES DE USO;1
12158;335;1051;MUEBLES Y UTILES - BIENES DE USO;MUEBLES Y UTILES - BIENES DE USO;1
12159;335;1052;MAQUINARIA - BIENES DE USO;MAQUINARIA - BIENES DE USO;1
12160;335;1053;INMUEBLES - BIENES DE USO;INMUEBLES - BIENES DE USO;1
12161;335;5020;RODADOS - GASTOS DE MANTENIMIENTO;RODADOS - GASTOS DE MANTENIMIENTO;1
12162;335;5021;MUEBLES Y UTILES - GASTOS DE MANTENIMIENTO;MUEBLES Y UTILES - GASTOS DE MANTENIMIENTO;1
12163;335;5022;MAQUINARIA - GASTOS DE MANTENIMIENTO;MAQUINARIA - GASTOS DE MANTENIMIENTO;1
12164;335;5023;INMUEBLES - GASTOS DE MANTENIMIENTO;INMUEBLES - GASTOS DE MANTENIMIENTO;1
12165;335;5024;COMPRA DE BIENES USADOS A CF;COMPRA DE BIENES USADOS A CF;1
12166;335;1059;INSTALACIONES - BIENES DE USO;INSTALACIONES - BIENES DE USO;1
12167;335;5025;INSTALACIONES - GASTOS DE MANTENIMIENTO;INSTALACIONES - GASTOS DE MANTENIMIENTO;1
12168;335;9999;OTROS;OTROS;1
12169;335;5014;comisiones mercado libre;COMISIONES MERCADO LIBRE;1
12170;335;5004;SERVICIOS Y TASAS;SERVICIOS Y TASAS;1
12171;334;4000;VENTAS;VENTAS;1
12172;334;5000;COMPRAS;COMPRAS;1
12173;334;5001;COMISION TARJETAS DE CREDITO;COMISION TARJETAS DE CREDITO;1
12174;334;5002;COMBUSTIBLES Y LUBRICANTES;COMBUSTIBLES Y LUBRICANTES;1
12175;334;5003;FLETES Y CORREO;FLETES Y CORREO;1
12176;334;5005;LIBRERIA Y PAPELERIA;LIBRERIA Y PAPELERIA;1
12177;334;5006;HONORARIOS PROFESIONALES;HONORARIOS PROFESIONALES;1
12178;334;5007;ALQUILERES PAGADOS;ALQUILERES PAGADOS;1
12179;334;5008;SEGUROS PAGADOS;SEGUROS PAGADOS;1
12180;334;5010;GASTOS GENERALES;GASTOS GENERALES;1
12181;334;5011;SERVICISO INFORMATICOS;SERVICIOS INFORMATICOS;1
12182;334;5012;CANON;CANON;1
12183;334;5013;SERVICIOS JURIDICOS;SERVICIOS JURIDICOS;1
12184;334;5030;BANCO NACION - INTERES POR DESCUBIERTO;BANCO NACION - INTERES POR DESCUBIERTO;1
12185;334;5009;INTERESES BANCARIOS;INTERESES BANCARIOS;1
12186;334;5031;BANCO NACION - GASTOS DE MANTENIMIENTO DE CUENTA;BANCO NACION - GASTOS DE MANTENIMIENTO DE CUENTA;1
12187;334;5032;BANCO NACION - INTERESES POR PRESTAMOS;BANCO NACION - INTERESES POR PRESTAMOS;1
12188;334;5033;BANCO SANTANDER - INTERES POR DESCUBIERTO;BANCO SANTANDER - INTERES POR DESCUBIERTO;1
12189;334;5036;BANCO GALICIA - INTERES POR DESCUBIERTO;BANCO GALICIA - INTERES POR DESCUBIERTO;1
12190;334;5039;BBVA FRANCES - INTERES POR DESCUBIERTO;BBVA FRANCES - INTERES POR DESCUBIERTO;1
12191;334;5042;BANCO CREDICOOP - INTERES POR DESCUBIERTO;BANCO CREDICOOP - INTERES POR DESCUBIERTO;1
12192;334;5045;BANCO HSBC - INTERES POR DESCUBIERTO;BANCO HSBC - INTERES POR DESCUBIERTO;1
12193;334;5048;BANCO PATAGONIA - INTERES POR DESCUBIERTO;BANCO PATAGONIA - INTERES POR DESCUBIERTO;1
12194;334;5034;BANCO SANTANDER - GASTOS DE MANTENIMIENTO DE CUENTA;BANCO SANTANDER - GASTOS DE MANTENIMIENTO DE CUENTA;1
12195;334;5037;BANCO GALICIA - GASTOS DE MANTENIMIENTO DE CUENTA;BANCO GALICIA - GASTOS DE MANTENIMIENTO DE CUENTA;1
12196;334;5043;BANCO CREDICOOP - GASTOS DE MANTENIMIENTO DE CUENTA;BANCO CREDICOOP - GASTOS DE MANTENIMIENTO DE CUENTA;1
12197;334;5046;BANCO HSBC - GASTOS DE MANTENIMIENTO DE CUENTA;BANCO HSBC - GASTOS DE MANTENIMIENTO DE CUENTA;1
12198;334;5049;BANCO PATAGONIA - GASTOS DE MANTENIMIENTO DE CUENTA;BANCO PATAGONIA - GASTOS DE MANTENIMIENTO DE CUENTA;1
12199;334;5035;BANCO SANTANDER - INTERESES POR PRESTAMOS;BANCO SANTANDER - INTERESES POR PRESTAMOS;1
12200;334;5038;BANCO GALICIA - INTERESES POR PRESTAMOS;BANCO GALICIA - INTERESES POR PRESTAMOS;1
12201;334;5041;BBVA FRANCES - INTERESES POR PRESTAMOS;BBVA FRANCES - INTERESES POR PRESTAMOS;1
12202;334;5044;BANCO CREDICOOP- INTERESES POR PRESTAMOS;BANCO CREDICOOP- INTERESES POR PRESTAMOS;1
12203;334;5047;BANCO HSBC - INTERESES POR PRESTAMOS;BANCO HSBC - INTERESES POR PRESTAMOS;1
12204;334;5050;BANCO PATAGONIA- INTERESES POR PRESTAMOS;BANCO PATAGONIA- INTERESES POR PRESTAMOS;1
12205;334;1050;RODADOS - BIENES DE USO;RODADOS - BIENES DE USO;1
12206;334;1051;MUEBLES Y UTILES - BIENES DE USO;MUEBLES Y UTILES - BIENES DE USO;1
12207;334;1052;MAQUINARIA - BIENES DE USO;MAQUINARIA - BIENES DE USO;1
12208;334;1053;INMUEBLES - BIENES DE USO;INMUEBLES - BIENES DE USO;1
12209;334;5020;RODADOS - GASTOS DE MANTENIMIENTO;RODADOS - GASTOS DE MANTENIMIENTO;1
12210;334;5021;MUEBLES Y UTILES - GASTOS DE MANTENIMIENTO;MUEBLES Y UTILES - GASTOS DE MANTENIMIENTO;1
12211;334;5022;MAQUINARIA - GASTOS DE MANTENIMIENTO;MAQUINARIA - GASTOS DE MANTENIMIENTO;1
12212;334;5023;INMUEBLES - GASTOS DE MANTENIMIENTO;INMUEBLES - GASTOS DE MANTENIMIENTO;1
12213;334;5024;COMPRA DE BIENES USADOS A CF;COMPRA DE BIENES USADOS A CF;1
12214;334;1059;INSTALACIONES - BIENES DE USO;INSTALACIONES - BIENES DE USO;1
12215;334;5025;INSTALACIONES - GASTOS DE MANTENIMIENTO;INSTALACIONES - GASTOS DE MANTENIMIENTO;1
12216;334;5004;SERVICIOS Y TASAS;SERVICIOS Y TASAS;1
12217;334;5051;BANCO HIPOTECARIO - COMISIONES CUENTA;BANCO HIPOTECARIO - COMISIONES CUENTA;1
12218;334;5040;BBVA FRANCES - COMISIONES BANCARIAS;BBVA FRANCES - COMISIONES BANCARIAS;1
12219;334;5052;COMISIONES SGR;COMISIONES SGR;1
12220;334;5014;COMISIONES MERCADOLIBRE;COMISIONES MERCADO LIBRE;1
12221;336;4000;VENTAS;VENTAS;1
12222;336;5000;COMPRAS;COMPRAS;1
12223;336;5001;COMISION TARJETAS DE CREDITO;COMISION TARJETAS DE CREDITO;1
12224;336;5002;COMBUSTIBLES Y LUBRICANTES;COMBUSTIBLES Y LUBRICANTES;1
12225;336;5003;FLETES Y CORREO;FLETES Y CORREO;1
12226;336;5005;LIBRERIA Y PAPELERIA;LIBRERIA Y PAPELERIA;1
12227;336;5006;HONORARIOS PROFESIONALES;HONORARIOS PROFESIONALES;1
12228;336;5007;ALQUILERES PAGADOS;ALQUILERES PAGADOS;1
12229;336;5008;SEGUROS PAGADOS;SEGUROS PAGADOS;1
12230;336;5010;GASTOS GENERALES;GASTOS GENERALES;1
12231;336;5011;SERVICISO INFORMATICOS;SERVICIOS INFORMATICOS;1
12232;336;5012;CANON;CANON;1
12233;336;5013;SERVICIOS JURIDICOS;SERVICIOS JURIDICOS;1
12234;336;5030;BANCO NACION - INTERES POR DESCUBIERTO;BANCO NACION - INTERES POR DESCUBIERTO;1
12235;336;5009;INTERESES BANCARIOS;INTERESES BANCARIOS;1
12236;336;5031;BANCO NACION - GASTOS DE MANTENIMIENTO DE CUENTA;BANCO NACION - GASTOS DE MANTENIMIENTO DE CUENTA;1
12237;336;5032;BANCO NACION - INTERESES POR PRESTAMOS;BANCO NACION - INTERESES POR PRESTAMOS;1
12238;336;5033;BANCO SANTANDER - INTERES POR DESCUBIERTO;BANCO SANTANDER - INTERES POR DESCUBIERTO;1
12239;336;5036;BANCO GALICIA - INTERES POR DESCUBIERTO;BANCO GALICIA - INTERES POR DESCUBIERTO;1
12240;336;5039;BBVA FRANCES - INTERES POR DESCUBIERTO;BBVA FRANCES - INTERES POR DESCUBIERTO;1
12241;336;5042;BANCO CREDICOOP - INTERES POR DESCUBIERTO;BANCO CREDICOOP - INTERES POR DESCUBIERTO;1
12242;336;5045;BANCO HSBC - INTERES POR DESCUBIERTO;BANCO HSBC - INTERES POR DESCUBIERTO;1
12243;336;5048;BANCO PATAGONIA - INTERES POR DESCUBIERTO;BANCO PATAGONIA - INTERES POR DESCUBIERTO;1
12244;336;5034;BANCO SANTANDER - GASTOS DE MANTENIMIENTO DE CUENTA;BANCO SANTANDER - GASTOS DE MANTENIMIENTO DE CUENTA;1
12245;336;5037;BANCO GALICIA - GASTOS DE MANTENIMIENTO DE CUENTA;BANCO GALICIA - GASTOS DE MANTENIMIENTO DE CUENTA;1
12246;336;5043;BANCO CREDICOOP - GASTOS DE MANTENIMIENTO DE CUENTA;BANCO CREDICOOP - GASTOS DE MANTENIMIENTO DE CUENTA;1
12247;336;5046;BANCO HSBC - GASTOS DE MANTENIMIENTO DE CUENTA;BANCO HSBC - GASTOS DE MANTENIMIENTO DE CUENTA;1
12248;336;5049;BANCO PATAGONIA - GASTOS DE MANTENIMIENTO DE CUENTA;BANCO PATAGONIA - GASTOS DE MANTENIMIENTO DE CUENTA;1
12249;336;5035;BANCO SANTANDER - INTERESES POR PRESTAMOS;BANCO SANTANDER - INTERESES POR PRESTAMOS;1
12250;336;5038;BANCO GALICIA - INTERESES POR PRESTAMOS;BANCO GALICIA - INTERESES POR PRESTAMOS;1
12251;336;5041;BBVA FRANCES - INTERESES POR PRESTAMOS;BBVA FRANCES - INTERESES POR PRESTAMOS;1
12252;336;5044;BANCO CREDICOOP- INTERESES POR PRESTAMOS;BANCO CREDICOOP- INTERESES POR PRESTAMOS;1
12253;336;5047;BANCO HSBC - INTERESES POR PRESTAMOS;BANCO HSBC - INTERESES POR PRESTAMOS;1
12254;336;5050;BANCO PATAGONIA- INTERESES POR PRESTAMOS;BANCO PATAGONIA- INTERESES POR PRESTAMOS;1
12255;336;1050;RODADOS - BIENES DE USO;RODADOS - BIENES DE USO;1
12256;336;1051;MUEBLES Y UTILES - BIENES DE USO;MUEBLES Y UTILES - BIENES DE USO;1
12257;336;1052;MAQUINARIA - BIENES DE USO;MAQUINARIA - BIENES DE USO;1
12258;336;1053;INMUEBLES - BIENES DE USO;INMUEBLES - BIENES DE USO;1
12259;336;5020;RODADOS - GASTOS DE MANTENIMIENTO;RODADOS - GASTOS DE MANTENIMIENTO;1
12260;336;5021;MUEBLES Y UTILES - GASTOS DE MANTENIMIENTO;MUEBLES Y UTILES - GASTOS DE MANTENIMIENTO;1
12261;336;5022;MAQUINARIA - GASTOS DE MANTENIMIENTO;MAQUINARIA - GASTOS DE MANTENIMIENTO;1
12262;336;5023;INMUEBLES - GASTOS DE MANTENIMIENTO;INMUEBLES - GASTOS DE MANTENIMIENTO;1
12263;336;5024;COMPRA DE BIENES USADOS A CF;COMPRA DE BIENES USADOS A CF;1
12264;336;1059;INSTALACIONES - BIENES DE USO;INSTALACIONES - BIENES DE USO;1
12265;336;5025;INSTALACIONES - GASTOS DE MANTENIMIENTO;INSTALACIONES - GASTOS DE MANTENIMIENTO;1
12266;336;9999;OTROS;OTROS;1
12267;336;5014;comisiones mercado libre;COMISIONES MERCADO LIBRE;1
12268;336;5004;SERVICIOS Y TASAS;SERVICIOS Y TASAS;1
12270;277;5020;RODADOS - GASTOS DE MANTENIMIENTO;RODADOS - GASTOS DE MANTENIMIENTO;1
12271;249;5000;COMPRAS;COMPRAS;1
12272;337;4000;VENTAS;VENTAS;1
12273;337;5000;COMPRAS;COMPRAS;1
12274;337;5001;COMISION TARJETAS DE CREDITO;COMISION TARJETAS DE CREDITO;1
12275;337;5002;COMBUSTIBLES Y LUBRICANTES;COMBUSTIBLES Y LUBRICANTES;1
12276;337;5003;FLETES Y CORREO;FLETES Y CORREO;1
12277;337;5005;LIBRERIA Y PAPELERIA;LIBRERIA Y PAPELERIA;1
12278;337;5006;HONORARIOS PROFESIONALES;HONORARIOS PROFESIONALES;1
12279;337;5007;ALQUILERES PAGADOS;ALQUILERES PAGADOS;1
12280;337;5008;SEGUROS PAGADOS;SEGUROS PAGADOS;1
12281;337;5010;GASTOS GENERALES;GASTOS GENERALES;1
12282;337;5011;SERVICISO INFORMATICOS;SERVICIOS INFORMATICOS;1
12283;337;5012;CANON;CANON;1
12284;337;5013;SERVICIOS JURIDICOS;SERVICIOS JURIDICOS;1
12285;337;5030;BANCO NACION - INTERES POR DESCUBIERTO;BANCO NACION - INTERES POR DESCUBIERTO;1
12286;337;5009;INTERESES BANCARIOS;INTERESES BANCARIOS;1
12287;337;5031;BANCO NACION - GASTOS DE MANTENIMIENTO DE CUENTA;BANCO NACION - GASTOS DE MANTENIMIENTO DE CUENTA;1
12288;337;5032;BANCO NACION - INTERESES POR PRESTAMOS;BANCO NACION - INTERESES POR PRESTAMOS;1
12289;337;5033;BANCO SANTANDER - INTERES POR DESCUBIERTO;BANCO SANTANDER - INTERES POR DESCUBIERTO;1
12290;337;5036;BANCO GALICIA - INTERES POR DESCUBIERTO;BANCO GALICIA - INTERES POR DESCUBIERTO;1
12291;337;5039;BBVA FRANCES - INTERES POR DESCUBIERTO;BBVA FRANCES - INTERES POR DESCUBIERTO;1
12292;337;5042;BANCO CREDICOOP - INTERES POR DESCUBIERTO;BANCO CREDICOOP - INTERES POR DESCUBIERTO;1
12293;337;5045;BANCO HSBC - INTERES POR DESCUBIERTO;BANCO HSBC - INTERES POR DESCUBIERTO;1
12294;337;5048;BANCO PATAGONIA - INTERES POR DESCUBIERTO;BANCO PATAGONIA - INTERES POR DESCUBIERTO;1
12295;337;5034;BANCO SANTANDER - GASTOS DE MANTENIMIENTO DE CUENTA;BANCO SANTANDER - GASTOS DE MANTENIMIENTO DE CUENTA;1
12296;337;5037;BANCO GALICIA - GASTOS DE MANTENIMIENTO DE CUENTA;BANCO GALICIA - GASTOS DE MANTENIMIENTO DE CUENTA;1
12297;337;5043;BANCO CREDICOOP - GASTOS DE MANTENIMIENTO DE CUENTA;BANCO CREDICOOP - GASTOS DE MANTENIMIENTO DE CUENTA;1
12298;337;5046;BANCO HSBC - GASTOS DE MANTENIMIENTO DE CUENTA;BANCO HSBC - GASTOS DE MANTENIMIENTO DE CUENTA;1
12299;337;5049;BANCO PATAGONIA - GASTOS DE MANTENIMIENTO DE CUENTA;BANCO PATAGONIA - GASTOS DE MANTENIMIENTO DE CUENTA;1
12300;337;5035;BANCO SANTANDER - INTERESES POR PRESTAMOS;BANCO SANTANDER - INTERESES POR PRESTAMOS;1
12301;337;5038;BANCO GALICIA - INTERESES POR PRESTAMOS;BANCO GALICIA - INTERESES POR PRESTAMOS;1
12302;337;5041;BBVA FRANCES - INTERESES POR PRESTAMOS;BBVA FRANCES - INTERESES POR PRESTAMOS;1
12303;337;5044;BANCO CREDICOOP- INTERESES POR PRESTAMOS;BANCO CREDICOOP- INTERESES POR PRESTAMOS;1
12304;337;5047;BANCO HSBC - INTERESES POR PRESTAMOS;BANCO HSBC - INTERESES POR PRESTAMOS;1
12305;337;5050;BANCO PATAGONIA- INTERESES POR PRESTAMOS;BANCO PATAGONIA- INTERESES POR PRESTAMOS;1
12306;337;1050;RODADOS - BIENES DE USO;RODADOS - BIENES DE USO;1
12307;337;1051;MUEBLES Y UTILES - BIENES DE USO;MUEBLES Y UTILES - BIENES DE USO;1
12308;337;1052;MAQUINARIA - BIENES DE USO;MAQUINARIA - BIENES DE USO;1
12309;337;1053;INMUEBLES - BIENES DE USO;INMUEBLES - BIENES DE USO;1
12310;337;5020;RODADOS - GASTOS DE MANTENIMIENTO;RODADOS - GASTOS DE MANTENIMIENTO;1
12311;337;5021;MUEBLES Y UTILES - GASTOS DE MANTENIMIENTO;MUEBLES Y UTILES - GASTOS DE MANTENIMIENTO;1
12312;337;5022;MAQUINARIA - GASTOS DE MANTENIMIENTO;MAQUINARIA - GASTOS DE MANTENIMIENTO;1
12313;337;5023;INMUEBLES - GASTOS DE MANTENIMIENTO;INMUEBLES - GASTOS DE MANTENIMIENTO;1
12314;337;5024;COMPRA DE BIENES USADOS A CF;COMPRA DE BIENES USADOS A CF;1
12315;337;1059;INSTALACIONES - BIENES DE USO;INSTALACIONES - BIENES DE USO;1
12316;337;5025;INSTALACIONES - GASTOS DE MANTENIMIENTO;INSTALACIONES - GASTOS DE MANTENIMIENTO;1
12317;337;5004;SERVICIOS Y TASAS;SERVICIOS Y TASAS;1
12318;337;5051;BANCO HIPOTECARIO - COMISIONES CUENTA;BANCO HIPOTECARIO - COMISIONES CUENTA;1
12319;337;5040;BBVA FRANCES - COMISIONES BANCARIAS;BBVA FRANCES - COMISIONES BANCARIAS;1
12320;337;5052;COMISIONES SGR;COMISIONES SGR;1
12321;337;5014;COMISIONES MERCADOLIBRE;COMISIONES MERCADO LIBRE;1
12322;106;5056;BANCO HIPOTECARIO - INTERESES POR PRESTAMOS;BANCO HIPOTECARIO - INTERESES POR PRESTAMOS;1
12323;106;5040;BBVA FRANCES - GASTOS MANTENIMIENTO CUENTA;BBVA FRANCES - GASTOS MANTENIMIENTO CUENTA;1
12324;267;5053;BANCO MACRO - MANTENIMIENTO CUENTA;BANCO MACRO - MANTENIMIENTO CUENTA;1
12325;288;5055;BANCO MACRO - INTERESES DESCUBIERTO;BANCO MACRO - INTERESES DESCUBIERTO;1
12326;6;5060;DESCUENTO CHEQUES;DESCUENTO CHEQUES;1
12327;6;5061;PYME NACION;PYME NACION;1
12328;339;4000;VENTAS;VENTAS;1
12329;339;5000;COMPRAS;COMPRAS;1
12330;339;5001;COMISION TARJETAS DE CREDITO;COMISION TARJETAS DE CREDITO;1
12331;339;5002;COMBUSTIBLES Y LUBRICANTES;COMBUSTIBLES Y LUBRICANTES;1
12332;339;5003;FLETES Y CORREO;FLETES Y CORREO;1
12333;339;5005;LIBRERIA Y PAPELERIA;LIBRERIA Y PAPELERIA;1
12334;339;5006;HONORARIOS PROFESIONALES;HONORARIOS PROFESIONALES;1
12335;339;5007;ALQUILERES PAGADOS;ALQUILERES PAGADOS;1
12336;339;5008;SEGUROS PAGADOS;SEGUROS PAGADOS;1
12337;339;5010;GASTOS GENERALES;GASTOS GENERALES;1
12338;339;5011;SERVICISO INFORMATICOS;SERVICIOS INFORMATICOS;1
12339;339;5012;CANON;CANON;1
12340;339;5013;SERVICIOS JURIDICOS;SERVICIOS JURIDICOS;1
12341;339;5030;BANCO NACION - INTERES POR DESCUBIERTO;BANCO NACION - INTERES POR DESCUBIERTO;1
12342;339;5009;INTERESES BANCARIOS;INTERESES BANCARIOS;1
12343;339;5031;BANCO NACION - GASTOS DE MANTENIMIENTO DE CUENTA;BANCO NACION - GASTOS DE MANTENIMIENTO DE CUENTA;1
12344;339;5032;BANCO NACION - INTERESES POR PRESTAMOS;BANCO NACION - INTERESES POR PRESTAMOS;1
12345;339;5033;BANCO SANTANDER - INTERES POR DESCUBIERTO;BANCO SANTANDER - INTERES POR DESCUBIERTO;1
12346;339;5036;BANCO GALICIA - INTERES POR DESCUBIERTO;BANCO GALICIA - INTERES POR DESCUBIERTO;1
12347;339;5039;BBVA FRANCES - INTERES POR DESCUBIERTO;BBVA FRANCES - INTERES POR DESCUBIERTO;1
12348;339;5042;BANCO CREDICOOP - INTERES POR DESCUBIERTO;BANCO CREDICOOP - INTERES POR DESCUBIERTO;1
12349;339;5045;BANCO HSBC - INTERES POR DESCUBIERTO;BANCO HSBC - INTERES POR DESCUBIERTO;1
12350;339;5048;BANCO PATAGONIA - INTERES POR DESCUBIERTO;BANCO PATAGONIA - INTERES POR DESCUBIERTO;1
12351;339;5034;BANCO SANTANDER - GASTOS DE MANTENIMIENTO DE CUENTA;BANCO SANTANDER - GASTOS DE MANTENIMIENTO DE CUENTA;1
12352;339;5037;BANCO GALICIA - GASTOS DE MANTENIMIENTO DE CUENTA;BANCO GALICIA - GASTOS DE MANTENIMIENTO DE CUENTA;1
12353;339;5043;BANCO CREDICOOP - GASTOS DE MANTENIMIENTO DE CUENTA;BANCO CREDICOOP - GASTOS DE MANTENIMIENTO DE CUENTA;1
12354;339;5046;BANCO HSBC - GASTOS DE MANTENIMIENTO DE CUENTA;BANCO HSBC - GASTOS DE MANTENIMIENTO DE CUENTA;1
12355;339;5049;BANCO PATAGONIA - GASTOS DE MANTENIMIENTO DE CUENTA;BANCO PATAGONIA - GASTOS DE MANTENIMIENTO DE CUENTA;1
12356;339;5035;BANCO SANTANDER - INTERESES POR PRESTAMOS;BANCO SANTANDER - INTERESES POR PRESTAMOS;1
12357;339;5038;BANCO GALICIA - INTERESES POR PRESTAMOS;BANCO GALICIA - INTERESES POR PRESTAMOS;1
12358;339;5041;BBVA FRANCES - INTERESES POR PRESTAMOS;BBVA FRANCES - INTERESES POR PRESTAMOS;1
12359;339;5044;BANCO CREDICOOP- INTERESES POR PRESTAMOS;BANCO CREDICOOP- INTERESES POR PRESTAMOS;1
12360;339;5047;BANCO HSBC - INTERESES POR PRESTAMOS;BANCO HSBC - INTERESES POR PRESTAMOS;1
12361;339;5050;BANCO PATAGONIA- INTERESES POR PRESTAMOS;BANCO PATAGONIA- INTERESES POR PRESTAMOS;1
12362;339;1050;RODADOS - BIENES DE USO;RODADOS - BIENES DE USO;1
12363;339;1051;MUEBLES Y UTILES - BIENES DE USO;MUEBLES Y UTILES - BIENES DE USO;1
12364;339;1052;MAQUINARIA - BIENES DE USO;MAQUINARIA - BIENES DE USO;1
12365;339;1053;INMUEBLES - BIENES DE USO;INMUEBLES - BIENES DE USO;1
12366;339;5020;RODADOS - GASTOS DE MANTENIMIENTO;RODADOS - GASTOS DE MANTENIMIENTO;1
12367;339;5021;MUEBLES Y UTILES - GASTOS DE MANTENIMIENTO;MUEBLES Y UTILES - GASTOS DE MANTENIMIENTO;1
12368;339;5022;MAQUINARIA - GASTOS DE MANTENIMIENTO;MAQUINARIA - GASTOS DE MANTENIMIENTO;1
12369;339;5023;INMUEBLES - GASTOS DE MANTENIMIENTO;INMUEBLES - GASTOS DE MANTENIMIENTO;1
12370;339;5024;COMPRA DE BIENES USADOS A CF;COMPRA DE BIENES USADOS A CF;1
12371;339;1059;INSTALACIONES - BIENES DE USO;INSTALACIONES - BIENES DE USO;1
12372;339;5025;INSTALACIONES - GASTOS DE MANTENIMIENTO;INSTALACIONES - GASTOS DE MANTENIMIENTO;1
12373;339;9999;OTROS;OTROS;1
12374;339;5014;comisiones mercado libre;COMISIONES MERCADO LIBRE;1
12375;339;5004;SERVICIOS Y TASAS;SERVICIOS Y TASAS;1
12376;72;5014;COMISIONES MERCADO LIBRE;COMISIONES MERCADO LIBRE;1
12377;276;5014;COMISION MERCADOLIBRE;COMISIONES MERCADO LIBRE;1
12378;288;5054;BANCO MACRO - GASTOS MANTENIMIENTO;BANCO MACRO - GASTOS MANTENIMIENTO;1
12379;219;5052;BANCO MACRO - COMISIONES BANCARIAS;BANCO MACRO - COMISIONES BANCARIAS;1
12380;219;5053;BANCO MACRO - INTERES POR PRESTAMO;BANCO MACRO - INTERES POR PRESTAMO;1
12381;341;4000;VENTAS;VENTAS;1
12382;341;5000;COMPRAS;COMPRAS;1
12383;341;5001;COMISION TARJETAS DE CREDITO;COMISION TARJETAS DE CREDITO;1
12384;341;5002;COMBUSTIBLES Y LUBRICANTES;COMBUSTIBLES Y LUBRICANTES;1
12385;341;5003;FLETES Y CORREO;FLETES Y CORREO;1
12386;341;5005;LIBRERIA Y PAPELERIA;LIBRERIA Y PAPELERIA;1
12387;341;5006;HONORARIOS PROFESIONALES;HONORARIOS PROFESIONALES;1
12388;341;5007;ALQUILERES PAGADOS;ALQUILERES PAGADOS;1
12389;341;5008;SEGUROS PAGADOS;SEGUROS PAGADOS;1
12390;341;5010;GASTOS GENERALES;GASTOS GENERALES;1
12391;341;5011;SERVICISO INFORMATICOS;SERVICIOS INFORMATICOS;1
12392;341;5012;CANON;CANON;1
12393;341;5013;SERVICIOS JURIDICOS;SERVICIOS JURIDICOS;1
12394;341;5030;BANCO NACION - INTERES POR DESCUBIERTO;BANCO NACION - INTERES POR DESCUBIERTO;1
12395;341;5009;INTERESES BANCARIOS;INTERESES BANCARIOS;1
12396;341;5031;BANCO NACION - GASTOS DE MANTENIMIENTO DE CUENTA;BANCO NACION - GASTOS DE MANTENIMIENTO DE CUENTA;1
12397;341;5032;BANCO NACION - INTERESES POR PRESTAMOS;BANCO NACION - INTERESES POR PRESTAMOS;1
12398;341;5033;BANCO SANTANDER - INTERES POR DESCUBIERTO;BANCO SANTANDER - INTERES POR DESCUBIERTO;1
12399;341;5036;BANCO GALICIA - INTERES POR DESCUBIERTO;BANCO GALICIA - INTERES POR DESCUBIERTO;1
12400;341;5039;BBVA FRANCES - INTERES POR DESCUBIERTO;BBVA FRANCES - INTERES POR DESCUBIERTO;1
12401;341;5042;BANCO CREDICOOP - INTERES POR DESCUBIERTO;BANCO CREDICOOP - INTERES POR DESCUBIERTO;1
12402;341;5045;BANCO HSBC - INTERES POR DESCUBIERTO;BANCO HSBC - INTERES POR DESCUBIERTO;1
12403;341;5048;BANCO PATAGONIA - INTERES POR DESCUBIERTO;BANCO PATAGONIA - INTERES POR DESCUBIERTO;1
12404;341;5034;BANCO SANTANDER - GASTOS DE MANTENIMIENTO DE CUENTA;BANCO SANTANDER - GASTOS DE MANTENIMIENTO DE CUENTA;1
12405;341;5037;BANCO GALICIA - GASTOS DE MANTENIMIENTO DE CUENTA;BANCO GALICIA - GASTOS DE MANTENIMIENTO DE CUENTA;1
12406;341;5043;BANCO CREDICOOP - GASTOS DE MANTENIMIENTO DE CUENTA;BANCO CREDICOOP - GASTOS DE MANTENIMIENTO DE CUENTA;1
12407;341;5046;BANCO HSBC - GASTOS DE MANTENIMIENTO DE CUENTA;BANCO HSBC - GASTOS DE MANTENIMIENTO DE CUENTA;1
12408;341;5049;BANCO PATAGONIA - GASTOS DE MANTENIMIENTO DE CUENTA;BANCO PATAGONIA - GASTOS DE MANTENIMIENTO DE CUENTA;1
12409;341;5035;BANCO SANTANDER - INTERESES POR PRESTAMOS;BANCO SANTANDER - INTERESES POR PRESTAMOS;1
12410;341;5038;BANCO GALICIA - INTERESES POR PRESTAMOS;BANCO GALICIA - INTERESES POR PRESTAMOS;1
12411;341;5041;BBVA FRANCES - INTERESES POR PRESTAMOS;BBVA FRANCES - INTERESES POR PRESTAMOS;1
12412;341;5044;BANCO CREDICOOP- INTERESES POR PRESTAMOS;BANCO CREDICOOP- INTERESES POR PRESTAMOS;1
12413;341;5047;BANCO HSBC - INTERESES POR PRESTAMOS;BANCO HSBC - INTERESES POR PRESTAMOS;1
12414;341;5050;BANCO PATAGONIA- INTERESES POR PRESTAMOS;BANCO PATAGONIA- INTERESES POR PRESTAMOS;1
12415;341;1050;RODADOS - BIENES DE USO;RODADOS - BIENES DE USO;1
12416;341;1051;MUEBLES Y UTILES - BIENES DE USO;MUEBLES Y UTILES - BIENES DE USO;1
12417;341;1052;MAQUINARIA - BIENES DE USO;MAQUINARIA - BIENES DE USO;1
12418;341;1053;INMUEBLES - BIENES DE USO;INMUEBLES - BIENES DE USO;1
12419;341;5020;RODADOS - GASTOS DE MANTENIMIENTO;RODADOS - GASTOS DE MANTENIMIENTO;1
12420;341;5021;MUEBLES Y UTILES - GASTOS DE MANTENIMIENTO;MUEBLES Y UTILES - GASTOS DE MANTENIMIENTO;1
12421;341;5022;MAQUINARIA - GASTOS DE MANTENIMIENTO;MAQUINARIA - GASTOS DE MANTENIMIENTO;1
12422;341;5023;INMUEBLES - GASTOS DE MANTENIMIENTO;INMUEBLES - GASTOS DE MANTENIMIENTO;1
12423;341;5024;COMPRA DE BIENES USADOS A CF;COMPRA DE BIENES USADOS A CF;1
12424;341;1059;INSTALACIONES - BIENES DE USO;INSTALACIONES - BIENES DE USO;1
12425;341;5025;INSTALACIONES - GASTOS DE MANTENIMIENTO;INSTALACIONES - GASTOS DE MANTENIMIENTO;1
12426;341;5004;SERVICIOS Y TASAS;SERVICIOS Y TASAS;1
12427;341;5051;BANCO HIPOTECARIO - COMISIONES CUENTA;BANCO HIPOTECARIO - COMISIONES CUENTA;1
12428;341;5040;BBVA FRANCES - COMISIONES BANCARIAS;BBVA FRANCES - COMISIONES BANCARIAS;1
12429;341;5052;COMISIONES SGR;COMISIONES SGR;1
12430;341;5014;COMISIONES MERCADOLIBRE;COMISIONES MERCADO LIBRE;1
12431;227;5055;BANCO MACRO - MANTENIMIENTO CUENTA;BANCO MACRO - MANTENIMIENTO CUENTA;1
12432;56;5052;BANCO MACRO - GASTOS DE MANTENIMIENTO DE CUENTA;BANCO MACRO - GASTOS DE MANTENIMIENTO DE CUENTA;1
12433;56;5053;BANCO MACRO - INTERESES POR DESCUBIERTO;BANCO MACRO - INTERESES POR DESCUBIERTO;1
12434;338;4000;VENTAS;VENTAS;1
12435;338;5000;COMPRAS;COMPRAS;1
12436;338;5001;COMISION TARJETAS DE CREDITO;COMISION TARJETAS DE CREDITO;1
12437;338;5002;COMBUSTIBLES Y LUBRICANTES;COMBUSTIBLES Y LUBRICANTES;1
12438;338;5003;FLETES Y CORREO;FLETES Y CORREO;1
12439;338;5005;LIBRERIA Y PAPELERIA;LIBRERIA Y PAPELERIA;1
12440;338;5006;HONORARIOS PROFESIONALES;HONORARIOS PROFESIONALES;1
12441;338;5007;ALQUILERES PAGADOS;ALQUILERES PAGADOS;1
12442;338;5008;SEGUROS PAGADOS;SEGUROS PAGADOS;1
12443;338;5010;GASTOS GENERALES;GASTOS GENERALES;1
12444;338;5011;SERVICISO INFORMATICOS;SERVICIOS INFORMATICOS;1
12445;338;5012;CANON;CANON;1
12446;338;5013;SERVICIOS JURIDICOS;SERVICIOS JURIDICOS;1
12447;338;5030;BANCO NACION - INTERES POR DESCUBIERTO;BANCO NACION - INTERES POR DESCUBIERTO;1
12448;338;5009;INTERESES BANCARIOS;INTERESES BANCARIOS;1
12449;338;5031;BANCO NACION - GASTOS DE MANTENIMIENTO DE CUENTA;BANCO NACION - GASTOS DE MANTENIMIENTO DE CUENTA;1
12450;338;5032;BANCO NACION - INTERESES POR PRESTAMOS;BANCO NACION - INTERESES POR PRESTAMOS;1
12451;338;5033;BANCO SANTANDER - INTERES POR DESCUBIERTO;BANCO SANTANDER - INTERES POR DESCUBIERTO;1
12452;338;5036;BANCO GALICIA - INTERES POR DESCUBIERTO;BANCO GALICIA - INTERES POR DESCUBIERTO;1
12453;338;5039;BBVA FRANCES - INTERES POR DESCUBIERTO;BBVA FRANCES - INTERES POR DESCUBIERTO;1
12454;338;5042;BANCO CREDICOOP - INTERES POR DESCUBIERTO;BANCO CREDICOOP - INTERES POR DESCUBIERTO;1
12455;338;5045;BANCO HSBC - INTERES POR DESCUBIERTO;BANCO HSBC - INTERES POR DESCUBIERTO;1
12456;338;5048;BANCO PATAGONIA - INTERES POR DESCUBIERTO;BANCO PATAGONIA - INTERES POR DESCUBIERTO;1
12457;338;5034;BANCO SANTANDER - GASTOS DE MANTENIMIENTO DE CUENTA;BANCO SANTANDER - GASTOS DE MANTENIMIENTO DE CUENTA;1
12458;338;5037;BANCO GALICIA - GASTOS DE MANTENIMIENTO DE CUENTA;BANCO GALICIA - GASTOS DE MANTENIMIENTO DE CUENTA;1
12459;338;5043;BANCO CREDICOOP - GASTOS DE MANTENIMIENTO DE CUENTA;BANCO CREDICOOP - GASTOS DE MANTENIMIENTO DE CUENTA;1
12460;338;5046;BANCO HSBC - GASTOS DE MANTENIMIENTO DE CUENTA;BANCO HSBC - GASTOS DE MANTENIMIENTO DE CUENTA;1
12461;338;5049;BANCO PATAGONIA - GASTOS DE MANTENIMIENTO DE CUENTA;BANCO PATAGONIA - GASTOS DE MANTENIMIENTO DE CUENTA;1
12462;338;5035;BANCO SANTANDER - INTERESES POR PRESTAMOS;BANCO SANTANDER - INTERESES POR PRESTAMOS;1
12463;338;5038;BANCO GALICIA - INTERESES POR PRESTAMOS;BANCO GALICIA - INTERESES POR PRESTAMOS;1
12464;338;5041;BBVA FRANCES - INTERESES POR PRESTAMOS;BBVA FRANCES - INTERESES POR PRESTAMOS;1
12465;338;5044;BANCO CREDICOOP- INTERESES POR PRESTAMOS;BANCO CREDICOOP- INTERESES POR PRESTAMOS;1
12466;338;5047;BANCO HSBC - INTERESES POR PRESTAMOS;BANCO HSBC - INTERESES POR PRESTAMOS;1
12467;338;5050;BANCO PATAGONIA- INTERESES POR PRESTAMOS;BANCO PATAGONIA- INTERESES POR PRESTAMOS;1
12468;338;1050;RODADOS - BIENES DE USO;RODADOS - BIENES DE USO;1
12469;338;1051;MUEBLES Y UTILES - BIENES DE USO;MUEBLES Y UTILES - BIENES DE USO;1
12470;338;1052;MAQUINARIA - BIENES DE USO;MAQUINARIA - BIENES DE USO;1
12471;338;1053;INMUEBLES - BIENES DE USO;INMUEBLES - BIENES DE USO;1
12472;338;5020;RODADOS - GASTOS DE MANTENIMIENTO;RODADOS - GASTOS DE MANTENIMIENTO;1
12473;338;5021;MUEBLES Y UTILES - GASTOS DE MANTENIMIENTO;MUEBLES Y UTILES - GASTOS DE MANTENIMIENTO;1
12474;338;5022;MAQUINARIA - GASTOS DE MANTENIMIENTO;MAQUINARIA - GASTOS DE MANTENIMIENTO;1
12475;338;5023;INMUEBLES - GASTOS DE MANTENIMIENTO;INMUEBLES - GASTOS DE MANTENIMIENTO;1
12476;338;5024;COMPRA DE BIENES USADOS A CF;COMPRA DE BIENES USADOS A CF;1
12477;338;1059;INSTALACIONES - BIENES DE USO;INSTALACIONES - BIENES DE USO;1
12478;338;5025;INSTALACIONES - GASTOS DE MANTENIMIENTO;INSTALACIONES - GASTOS DE MANTENIMIENTO;1
12479;338;5004;SERVICIOS Y TASAS;SERVICIOS Y TASAS;1
12480;338;5051;BANCO HIPOTECARIO - COMISIONES CUENTA;BANCO HIPOTECARIO - COMISIONES CUENTA;1
12481;338;5040;BBVA FRANCES - COMISIONES BANCARIAS;BBVA FRANCES - COMISIONES BANCARIAS;1
12482;338;5052;COMISIONES SGR;COMISIONES SGR;1
12483;338;5014;COMISIONES MERCADOLIBRE;COMISIONES MERCADO LIBRE;1
12484;155;5014;COMISION MERCADOLIBRE;COMISIONES MERCADO LIBRE;1
12485;322;4000;VENTAS;VENTAS;1
12486;322;5000;COMPRAS;COMPRAS;1
12487;322;5001;COMISION TARJETAS DE CREDITO;COMISION TARJETAS DE CREDITO;1
12488;322;5002;COMBUSTIBLES Y LUBRICANTES;COMBUSTIBLES Y LUBRICANTES;1
12489;322;5003;FLETES Y CORREO;FLETES Y CORREO;1
12490;322;5005;LIBRERIA Y PAPELERIA;LIBRERIA Y PAPELERIA;1
12491;322;5006;HONORARIOS PROFESIONALES;HONORARIOS PROFESIONALES;1
12492;322;5007;ALQUILERES PAGADOS;ALQUILERES PAGADOS;1
12493;322;5008;SEGUROS PAGADOS;SEGUROS PAGADOS;1
12494;322;5010;GASTOS GENERALES;GASTOS GENERALES;1
12495;322;5011;SERVICISO INFORMATICOS;SERVICIOS INFORMATICOS;1
12496;322;5012;CANON;CANON;1
12497;322;5013;SERVICIOS JURIDICOS;SERVICIOS JURIDICOS;1
12498;322;5030;BANCO NACION - INTERES POR DESCUBIERTO;BANCO NACION - INTERES POR DESCUBIERTO;1
12499;322;5009;INTERESES BANCARIOS;INTERESES BANCARIOS;1
12500;322;5031;BANCO NACION - GASTOS DE MANTENIMIENTO DE CUENTA;BANCO NACION - GASTOS DE MANTENIMIENTO DE CUENTA;1
12501;322;5032;BANCO NACION - INTERESES POR PRESTAMOS;BANCO NACION - INTERESES POR PRESTAMOS;1
12502;322;5033;BANCO SANTANDER - INTERES POR DESCUBIERTO;BANCO SANTANDER - INTERES POR DESCUBIERTO;1
12503;322;5036;BANCO GALICIA - INTERES POR DESCUBIERTO;BANCO GALICIA - INTERES POR DESCUBIERTO;1
12504;322;5039;BBVA FRANCES - INTERES POR DESCUBIERTO;BBVA FRANCES - INTERES POR DESCUBIERTO;1
12505;322;5042;BANCO CREDICOOP - INTERES POR DESCUBIERTO;BANCO CREDICOOP - INTERES POR DESCUBIERTO;1
12506;322;5045;BANCO HSBC - INTERES POR DESCUBIERTO;BANCO HSBC - INTERES POR DESCUBIERTO;1
12507;322;5048;BANCO PATAGONIA - INTERES POR DESCUBIERTO;BANCO PATAGONIA - INTERES POR DESCUBIERTO;1
12508;322;5034;BANCO SANTANDER - GASTOS DE MANTENIMIENTO DE CUENTA;BANCO SANTANDER - GASTOS DE MANTENIMIENTO DE CUENTA;1
12509;322;5037;BANCO GALICIA - GASTOS DE MANTENIMIENTO DE CUENTA;BANCO GALICIA - GASTOS DE MANTENIMIENTO DE CUENTA;1
12510;322;5043;BANCO CREDICOOP - GASTOS DE MANTENIMIENTO DE CUENTA;BANCO CREDICOOP - GASTOS DE MANTENIMIENTO DE CUENTA;1
12511;322;5046;BANCO HSBC - GASTOS DE MANTENIMIENTO DE CUENTA;BANCO HSBC - GASTOS DE MANTENIMIENTO DE CUENTA;1
12512;322;5049;BANCO PATAGONIA - GASTOS DE MANTENIMIENTO DE CUENTA;BANCO PATAGONIA - GASTOS DE MANTENIMIENTO DE CUENTA;1
12513;322;5035;BANCO SANTANDER - INTERESES POR PRESTAMOS;BANCO SANTANDER - INTERESES POR PRESTAMOS;1
12514;322;5038;BANCO GALICIA - INTERESES POR PRESTAMOS;BANCO GALICIA - INTERESES POR PRESTAMOS;1
12515;322;5041;BBVA FRANCES - INTERESES POR PRESTAMOS;BBVA FRANCES - INTERESES POR PRESTAMOS;1
12516;322;5044;BANCO CREDICOOP- INTERESES POR PRESTAMOS;BANCO CREDICOOP- INTERESES POR PRESTAMOS;1
12517;322;5047;BANCO HSBC - INTERESES POR PRESTAMOS;BANCO HSBC - INTERESES POR PRESTAMOS;1
12518;322;5050;BANCO PATAGONIA- INTERESES POR PRESTAMOS;BANCO PATAGONIA- INTERESES POR PRESTAMOS;1
12519;322;1050;RODADOS - BIENES DE USO;RODADOS - BIENES DE USO;1
12520;322;1051;MUEBLES Y UTILES - BIENES DE USO;MUEBLES Y UTILES - BIENES DE USO;1
12521;322;1052;MAQUINARIA - BIENES DE USO;MAQUINARIA - BIENES DE USO;1
12522;322;1053;INMUEBLES - BIENES DE USO;INMUEBLES - BIENES DE USO;1
12523;322;5020;RODADOS - GASTOS DE MANTENIMIENTO;RODADOS - GASTOS DE MANTENIMIENTO;1
12524;322;5021;MUEBLES Y UTILES - GASTOS DE MANTENIMIENTO;MUEBLES Y UTILES - GASTOS DE MANTENIMIENTO;1
12525;322;5022;MAQUINARIA - GASTOS DE MANTENIMIENTO;MAQUINARIA - GASTOS DE MANTENIMIENTO;1
12526;322;5023;INMUEBLES - GASTOS DE MANTENIMIENTO;INMUEBLES - GASTOS DE MANTENIMIENTO;1
12527;322;5024;COMPRA DE BIENES USADOS A CF;COMPRA DE BIENES USADOS A CF;1
12528;322;1059;INSTALACIONES - BIENES DE USO;INSTALACIONES - BIENES DE USO;1
12529;322;5025;INSTALACIONES - GASTOS DE MANTENIMIENTO;INSTALACIONES - GASTOS DE MANTENIMIENTO;1
12530;322;5004;SERVICIOS Y TASAS;SERVICIOS Y TASAS;1
12531;322;5051;BANCO HIPOTECARIO - COMISIONES CUENTA;BANCO HIPOTECARIO - COMISIONES CUENTA;1
12532;322;5040;BBVA FRANCES - COMISIONES BANCARIAS;BBVA FRANCES - COMISIONES BANCARIAS;1
12533;322;5052;COMISIONES SGR;COMISIONES SGR;1
12534;322;5014;COMISIONES MERCADOLIBRE;COMISIONES MERCADO LIBRE;1
12535;126;5014;COMISION MERCADO LIBRE;COMISIONES MERCADO LIBRE;1
12536;326;5002;COMBUSTIBLE Y LUBRICANTES;COMBUSTIBLES Y LUBRICANTES;1
12537;326;5014;COMISIONES MERCADO LIBRE;COMISIONES MERCADO LIBRE;1
12538;19;5051;BANCO MACRO - INTERESES POR PRÉSTAMOS;BANCO MACRO - INTERESES POR PRESTAMOS;1
12539;19;5052;BANCO MACRO - INTERES POR DESCUBIERTO;BANCO MACRO - INTERES POR DESCUBIERTO;1
12540;19;5053;BANCO MACRO - GASTOS DE MANTENIMIENTO DE CUENTA;BANCO MACRO - GASTOS DE MANTENIMIENTO DE CUENTA;1
12541;162;5015;COMISIONES MERCADOLIBRE;COMISIONES MERCADO LIBRE;0
12542;91;5060;BBVA FRANCES - COMISION MANTENIMIENTO;BBVA FRANCES - COMISIONES BANCARIAS;1
12543;342;4000;VENTAS;VENTAS;1
12544;342;5000;COMPRAS;COMPRAS;1
12545;342;5001;COMISION TARJETAS DE CREDITO;COMISION TARJETAS DE CREDITO;1
12546;342;5002;COMBUSTIBLES Y LUBRICANTES;COMBUSTIBLES Y LUBRICANTES;1
12547;342;5003;FLETES Y CORREO;FLETES Y CORREO;1
12548;342;5005;LIBRERIA Y PAPELERIA;LIBRERIA Y PAPELERIA;1
12549;342;5006;HONORARIOS PROFESIONALES;HONORARIOS PROFESIONALES;1
12550;342;5007;ALQUILERES PAGADOS;ALQUILERES PAGADOS;1
12551;342;5008;SEGUROS PAGADOS;SEGUROS PAGADOS;1
12552;342;5010;GASTOS GENERALES;GASTOS GENERALES;1
12553;342;5011;SERVICISO INFORMATICOS;SERVICIOS INFORMATICOS;1
12554;342;5012;CANON;CANON;1
12555;342;5013;SERVICIOS JURIDICOS;SERVICIOS JURIDICOS;1
12556;342;5030;BANCO NACION - INTERES POR DESCUBIERTO;BANCO NACION - INTERES POR DESCUBIERTO;1
12557;342;5009;INTERESES BANCARIOS;INTERESES BANCARIOS;1
12558;342;5031;BANCO NACION - GASTOS DE MANTENIMIENTO DE CUENTA;BANCO NACION - GASTOS DE MANTENIMIENTO DE CUENTA;1
12559;342;5032;BANCO NACION - INTERESES POR PRESTAMOS;BANCO NACION - INTERESES POR PRESTAMOS;1
12560;342;5033;BANCO SANTANDER - INTERES POR DESCUBIERTO;BANCO SANTANDER - INTERES POR DESCUBIERTO;1
12561;342;5036;BANCO GALICIA - INTERES POR DESCUBIERTO;BANCO GALICIA - INTERES POR DESCUBIERTO;1
12562;342;5039;BBVA FRANCES - INTERES POR DESCUBIERTO;BBVA FRANCES - INTERES POR DESCUBIERTO;1
12563;342;5042;BANCO CREDICOOP - INTERES POR DESCUBIERTO;BANCO CREDICOOP - INTERES POR DESCUBIERTO;1
12564;342;5045;BANCO HSBC - INTERES POR DESCUBIERTO;BANCO HSBC - INTERES POR DESCUBIERTO;1
12565;342;5048;BANCO PATAGONIA - INTERES POR DESCUBIERTO;BANCO PATAGONIA - INTERES POR DESCUBIERTO;1
12566;342;5034;BANCO SANTANDER - GASTOS DE MANTENIMIENTO DE CUENTA;BANCO SANTANDER - GASTOS DE MANTENIMIENTO DE CUENTA;1
12567;342;5037;BANCO GALICIA - GASTOS DE MANTENIMIENTO DE CUENTA;BANCO GALICIA - GASTOS DE MANTENIMIENTO DE CUENTA;1
12568;342;5043;BANCO CREDICOOP - GASTOS DE MANTENIMIENTO DE CUENTA;BANCO CREDICOOP - GASTOS DE MANTENIMIENTO DE CUENTA;1
12569;342;5046;BANCO HSBC - GASTOS DE MANTENIMIENTO DE CUENTA;BANCO HSBC - GASTOS DE MANTENIMIENTO DE CUENTA;1
12570;342;5049;BANCO PATAGONIA - GASTOS DE MANTENIMIENTO DE CUENTA;BANCO PATAGONIA - GASTOS DE MANTENIMIENTO DE CUENTA;1
12571;342;5035;BANCO SANTANDER - INTERESES POR PRESTAMOS;BANCO SANTANDER - INTERESES POR PRESTAMOS;1
12572;342;5038;BANCO GALICIA - INTERESES POR PRESTAMOS;BANCO GALICIA - INTERESES POR PRESTAMOS;1
12573;342;5041;BBVA FRANCES - INTERESES POR PRESTAMOS;BBVA FRANCES - INTERESES POR PRESTAMOS;1
12574;342;5044;BANCO CREDICOOP- INTERESES POR PRESTAMOS;BANCO CREDICOOP- INTERESES POR PRESTAMOS;1
12575;342;5047;BANCO HSBC - INTERESES POR PRESTAMOS;BANCO HSBC - INTERESES POR PRESTAMOS;1
12576;342;5050;BANCO PATAGONIA- INTERESES POR PRESTAMOS;BANCO PATAGONIA- INTERESES POR PRESTAMOS;1
12577;342;1050;RODADOS - BIENES DE USO;RODADOS - BIENES DE USO;1
12578;342;1051;MUEBLES Y UTILES - BIENES DE USO;MUEBLES Y UTILES - BIENES DE USO;1
12579;342;1052;MAQUINARIA - BIENES DE USO;MAQUINARIA - BIENES DE USO;1
12580;342;1053;INMUEBLES - BIENES DE USO;INMUEBLES - BIENES DE USO;1
12581;342;5020;RODADOS - GASTOS DE MANTENIMIENTO;RODADOS - GASTOS DE MANTENIMIENTO;1
12582;342;5021;MUEBLES Y UTILES - GASTOS DE MANTENIMIENTO;MUEBLES Y UTILES - GASTOS DE MANTENIMIENTO;1
12583;342;5022;MAQUINARIA - GASTOS DE MANTENIMIENTO;MAQUINARIA - GASTOS DE MANTENIMIENTO;1
12584;342;5023;INMUEBLES - GASTOS DE MANTENIMIENTO;INMUEBLES - GASTOS DE MANTENIMIENTO;1
12585;342;5024;COMPRA DE BIENES USADOS A CF;COMPRA DE BIENES USADOS A CF;1
12586;342;1059;INSTALACIONES - BIENES DE USO;INSTALACIONES - BIENES DE USO;1
12587;342;5025;INSTALACIONES - GASTOS DE MANTENIMIENTO;INSTALACIONES - GASTOS DE MANTENIMIENTO;1
12588;342;9999;OTROS;OTROS;1
12589;342;5014;comisiones mercado libre;COMISIONES MERCADO LIBRE;1
12590;342;5004;SERVICIOS Y TASAS;SERVICIOS Y TASAS;1
12591;97;5053;BANCO MACRO - INTERESES POR PRÉSTAMOS;BANCO MACRO - INTERESES POR PRESTAMOS;1
12592;75;5040;BBVA FRANCES - GASTOS DE MANTENIMIENTO DE CUENTA;BBVA FRANCES - GASTOS DE MANTENIMIENTO DE CUENTA;1
12593;114;5052;BANCO MACRO - GASTOS DE MANTENIMIENTO;BANCO MACRO - GASTOS DE MANTENIMIENTO;1
12594;114;5053;BANCO MACRO - INTERESES POR DESCUBIERTO;BANCO MACRO - INTERESES POR DESCUBIERTO;1
12595;114;5054;BANCO MACRO - INTERESES POR PRÉSTAMOS;BANCO MACRO - INTERESES POR PRESTAMOS;1
12596;11;5052;BANCO MACRO - GASTOS DE MANTENIMIENTO;BANCO MACRO - GASTOS DE MANTENIMIENTO;1
12597;11;5053;BANCO MACRO - INTERESES POR DESCUBIERTO;BANCO MACRO - INTERESES POR DESCUBIERTO;1
12598;11;5054;BANCO MACRO - INTERES POR PRESTAMO;BANCO MACRO - INTERES POR PRESTAMO;1
12599;17;5056;BANCO MACRO - INTERES POR DESCUBIERTO;BANCO MACRO - INTERES POR DESCUBIERTO;1
12600;17;5057;BANCO MACRO - GASTO DE MANTENIMIENTO DE CUENTA;BANCO MACRO - GASTO DE MANTENIMIENTO DE CUENTA;1
12601;32;5055;BANCO MACRO - INTERES POR DESCUBIERTO;BANCO MACRO - INTERES POR DESCUBIERTO;1
12602;32;5056;BANCO MACRO - INTERES POR COMISION BANCARIA;BANCO MACRO - INTERES POR COMISION BANCARIA;1
12603;343;4000;VENTAS;VENTAS;1
12604;343;5000;COMPRAS;COMPRAS;1
12605;343;5001;COMISION TARJETAS DE CREDITO;COMISION TARJETAS DE CREDITO;1
12606;343;5002;COMBUSTIBLES Y LUBRICANTES;COMBUSTIBLES Y LUBRICANTES;1
12607;343;5003;FLETES Y CORREO;FLETES Y CORREO;1
12608;343;5005;LIBRERIA Y PAPELERIA;LIBRERIA Y PAPELERIA;1
12609;343;5006;HONORARIOS PROFESIONALES;HONORARIOS PROFESIONALES;1
12610;343;5007;ALQUILERES PAGADOS;ALQUILERES PAGADOS;1
12611;343;5008;SEGUROS PAGADOS;SEGUROS PAGADOS;1
12612;343;5010;GASTOS GENERALES;GASTOS GENERALES;1
12613;343;5011;SERVICISO INFORMATICOS;SERVICIOS INFORMATICOS;1
12614;343;5012;CANON;CANON;1
12615;343;5013;SERVICIOS JURIDICOS;SERVICIOS JURIDICOS;1
12616;343;5030;BANCO NACION - INTERES POR DESCUBIERTO;BANCO NACION - INTERES POR DESCUBIERTO;1
12617;343;5009;INTERESES BANCARIOS;INTERESES BANCARIOS;1
12618;343;5031;BANCO NACION - GASTOS DE MANTENIMIENTO DE CUENTA;BANCO NACION - GASTOS DE MANTENIMIENTO DE CUENTA;1
12619;343;5032;BANCO NACION - INTERESES POR PRESTAMOS;BANCO NACION - INTERESES POR PRESTAMOS;1
12620;343;5033;BANCO SANTANDER - INTERES POR DESCUBIERTO;BANCO SANTANDER - INTERES POR DESCUBIERTO;1
12621;343;5036;BANCO GALICIA - INTERES POR DESCUBIERTO;BANCO GALICIA - INTERES POR DESCUBIERTO;1
12622;343;5039;BBVA FRANCES - INTERES POR DESCUBIERTO;BBVA FRANCES - INTERES POR DESCUBIERTO;1
12623;343;5042;BANCO CREDICOOP - INTERES POR DESCUBIERTO;BANCO CREDICOOP - INTERES POR DESCUBIERTO;1
12624;343;5045;BANCO HSBC - INTERES POR DESCUBIERTO;BANCO HSBC - INTERES POR DESCUBIERTO;1
12625;343;5048;BANCO PATAGONIA - INTERES POR DESCUBIERTO;BANCO PATAGONIA - INTERES POR DESCUBIERTO;1
12626;343;5034;BANCO SANTANDER - GASTOS DE MANTENIMIENTO DE CUENTA;BANCO SANTANDER - GASTOS DE MANTENIMIENTO DE CUENTA;1
12627;343;5037;BANCO GALICIA - GASTOS DE MANTENIMIENTO DE CUENTA;BANCO GALICIA - GASTOS DE MANTENIMIENTO DE CUENTA;1
12628;343;5043;BANCO CREDICOOP - GASTOS DE MANTENIMIENTO DE CUENTA;BANCO CREDICOOP - GASTOS DE MANTENIMIENTO DE CUENTA;1
12629;343;5046;BANCO HSBC - GASTOS DE MANTENIMIENTO DE CUENTA;BANCO HSBC - GASTOS DE MANTENIMIENTO DE CUENTA;1
12630;343;5049;BANCO PATAGONIA - GASTOS DE MANTENIMIENTO DE CUENTA;BANCO PATAGONIA - GASTOS DE MANTENIMIENTO DE CUENTA;1
12631;343;5035;BANCO SANTANDER - INTERESES POR PRESTAMOS;BANCO SANTANDER - INTERESES POR PRESTAMOS;1
12632;343;5038;BANCO GALICIA - INTERESES POR PRESTAMOS;BANCO GALICIA - INTERESES POR PRESTAMOS;1
12633;343;5041;BBVA FRANCES - INTERESES POR PRESTAMOS;BBVA FRANCES - INTERESES POR PRESTAMOS;1
12634;343;5044;BANCO CREDICOOP- INTERESES POR PRESTAMOS;BANCO CREDICOOP- INTERESES POR PRESTAMOS;1
12635;343;5047;BANCO HSBC - INTERESES POR PRESTAMOS;BANCO HSBC - INTERESES POR PRESTAMOS;1
12636;343;5050;BANCO PATAGONIA- INTERESES POR PRESTAMOS;BANCO PATAGONIA- INTERESES POR PRESTAMOS;1
12637;343;1050;RODADOS - BIENES DE USO;RODADOS - BIENES DE USO;1
12638;343;1051;MUEBLES Y UTILES - BIENES DE USO;MUEBLES Y UTILES - BIENES DE USO;1
12639;343;1052;MAQUINARIA - BIENES DE USO;MAQUINARIA - BIENES DE USO;1
12640;343;1053;INMUEBLES - BIENES DE USO;INMUEBLES - BIENES DE USO;1
12641;343;5020;RODADOS - GASTOS DE MANTENIMIENTO;RODADOS - GASTOS DE MANTENIMIENTO;1
12642;343;5021;MUEBLES Y UTILES - GASTOS DE MANTENIMIENTO;MUEBLES Y UTILES - GASTOS DE MANTENIMIENTO;1
12643;343;5022;MAQUINARIA - GASTOS DE MANTENIMIENTO;MAQUINARIA - GASTOS DE MANTENIMIENTO;1
12644;343;5023;INMUEBLES - GASTOS DE MANTENIMIENTO;INMUEBLES - GASTOS DE MANTENIMIENTO;1
12645;343;5024;COMPRA DE BIENES USADOS A CF;COMPRA DE BIENES USADOS A CF;1
12646;343;1059;INSTALACIONES - BIENES DE USO;INSTALACIONES - BIENES DE USO;1
12647;343;5025;INSTALACIONES - GASTOS DE MANTENIMIENTO;INSTALACIONES - GASTOS DE MANTENIMIENTO;1
12648;343;9999;OTROS;OTROS;1
12649;343;5014;comisiones mercado libre;COMISIONES MERCADO LIBRE;1
12650;343;5004;SERVICIOS Y TASAS;SERVICIOS Y TASAS;1
12651;249;5031;BANCO NACION - GASTO DE MANTENIMIENTO DE CUENTA;BANCO NACION - GASTOS DE MANTENIMIENTO DE CUENTA;1
12652;249;5030;BANCO DE LA NACION - INTERES POR DESCUBIERTO;BANCO NACION - INTERES POR DESCUBIERTO;1
12653;249;5032;BANCO DE LA NACION - INTERES POR PRESTAMO;BANCO NACION - INTERESES POR PRESTAMOS;1
12654;77;5057;BANCO MACRO - GASTOS MANTENIMIENTO CUENTA;BANCO MACRO - GASTOS MANTENIMIENTO CUENTA;1
12655;92;5040;BBVA FRANCES - GASTOS CUENTA;BBVA FRANCES - GASTOS CUENTA;1
12657;345;4000;VENTAS;VENTAS;1
12658;345;5000;COMPRAS;COMPRAS;1
12659;345;5001;COMISION TARJETAS DE CREDITO;COMISION TARJETAS DE CREDITO;1
12660;345;5002;COMBUSTIBLES Y LUBRICANTES;COMBUSTIBLES Y LUBRICANTES;1
12661;345;5003;FLETES Y CORREO;FLETES Y CORREO;1
12662;345;5005;LIBRERIA Y PAPELERIA;LIBRERIA Y PAPELERIA;1
12663;345;5006;HONORARIOS PROFESIONALES;HONORARIOS PROFESIONALES;1
12664;345;5007;ALQUILERES PAGADOS;ALQUILERES PAGADOS;1
12665;345;5008;SEGUROS PAGADOS;SEGUROS PAGADOS;1
12666;345;5010;GASTOS GENERALES;GASTOS GENERALES;1
12667;345;5011;SERVICISO INFORMATICOS;SERVICIOS INFORMATICOS;1
12668;345;5012;CANON;CANON;1
12669;345;5013;SERVICIOS JURIDICOS;SERVICIOS JURIDICOS;1
12670;345;5030;BANCO NACION - INTERES POR DESCUBIERTO;BANCO NACION - INTERES POR DESCUBIERTO;1
12671;345;5009;INTERESES BANCARIOS;INTERESES BANCARIOS;1
12672;345;5031;BANCO NACION - GASTOS DE MANTENIMIENTO DE CUENTA;BANCO NACION - GASTOS DE MANTENIMIENTO DE CUENTA;1
12673;345;5032;BANCO NACION - INTERESES POR PRESTAMOS;BANCO NACION - INTERESES POR PRESTAMOS;1
12674;345;5033;BANCO SANTANDER - INTERES POR DESCUBIERTO;BANCO SANTANDER - INTERES POR DESCUBIERTO;1
12675;345;5036;BANCO GALICIA - INTERES POR DESCUBIERTO;BANCO GALICIA - INTERES POR DESCUBIERTO;1
12676;345;5039;BBVA FRANCES - INTERES POR DESCUBIERTO;BBVA FRANCES - INTERES POR DESCUBIERTO;1
12677;345;5042;BANCO CREDICOOP - INTERES POR DESCUBIERTO;BANCO CREDICOOP - INTERES POR DESCUBIERTO;1
12678;345;5045;BANCO HSBC - INTERES POR DESCUBIERTO;BANCO HSBC - INTERES POR DESCUBIERTO;1
12679;345;5048;BANCO PATAGONIA - INTERES POR DESCUBIERTO;BANCO PATAGONIA - INTERES POR DESCUBIERTO;1
12680;345;5034;BANCO SANTANDER - GASTOS DE MANTENIMIENTO DE CUENTA;BANCO SANTANDER - GASTOS DE MANTENIMIENTO DE CUENTA;1
12681;345;5037;BANCO GALICIA - GASTOS DE MANTENIMIENTO DE CUENTA;BANCO GALICIA - GASTOS DE MANTENIMIENTO DE CUENTA;1
12682;345;5043;BANCO CREDICOOP - GASTOS DE MANTENIMIENTO DE CUENTA;BANCO CREDICOOP - GASTOS DE MANTENIMIENTO DE CUENTA;1
12683;345;5046;BANCO HSBC - GASTOS DE MANTENIMIENTO DE CUENTA;BANCO HSBC - GASTOS DE MANTENIMIENTO DE CUENTA;1
12684;345;5049;BANCO PATAGONIA - GASTOS DE MANTENIMIENTO DE CUENTA;BANCO PATAGONIA - GASTOS DE MANTENIMIENTO DE CUENTA;1
12685;345;5035;BANCO SANTANDER - INTERESES POR PRESTAMOS;BANCO SANTANDER - INTERESES POR PRESTAMOS;1
12686;345;5038;BANCO GALICIA - INTERESES POR PRESTAMOS;BANCO GALICIA - INTERESES POR PRESTAMOS;1
12687;345;5041;BBVA FRANCES - INTERESES POR PRESTAMOS;BBVA FRANCES - INTERESES POR PRESTAMOS;1
12688;345;5044;BANCO CREDICOOP- INTERESES POR PRESTAMOS;BANCO CREDICOOP- INTERESES POR PRESTAMOS;1
12689;345;5047;BANCO HSBC - INTERESES POR PRESTAMOS;BANCO HSBC - INTERESES POR PRESTAMOS;1
12690;345;5050;BANCO PATAGONIA- INTERESES POR PRESTAMOS;BANCO PATAGONIA- INTERESES POR PRESTAMOS;1
12691;345;1050;RODADOS - BIENES DE USO;RODADOS - BIENES DE USO;1
12692;345;1051;MUEBLES Y UTILES - BIENES DE USO;MUEBLES Y UTILES - BIENES DE USO;1
12693;345;1052;MAQUINARIA - BIENES DE USO;MAQUINARIA - BIENES DE USO;1
12694;345;1053;INMUEBLES - BIENES DE USO;INMUEBLES - BIENES DE USO;1
12695;345;5020;RODADOS - GASTOS DE MANTENIMIENTO;RODADOS - GASTOS DE MANTENIMIENTO;1
12696;345;5021;MUEBLES Y UTILES - GASTOS DE MANTENIMIENTO;MUEBLES Y UTILES - GASTOS DE MANTENIMIENTO;1
12697;345;5022;MAQUINARIA - GASTOS DE MANTENIMIENTO;MAQUINARIA - GASTOS DE MANTENIMIENTO;1
12698;345;5023;INMUEBLES - GASTOS DE MANTENIMIENTO;INMUEBLES - GASTOS DE MANTENIMIENTO;1
12699;345;5024;COMPRA DE BIENES USADOS A CF;COMPRA DE BIENES USADOS A CF;1
12700;345;1059;INSTALACIONES - BIENES DE USO;INSTALACIONES - BIENES DE USO;1
12701;345;5025;INSTALACIONES - GASTOS DE MANTENIMIENTO;INSTALACIONES - GASTOS DE MANTENIMIENTO;1
12702;345;5004;SERVICIOS Y TASAS;SERVICIOS Y TASAS;1
12703;345;5051;BANCO HIPOTECARIO - COMISIONES CUENTA;BANCO HIPOTECARIO - COMISIONES CUENTA;1
12704;345;5040;BBVA FRANCES - COMISIONES BANCARIAS;BBVA FRANCES - COMISIONES BANCARIAS;1
12705;345;5052;COMISIONES SGR;COMISIONES SGR;1
12706;345;5014;COMISIONES MERCADOLIBRE;COMISIONES MERCADO LIBRE;1
12707;223;5056;BANCO MACRO - INTERES POR DESCUBIERTO;BANCO MACRO - INTERES POR DESCUBIERTO;1
12708;221;5054;BANCO MACRO - INTERES POR DESCUBIERTO;BANCO MACRO - INTERES POR DESCUBIERTO;1
12709;221;5055;BANCO MACRO - INTERESES POR PRÉSTAMOS;BANCO MACRO - INTERESES POR PRESTAMOS;1
12710;346;4000;VENTAS;VENTAS;1
12711;346;5000;COMPRAS;COMPRAS;1
12712;346;5001;COMISION TARJETAS DE CREDITO;COMISION TARJETAS DE CREDITO;1
12713;346;5002;COMBUSTIBLES Y LUBRICANTES;COMBUSTIBLES Y LUBRICANTES;1
12714;346;5003;FLETES Y CORREO;FLETES Y CORREO;1
12715;346;5005;LIBRERIA Y PAPELERIA;LIBRERIA Y PAPELERIA;1
12716;346;5006;HONORARIOS PROFESIONALES;HONORARIOS PROFESIONALES;1
12717;346;5007;ALQUILERES PAGADOS;ALQUILERES PAGADOS;1
12718;346;5008;SEGUROS PAGADOS;SEGUROS PAGADOS;1
12719;346;5010;GASTOS GENERALES;GASTOS GENERALES;1
12720;346;5011;SERVICISO INFORMATICOS;SERVICIOS INFORMATICOS;1
12721;346;5012;CANON;CANON;1
12722;346;5013;SERVICIOS JURIDICOS;SERVICIOS JURIDICOS;1
12723;346;5030;BANCO NACION - INTERES POR DESCUBIERTO;BANCO NACION - INTERES POR DESCUBIERTO;1
12724;346;5009;INTERESES BANCARIOS;INTERESES BANCARIOS;1
12725;346;5031;BANCO NACION - GASTOS DE MANTENIMIENTO DE CUENTA;BANCO NACION - GASTOS DE MANTENIMIENTO DE CUENTA;1
12726;346;5032;BANCO NACION - INTERESES POR PRESTAMOS;BANCO NACION - INTERESES POR PRESTAMOS;1
12727;346;5033;BANCO SANTANDER - INTERES POR DESCUBIERTO;BANCO SANTANDER - INTERES POR DESCUBIERTO;1
12728;346;5036;BANCO GALICIA - INTERES POR DESCUBIERTO;BANCO GALICIA - INTERES POR DESCUBIERTO;1
12729;346;5039;BBVA FRANCES - INTERES POR DESCUBIERTO;BBVA FRANCES - INTERES POR DESCUBIERTO;1
12730;346;5042;BANCO CREDICOOP - INTERES POR DESCUBIERTO;BANCO CREDICOOP - INTERES POR DESCUBIERTO;1
12731;346;5045;BANCO HSBC - INTERES POR DESCUBIERTO;BANCO HSBC - INTERES POR DESCUBIERTO;1
12732;346;5048;BANCO PATAGONIA - INTERES POR DESCUBIERTO;BANCO PATAGONIA - INTERES POR DESCUBIERTO;1
12733;346;5034;BANCO SANTANDER - GASTOS DE MANTENIMIENTO DE CUENTA;BANCO SANTANDER - GASTOS DE MANTENIMIENTO DE CUENTA;1
12734;346;5037;BANCO GALICIA - GASTOS DE MANTENIMIENTO DE CUENTA;BANCO GALICIA - GASTOS DE MANTENIMIENTO DE CUENTA;1
12735;346;5043;BANCO CREDICOOP - GASTOS DE MANTENIMIENTO DE CUENTA;BANCO CREDICOOP - GASTOS DE MANTENIMIENTO DE CUENTA;1
12736;346;5046;BANCO HSBC - GASTOS DE MANTENIMIENTO DE CUENTA;BANCO HSBC - GASTOS DE MANTENIMIENTO DE CUENTA;1
12737;346;5049;BANCO PATAGONIA - GASTOS DE MANTENIMIENTO DE CUENTA;BANCO PATAGONIA - GASTOS DE MANTENIMIENTO DE CUENTA;1
12738;346;5035;BANCO SANTANDER - INTERESES POR PRESTAMOS;BANCO SANTANDER - INTERESES POR PRESTAMOS;1
12739;346;5038;BANCO GALICIA - INTERESES POR PRESTAMOS;BANCO GALICIA - INTERESES POR PRESTAMOS;1
12740;346;5041;BBVA FRANCES - INTERESES POR PRESTAMOS;BBVA FRANCES - INTERESES POR PRESTAMOS;1
12741;346;5044;BANCO CREDICOOP- INTERESES POR PRESTAMOS;BANCO CREDICOOP- INTERESES POR PRESTAMOS;1
12742;346;5047;BANCO HSBC - INTERESES POR PRESTAMOS;BANCO HSBC - INTERESES POR PRESTAMOS;1
12743;346;5050;BANCO PATAGONIA- INTERESES POR PRESTAMOS;BANCO PATAGONIA- INTERESES POR PRESTAMOS;1
12744;346;1050;RODADOS - BIENES DE USO;RODADOS - BIENES DE USO;1
12745;346;1051;MUEBLES Y UTILES - BIENES DE USO;MUEBLES Y UTILES - BIENES DE USO;1
12746;346;1052;MAQUINARIA - BIENES DE USO;MAQUINARIA - BIENES DE USO;1
12747;346;1053;INMUEBLES - BIENES DE USO;INMUEBLES - BIENES DE USO;1
12748;346;5020;RODADOS - GASTOS DE MANTENIMIENTO;RODADOS - GASTOS DE MANTENIMIENTO;1
12749;346;5021;MUEBLES Y UTILES - GASTOS DE MANTENIMIENTO;MUEBLES Y UTILES - GASTOS DE MANTENIMIENTO;1
12750;346;5022;MAQUINARIA - GASTOS DE MANTENIMIENTO;MAQUINARIA - GASTOS DE MANTENIMIENTO;1
12751;346;5023;INMUEBLES - GASTOS DE MANTENIMIENTO;INMUEBLES - GASTOS DE MANTENIMIENTO;1
12752;346;5024;COMPRA DE BIENES USADOS A CF;COMPRA DE BIENES USADOS A CF;1
12753;346;1059;INSTALACIONES - BIENES DE USO;INSTALACIONES - BIENES DE USO;1
12754;346;5025;INSTALACIONES - GASTOS DE MANTENIMIENTO;INSTALACIONES - GASTOS DE MANTENIMIENTO;1
12755;346;5004;SERVICIOS Y TASAS;SERVICIOS Y TASAS;1
12756;346;5051;BANCO HIPOTECARIO - COMISIONES CUENTA;BANCO HIPOTECARIO - COMISIONES CUENTA;1
12757;346;5040;BBVA FRANCES - COMISIONES BANCARIAS;BBVA FRANCES - COMISIONES BANCARIAS;1
12758;346;5052;COMISIONES SGR;COMISIONES SGR;1
12759;346;5014;COMISIONES MERCADOLIBRE;COMISIONES MERCADO LIBRE;1
12760;97;5054;BANCO MACRO - INTERESES POR DESCUBIERTO;BANCO MACRO - INTERESES POR DESCUBIERTO;1
12761;42;5052;BANCO MACRO - INTERES POR PRESTAMOS;BANCO MACRO - INTERES POR PRESTAMOS;1
12762;119;5052;BANCO MACRO - GASTO DE MANTENIMIENTO DE CUENTA;BANCO MACRO - GASTO DE MANTENIMIENTO DE CUENTA;1
12763;119;5053;BANCO MACRO - INTERES POR DESCUBIERTO;BANCO MACRO - INTERES POR DESCUBIERTO;1
12764;94;5051;BANCO MACRO - COMISIONES BANCARIAS;BANCO MACRO - COMISIONES BANCARIAS;1
12765;109;5055;BANCO MACRO - GASTOS MANTENIMIENTO CUENTA;BANCO MACRO - GASTOS MANTENIMIENTO CUENTA;1
12766;326;5051;BANCO MACRO - GASTO DE MANTENIMIENTO DE CUENTA;BANCO MACRO - GASTO DE MANTENIMIENTO DE CUENTA;1
12767;326;5052;BANCO MACRO -  INTERES POR DESCUBIERTO;BANCO MACRO - INTERES POR DESCUBIERTO;1
12768;150;5055;BANCO MACRO - INTERESES POR PRESTAMO;BANCO MACRO - INTERESES POR PRESTAMO;1
12769;150;5056;BANCO MACRO - INTERESES POR DESCUBIERTO;BANCO MACRO - INTERESES POR DESCUBIERTO;1
12770;297;5053;BANCO BBVA - INTERESES POR PRÉSTAMOS;BANCO BBVA - INTERESES POR PRESTAMOS;1
12771;297;5056;BANCO MACRO - INTERESES POR PRÉSTAMOS;BANCO MACRO - INTERESES POR PRESTAMOS;1
12772;335;5051;BANCO MACRO - COMISION MANTENIMIENTO CUENTA;BANCO MACRO - COMISION MANTENIMIENTO CUENTA;1
12773;335;5052;BANCO MACRO - INTERESES POR PRESTAMO;BANCO MACRO - INTERESES POR PRESTAMO;1
12774;335;5053;BANCO MACRO - INTERES GIRO EN DESCUBIERTO;BANCO MACRO - INTERES GIRO EN DESCUBIERTO;1
12775;133;5055;BANCO MACRO - INTERESES DESCUBIERTO;BANCO MACRO - INTERESES DESCUBIERTO;1
12776;133;5056;BANCO MACRO - INTERESES POR PRESTAMOS;BANCO MACRO - INTERESES POR PRESTAMOS;1
12777;213;5052;BANCO MACRO - GASTOS DE MANTIMIENTO DE CUENTA;BANCO MACRO - GASTOS DE MANTIMIENTO DE CUENTA;1
12778;213;5053;BANCO MACRO - INTERESES POR PRÉSTAMOS;BANCO MACRO - INTERESES POR PRESTAMOS;1
12779;213;5054;BANCO MACRO - INTERESES POR DESCUBIERTO;BANCO MACRO - INTERESES POR DESCUBIERTO;1
12780;119;5054;BANCO MACRO - INTERESES POR PRÉSTAMOS;BANCO MACRO - INTERESES POR PRESTAMOS;1
12781;326;5006;HONORARIOS PROFESIONALES;HONORARIOS PROFESIONALES;1
12782;77;5058;BANCO MACRO - INTERESES PRESTAMOS;BANCO MACRO - INTERESES PRESTAMOS;1
12783;348;4000;VENTAS;VENTAS;1
12784;348;5000;COMPRAS;COMPRAS;1
12785;348;5001;COMISION TARJETAS DE CREDITO;COMISION TARJETAS DE CREDITO;1
12786;348;5002;COMBUSTIBLES Y LUBRICANTES;COMBUSTIBLES Y LUBRICANTES;1
12787;348;5003;FLETES Y CORREO;FLETES Y CORREO;1
12788;348;5005;LIBRERIA Y PAPELERIA;LIBRERIA Y PAPELERIA;1
12789;348;5006;HONORARIOS PROFESIONALES;HONORARIOS PROFESIONALES;1
12790;348;5007;ALQUILERES PAGADOS;ALQUILERES PAGADOS;1
12791;348;5008;SEGUROS PAGADOS;SEGUROS PAGADOS;1
12792;348;5010;GASTOS GENERALES;GASTOS GENERALES;1
12793;348;5011;SERVICISO INFORMATICOS;SERVICIOS INFORMATICOS;1
12794;348;5012;CANON;CANON;1
12795;348;5013;SERVICIOS JURIDICOS;SERVICIOS JURIDICOS;1
12796;348;5030;BANCO NACION - INTERES POR DESCUBIERTO;BANCO NACION - INTERES POR DESCUBIERTO;1
12797;348;5009;INTERESES BANCARIOS;INTERESES BANCARIOS;1
12798;348;5031;BANCO NACION - GASTOS DE MANTENIMIENTO DE CUENTA;BANCO NACION - GASTOS DE MANTENIMIENTO DE CUENTA;1
12799;348;5032;BANCO NACION - INTERESES POR PRESTAMOS;BANCO NACION - INTERESES POR PRESTAMOS;1
12800;348;5033;BANCO SANTANDER - INTERES POR DESCUBIERTO;BANCO SANTANDER - INTERES POR DESCUBIERTO;1
12801;348;5036;BANCO GALICIA - INTERES POR DESCUBIERTO;BANCO GALICIA - INTERES POR DESCUBIERTO;1
12802;348;5039;BBVA FRANCES - INTERES POR DESCUBIERTO;BBVA FRANCES - INTERES POR DESCUBIERTO;1
12803;348;5042;BANCO CREDICOOP - INTERES POR DESCUBIERTO;BANCO CREDICOOP - INTERES POR DESCUBIERTO;1
12804;348;5045;BANCO HSBC - INTERES POR DESCUBIERTO;BANCO HSBC - INTERES POR DESCUBIERTO;1
12805;348;5048;BANCO PATAGONIA - INTERES POR DESCUBIERTO;BANCO PATAGONIA - INTERES POR DESCUBIERTO;1
12806;348;5034;BANCO SANTANDER - GASTOS DE MANTENIMIENTO DE CUENTA;BANCO SANTANDER - GASTOS DE MANTENIMIENTO DE CUENTA;1
12807;348;5037;BANCO GALICIA - GASTOS DE MANTENIMIENTO DE CUENTA;BANCO GALICIA - GASTOS DE MANTENIMIENTO DE CUENTA;1
12808;348;5043;BANCO CREDICOOP - GASTOS DE MANTENIMIENTO DE CUENTA;BANCO CREDICOOP - GASTOS DE MANTENIMIENTO DE CUENTA;1
12809;348;5046;BANCO HSBC - GASTOS DE MANTENIMIENTO DE CUENTA;BANCO HSBC - GASTOS DE MANTENIMIENTO DE CUENTA;1
12810;348;5049;BANCO PATAGONIA - GASTOS DE MANTENIMIENTO DE CUENTA;BANCO PATAGONIA - GASTOS DE MANTENIMIENTO DE CUENTA;1
12811;348;5035;BANCO SANTANDER - INTERESES POR PRESTAMOS;BANCO SANTANDER - INTERESES POR PRESTAMOS;1
12812;348;5038;BANCO GALICIA - INTERESES POR PRESTAMOS;BANCO GALICIA - INTERESES POR PRESTAMOS;1
12813;348;5041;BBVA FRANCES - INTERESES POR PRESTAMOS;BBVA FRANCES - INTERESES POR PRESTAMOS;1
12814;348;5044;BANCO CREDICOOP- INTERESES POR PRESTAMOS;BANCO CREDICOOP- INTERESES POR PRESTAMOS;1
12815;348;5047;BANCO HSBC - INTERESES POR PRESTAMOS;BANCO HSBC - INTERESES POR PRESTAMOS;1
12816;348;5050;BANCO PATAGONIA- INTERESES POR PRESTAMOS;BANCO PATAGONIA- INTERESES POR PRESTAMOS;1
12817;348;1050;RODADOS - BIENES DE USO;RODADOS - BIENES DE USO;1
12818;348;1051;MUEBLES Y UTILES - BIENES DE USO;MUEBLES Y UTILES - BIENES DE USO;1
12819;348;1052;MAQUINARIA - BIENES DE USO;MAQUINARIA - BIENES DE USO;1
12820;348;1053;INMUEBLES - BIENES DE USO;INMUEBLES - BIENES DE USO;1
12821;348;5020;RODADOS - GASTOS DE MANTENIMIENTO;RODADOS - GASTOS DE MANTENIMIENTO;1
12822;348;5021;MUEBLES Y UTILES - GASTOS DE MANTENIMIENTO;MUEBLES Y UTILES - GASTOS DE MANTENIMIENTO;1
12823;348;5022;MAQUINARIA - GASTOS DE MANTENIMIENTO;MAQUINARIA - GASTOS DE MANTENIMIENTO;1
12824;348;5023;INMUEBLES - GASTOS DE MANTENIMIENTO;INMUEBLES - GASTOS DE MANTENIMIENTO;1
12825;348;5024;COMPRA DE BIENES USADOS A CF;COMPRA DE BIENES USADOS A CF;1
12826;348;1059;INSTALACIONES - BIENES DE USO;INSTALACIONES - BIENES DE USO;1
12827;348;5025;INSTALACIONES - GASTOS DE MANTENIMIENTO;INSTALACIONES - GASTOS DE MANTENIMIENTO;1
12828;348;9999;OTROS;OTROS;1
12829;348;5014;comisiones mercado libre;COMISIONES MERCADO LIBRE;1
12830;348;5004;SERVICIOS Y TASAS;SERVICIOS Y TASAS;1
12831;249;5010;GASTOS GENERALES;GASTOS GENERALES;1
12832;249;5002;COMBUSTIBLES Y LUBRICANTES;COMBUSTIBLES Y LUBRICANTES;1
12833;333;4000;VENTAS;VENTAS;1
12834;333;5000;COMPRAS;COMPRAS;1
12835;333;5001;COMISION TARJETAS DE CREDITO;COMISION TARJETAS DE CREDITO;1
12836;333;5002;COMBUSTIBLES Y LUBRICANTES;COMBUSTIBLES Y LUBRICANTES;1
12837;333;5003;FLETES Y CORREO;FLETES Y CORREO;1
12838;333;5005;LIBRERIA Y PAPELERIA;LIBRERIA Y PAPELERIA;1
12839;333;5006;HONORARIOS PROFESIONALES;HONORARIOS PROFESIONALES;1
12840;333;5007;ALQUILERES PAGADOS;ALQUILERES PAGADOS;1
12841;333;5008;SEGUROS PAGADOS;SEGUROS PAGADOS;1
12842;333;5010;GASTOS GENERALES;GASTOS GENERALES;1
12843;333;5011;SERVICISO INFORMATICOS;SERVICIOS INFORMATICOS;1
12844;333;5012;CANON;CANON;1
12845;333;5013;SERVICIOS JURIDICOS;SERVICIOS JURIDICOS;1
12846;333;5030;BANCO NACION - INTERES POR DESCUBIERTO;BANCO NACION - INTERES POR DESCUBIERTO;1
12847;333;5009;INTERESES BANCARIOS;INTERESES BANCARIOS;1
12848;333;5031;BANCO NACION - GASTOS DE MANTENIMIENTO DE CUENTA;BANCO NACION - GASTOS DE MANTENIMIENTO DE CUENTA;1
12849;333;5032;BANCO NACION - INTERESES POR PRESTAMOS;BANCO NACION - INTERESES POR PRESTAMOS;1
12850;333;5033;BANCO SANTANDER - INTERES POR DESCUBIERTO;BANCO SANTANDER - INTERES POR DESCUBIERTO;1
12851;333;5036;BANCO GALICIA - INTERES POR DESCUBIERTO;BANCO GALICIA - INTERES POR DESCUBIERTO;1
12852;333;5039;BBVA FRANCES - INTERES POR DESCUBIERTO;BBVA FRANCES - INTERES POR DESCUBIERTO;1
12853;333;5042;BANCO CREDICOOP - INTERES POR DESCUBIERTO;BANCO CREDICOOP - INTERES POR DESCUBIERTO;1
12854;333;5045;BANCO HSBC - INTERES POR DESCUBIERTO;BANCO HSBC - INTERES POR DESCUBIERTO;1
12855;333;5048;BANCO PATAGONIA - INTERES POR DESCUBIERTO;BANCO PATAGONIA - INTERES POR DESCUBIERTO;1
12856;333;5034;BANCO SANTANDER - GASTOS DE MANTENIMIENTO DE CUENTA;BANCO SANTANDER - GASTOS DE MANTENIMIENTO DE CUENTA;1
12857;333;5037;BANCO GALICIA - GASTOS DE MANTENIMIENTO DE CUENTA;BANCO GALICIA - GASTOS DE MANTENIMIENTO DE CUENTA;1
12858;333;5043;BANCO CREDICOOP - GASTOS DE MANTENIMIENTO DE CUENTA;BANCO CREDICOOP - GASTOS DE MANTENIMIENTO DE CUENTA;1
12859;333;5046;BANCO HSBC - GASTOS DE MANTENIMIENTO DE CUENTA;BANCO HSBC - GASTOS DE MANTENIMIENTO DE CUENTA;1
12860;333;5049;BANCO PATAGONIA - GASTOS DE MANTENIMIENTO DE CUENTA;BANCO PATAGONIA - GASTOS DE MANTENIMIENTO DE CUENTA;1
12861;333;5035;BANCO SANTANDER - INTERESES POR PRESTAMOS;BANCO SANTANDER - INTERESES POR PRESTAMOS;1
12862;333;5038;BANCO GALICIA - INTERESES POR PRESTAMOS;BANCO GALICIA - INTERESES POR PRESTAMOS;1
12863;333;5041;BBVA FRANCES - INTERESES POR PRESTAMOS;BBVA FRANCES - INTERESES POR PRESTAMOS;1
12864;333;5044;BANCO CREDICOOP- INTERESES POR PRESTAMOS;BANCO CREDICOOP- INTERESES POR PRESTAMOS;1
12865;333;5047;BANCO HSBC - INTERESES POR PRESTAMOS;BANCO HSBC - INTERESES POR PRESTAMOS;1
12866;333;5050;BANCO PATAGONIA- INTERESES POR PRESTAMOS;BANCO PATAGONIA- INTERESES POR PRESTAMOS;1
12867;333;1050;RODADOS - BIENES DE USO;RODADOS - BIENES DE USO;1
12868;333;1051;MUEBLES Y UTILES - BIENES DE USO;MUEBLES Y UTILES - BIENES DE USO;1
12869;333;1052;MAQUINARIA - BIENES DE USO;MAQUINARIA - BIENES DE USO;1
12870;333;1053;INMUEBLES - BIENES DE USO;INMUEBLES - BIENES DE USO;1
12871;333;5020;RODADOS - GASTOS DE MANTENIMIENTO;RODADOS - GASTOS DE MANTENIMIENTO;1
12872;333;5021;MUEBLES Y UTILES - GASTOS DE MANTENIMIENTO;MUEBLES Y UTILES - GASTOS DE MANTENIMIENTO;1
12873;333;5022;MAQUINARIA - GASTOS DE MANTENIMIENTO;MAQUINARIA - GASTOS DE MANTENIMIENTO;1
12874;333;5023;INMUEBLES - GASTOS DE MANTENIMIENTO;INMUEBLES - GASTOS DE MANTENIMIENTO;1
12875;333;5024;COMPRA DE BIENES USADOS A CF;COMPRA DE BIENES USADOS A CF;1
12876;333;1059;INSTALACIONES - BIENES DE USO;INSTALACIONES - BIENES DE USO;1
12877;333;5025;INSTALACIONES - GASTOS DE MANTENIMIENTO;INSTALACIONES - GASTOS DE MANTENIMIENTO;1
12878;333;9999;OTROS;OTROS;1
12879;333;5014;comisiones mercado libre;COMISIONES MERCADO LIBRE;1
12880;333;5004;SERVICIOS Y TASAS;SERVICIOS Y TASAS;1
12881;106;5052;BANCO MACRO - INTERESES PRESTAMOS;BANCO MACRO - INTERESES PRESTAMOS;1
12882;254;5051;BANCO MACRO - GASTOS DE MANTENIMIENTO;BANCO MACRO - GASTOS DE MANTENIMIENTO;1
12883;254;5052;BANCO MACRO - INTERESES POR PRÉSTAMOS;BANCO MACRO - INTERESES POR PRESTAMOS;1
12884;254;5053;BANCO MACRO - INTERES POR DESCUBIERTO;BANCO MACRO - INTERES POR DESCUBIERTO;1
12885;118;5055;BANCO MACRO - MANTENIMIENTO DE CUENTA;BANCO MACRO - MANTENIMIENTO DE CUENTA;1
12886;6;5058;INTERESES POR DESCUENTO DE CHEQUES;INTERESES POR DESCUENTO DE CHEQUES;1
12887;94;5052;BANCO MACRO - GASTO DE MANTENIMIENTO DE CUENTA;BANCO MACRO - GASTO DE MANTENIMIENTO DE CUENTA;1
12888;32;5057;BANCO MACRO GASTOS DE MANTENIMIENTO;BANCO MACRO GASTOS DE MANTENIMIENTO;1
12889;340;5000;COMPRAS;COMPRAS;1
12890;28;5059;Banco BBVA ARGENTINA Gastos de mantenimiento de cuenta;BANCO BBVA ARGENTINA GASTOS DE MANTENIMIENTO DE CUENTA;1
12891;332;4000;VENTAS;VENTAS;1
12892;332;5000;COMPRAS;COMPRAS;1
12893;332;5001;COMISION TARJETAS DE CREDITO;COMISION TARJETAS DE CREDITO;1
12894;332;5002;COMBUSTIBLES Y LUBRICANTES;COMBUSTIBLES Y LUBRICANTES;1
12895;332;5003;FLETES Y CORREO;FLETES Y CORREO;1
12896;332;5005;LIBRERIA Y PAPELERIA;LIBRERIA Y PAPELERIA;1
12897;332;5006;HONORARIOS PROFESIONALES;HONORARIOS PROFESIONALES;1
12898;332;5007;ALQUILERES PAGADOS;ALQUILERES PAGADOS;1
12899;332;5008;SEGUROS PAGADOS;SEGUROS PAGADOS;1
12900;332;5010;GASTOS GENERALES;GASTOS GENERALES;1
12901;332;5011;SERVICISO INFORMATICOS;SERVICIOS INFORMATICOS;1
12902;332;5012;CANON;CANON;1
12903;332;5013;SERVICIOS JURIDICOS;SERVICIOS JURIDICOS;1
12904;332;5030;BANCO NACION - INTERES POR DESCUBIERTO;BANCO NACION - INTERES POR DESCUBIERTO;1
12905;332;5009;INTERESES BANCARIOS;INTERESES BANCARIOS;1
12906;332;5031;BANCO NACION - GASTOS DE MANTENIMIENTO DE CUENTA;BANCO NACION - GASTOS DE MANTENIMIENTO DE CUENTA;1
12907;332;5032;BANCO NACION - INTERESES POR PRESTAMOS;BANCO NACION - INTERESES POR PRESTAMOS;1
12908;332;5033;BANCO SANTANDER - INTERES POR DESCUBIERTO;BANCO SANTANDER - INTERES POR DESCUBIERTO;1
12909;332;5036;BANCO GALICIA - INTERES POR DESCUBIERTO;BANCO GALICIA - INTERES POR DESCUBIERTO;1
12910;332;5039;BBVA FRANCES - INTERES POR DESCUBIERTO;BBVA FRANCES - INTERES POR DESCUBIERTO;1
12911;332;5042;BANCO CREDICOOP - INTERES POR DESCUBIERTO;BANCO CREDICOOP - INTERES POR DESCUBIERTO;1
12912;332;5045;BANCO HSBC - INTERES POR DESCUBIERTO;BANCO HSBC - INTERES POR DESCUBIERTO;1
12913;332;5048;BANCO PATAGONIA - INTERES POR DESCUBIERTO;BANCO PATAGONIA - INTERES POR DESCUBIERTO;1
12914;332;5034;BANCO SANTANDER - GASTOS DE MANTENIMIENTO DE CUENTA;BANCO SANTANDER - GASTOS DE MANTENIMIENTO DE CUENTA;1
12915;332;5037;BANCO GALICIA - GASTOS DE MANTENIMIENTO DE CUENTA;BANCO GALICIA - GASTOS DE MANTENIMIENTO DE CUENTA;1
12916;332;5043;BANCO CREDICOOP - GASTOS DE MANTENIMIENTO DE CUENTA;BANCO CREDICOOP - GASTOS DE MANTENIMIENTO DE CUENTA;1
12917;332;5046;BANCO HSBC - GASTOS DE MANTENIMIENTO DE CUENTA;BANCO HSBC - GASTOS DE MANTENIMIENTO DE CUENTA;1
12918;332;5049;BANCO PATAGONIA - GASTOS DE MANTENIMIENTO DE CUENTA;BANCO PATAGONIA - GASTOS DE MANTENIMIENTO DE CUENTA;1
12919;332;5035;BANCO SANTANDER - INTERESES POR PRESTAMOS;BANCO SANTANDER - INTERESES POR PRESTAMOS;1
12920;332;5038;BANCO GALICIA - INTERESES POR PRESTAMOS;BANCO GALICIA - INTERESES POR PRESTAMOS;1
12921;332;5041;BBVA FRANCES - INTERESES POR PRESTAMOS;BBVA FRANCES - INTERESES POR PRESTAMOS;1
12922;332;5044;BANCO CREDICOOP- INTERESES POR PRESTAMOS;BANCO CREDICOOP- INTERESES POR PRESTAMOS;1
12923;332;5047;BANCO HSBC - INTERESES POR PRESTAMOS;BANCO HSBC - INTERESES POR PRESTAMOS;1
12924;332;5050;BANCO PATAGONIA- INTERESES POR PRESTAMOS;BANCO PATAGONIA- INTERESES POR PRESTAMOS;1
12925;332;1050;RODADOS - BIENES DE USO;RODADOS - BIENES DE USO;1
12926;332;1051;MUEBLES Y UTILES - BIENES DE USO;MUEBLES Y UTILES - BIENES DE USO;1
12927;332;1052;MAQUINARIA - BIENES DE USO;MAQUINARIA - BIENES DE USO;1
12928;332;1053;INMUEBLES - BIENES DE USO;INMUEBLES - BIENES DE USO;1
12929;332;5020;RODADOS - GASTOS DE MANTENIMIENTO;RODADOS - GASTOS DE MANTENIMIENTO;1
12930;332;5021;MUEBLES Y UTILES - GASTOS DE MANTENIMIENTO;MUEBLES Y UTILES - GASTOS DE MANTENIMIENTO;1
12931;332;5022;MAQUINARIA - GASTOS DE MANTENIMIENTO;MAQUINARIA - GASTOS DE MANTENIMIENTO;1
12932;332;5023;INMUEBLES - GASTOS DE MANTENIMIENTO;INMUEBLES - GASTOS DE MANTENIMIENTO;1
12933;332;5024;COMPRA DE BIENES USADOS A CF;COMPRA DE BIENES USADOS A CF;1
12934;332;1059;INSTALACIONES - BIENES DE USO;INSTALACIONES - BIENES DE USO;1
12935;332;5025;INSTALACIONES - GASTOS DE MANTENIMIENTO;INSTALACIONES - GASTOS DE MANTENIMIENTO;1
12936;332;9999;OTROS;OTROS;1
12937;332;5014;comisiones mercado libre;COMISIONES MERCADO LIBRE;1
12938;332;5004;SERVICIOS Y TASAS;SERVICIOS Y TASAS;1
12939;232;5053;BANCO MACRO - MANTENIMIENTO DE CUENTA;BANCO MACRO - MANTENIMIENTO DE CUENTA;1
12940;275;5006;HONORARIOS PROFESIONALES;HONORARIOS PROFESIONALES;1
12941;275;5010;GASTOS GENERALES;GASTOS GENERALES;1
12942;275;5051;BANCO NACIÓN - GASTOS DE MANTENIMIENTO;BANCO NACION - GASTOS DE MANTENIMIENTO DE CUENTA;1
12943;275;5052;BANCO NACIÓN - INTERES POR DESCUBIERTO;BANCO NACION - INTERES POR DESCUBIERTO;1
12944;106;5053;BANCO MACRO - MANTENIMIENTO CUENTAS;BANCO MACRO - MANTENIMIENTO CUENTAS;1
12945;106;5054;BANCO MACRO - INTERESES DESCUBIERTO;BANCO MACRO - INTERESES DESCUBIERTO;1
12946;229;5031;BANCO NACION - GASTO DE MANTENIMIENTO DE CUENTA;BANCO NACION - GASTOS DE MANTENIMIENTO DE CUENTA;1
12947;229;5036;BANCO GALICIA - INTERESES POR DESCUBIERTO;BANCO GALICIA - INTERES POR DESCUBIERTO;1
12948;229;5037;BANCO GALICIA - GASTO DE MANTENIMIENTO;BANCO GALICIA - GASTOS DE MANTENIMIENTO DE CUENTA;1
12949;330;5053;BANCO MACRO - GASTOS DE MANTENIMIENTO;BANCO MACRO - GASTOS DE MANTENIMIENTO;1
12950;330;5054;BANCO MACRO - INTERESES POR DESCUBIERTO;BANCO MACRO - INTERESES POR DESCUBIERTO;1
12951;330;5055;BANCO MACRO - INTERESES POR PRÉSTAMOS;BANCO MACRO - INTERESES POR PRESTAMOS;1
12952;352;4000;VENTAS;VENTAS;1
12953;352;5000;COMPRAS;COMPRAS;1
12954;352;5001;COMISION TARJETAS DE CREDITO;COMISION TARJETAS DE CREDITO;1
12955;352;5002;COMBUSTIBLES Y LUBRICANTES;COMBUSTIBLES Y LUBRICANTES;1
12956;352;5003;FLETES Y CORREO;FLETES Y CORREO;1
12957;352;5005;LIBRERIA Y PAPELERIA;LIBRERIA Y PAPELERIA;1
12958;352;5006;HONORARIOS PROFESIONALES;HONORARIOS PROFESIONALES;1
12959;352;5007;ALQUILERES PAGADOS;ALQUILERES PAGADOS;1
12960;352;5008;SEGUROS PAGADOS;SEGUROS PAGADOS;1
12961;352;5010;GASTOS GENERALES;GASTOS GENERALES;1
12962;352;5011;SERVICISO INFORMATICOS;SERVICIOS INFORMATICOS;1
12963;352;5012;CANON;CANON;1
12964;352;5013;SERVICIOS JURIDICOS;SERVICIOS JURIDICOS;1
12965;352;5030;BANCO NACION - INTERES POR DESCUBIERTO;BANCO NACION - INTERES POR DESCUBIERTO;1
12966;352;5009;INTERESES BANCARIOS;INTERESES BANCARIOS;1
12967;352;5031;BANCO NACION - GASTOS DE MANTENIMIENTO DE CUENTA;BANCO NACION - GASTOS DE MANTENIMIENTO DE CUENTA;1
12968;352;5032;BANCO NACION - INTERESES POR PRESTAMOS;BANCO NACION - INTERESES POR PRESTAMOS;1
12969;352;5033;BANCO SANTANDER - INTERES POR DESCUBIERTO;BANCO SANTANDER - INTERES POR DESCUBIERTO;1
12970;352;5036;BANCO GALICIA - INTERES POR DESCUBIERTO;BANCO GALICIA - INTERES POR DESCUBIERTO;1
12971;352;5039;BBVA FRANCES - INTERES POR DESCUBIERTO;BBVA FRANCES - INTERES POR DESCUBIERTO;1
12972;352;5042;BANCO CREDICOOP - INTERES POR DESCUBIERTO;BANCO CREDICOOP - INTERES POR DESCUBIERTO;1
12973;352;5045;BANCO HSBC - INTERES POR DESCUBIERTO;BANCO HSBC - INTERES POR DESCUBIERTO;1
12974;352;5048;BANCO PATAGONIA - INTERES POR DESCUBIERTO;BANCO PATAGONIA - INTERES POR DESCUBIERTO;1
12975;352;5034;BANCO SANTANDER - GASTOS DE MANTENIMIENTO DE CUENTA;BANCO SANTANDER - GASTOS DE MANTENIMIENTO DE CUENTA;1
12976;352;5037;BANCO GALICIA - GASTOS DE MANTENIMIENTO DE CUENTA;BANCO GALICIA - GASTOS DE MANTENIMIENTO DE CUENTA;1
12977;352;5043;BANCO CREDICOOP - GASTOS DE MANTENIMIENTO DE CUENTA;BANCO CREDICOOP - GASTOS DE MANTENIMIENTO DE CUENTA;1
12978;352;5046;BANCO HSBC - GASTOS DE MANTENIMIENTO DE CUENTA;BANCO HSBC - GASTOS DE MANTENIMIENTO DE CUENTA;1
12979;352;5049;BANCO PATAGONIA - GASTOS DE MANTENIMIENTO DE CUENTA;BANCO PATAGONIA - GASTOS DE MANTENIMIENTO DE CUENTA;1
12980;352;5035;BANCO SANTANDER - INTERESES POR PRESTAMOS;BANCO SANTANDER - INTERESES POR PRESTAMOS;1
12981;352;5038;BANCO GALICIA - INTERESES POR PRESTAMOS;BANCO GALICIA - INTERESES POR PRESTAMOS;1
12982;352;5041;BBVA FRANCES - INTERESES POR PRESTAMOS;BBVA FRANCES - INTERESES POR PRESTAMOS;1
12983;352;5044;BANCO CREDICOOP- INTERESES POR PRESTAMOS;BANCO CREDICOOP- INTERESES POR PRESTAMOS;1
12984;352;5047;BANCO HSBC - INTERESES POR PRESTAMOS;BANCO HSBC - INTERESES POR PRESTAMOS;1
12985;352;5050;BANCO PATAGONIA- INTERESES POR PRESTAMOS;BANCO PATAGONIA- INTERESES POR PRESTAMOS;1
12986;352;1050;RODADOS - BIENES DE USO;RODADOS - BIENES DE USO;1
12987;352;1051;MUEBLES Y UTILES - BIENES DE USO;MUEBLES Y UTILES - BIENES DE USO;1
12988;352;1052;MAQUINARIA - BIENES DE USO;MAQUINARIA - BIENES DE USO;1
12989;352;1053;INMUEBLES - BIENES DE USO;INMUEBLES - BIENES DE USO;1
12990;352;5020;RODADOS - GASTOS DE MANTENIMIENTO;RODADOS - GASTOS DE MANTENIMIENTO;1
12991;352;5021;MUEBLES Y UTILES - GASTOS DE MANTENIMIENTO;MUEBLES Y UTILES - GASTOS DE MANTENIMIENTO;1
12992;352;5022;MAQUINARIA - GASTOS DE MANTENIMIENTO;MAQUINARIA - GASTOS DE MANTENIMIENTO;1
12993;352;5023;INMUEBLES - GASTOS DE MANTENIMIENTO;INMUEBLES - GASTOS DE MANTENIMIENTO;1
12994;352;5024;COMPRA DE BIENES USADOS A CF;COMPRA DE BIENES USADOS A CF;1
12995;352;1059;INSTALACIONES - BIENES DE USO;INSTALACIONES - BIENES DE USO;1
12996;352;5025;INSTALACIONES - GASTOS DE MANTENIMIENTO;INSTALACIONES - GASTOS DE MANTENIMIENTO;1
12997;352;9999;OTROS;OTROS;1
12998;352;5014;comisiones mercado libre;COMISIONES MERCADO LIBRE;1
12999;352;5004;SERVICIOS Y TASAS;SERVICIOS Y TASAS;1
13000;34;5056;BANCO HIPOTECARIO -GASTOS DE MANTENIMINETO DE CUENTA;BANCO HIPOTECARIO -GASTOS DE MANTENIMINETO DE CUENTA;1
